0,http://dbpedia.org/property/alias,http://dbpedia.org/ontology/alias,0,0,0,1,
0,http://dbpedia.org/property/otherNames,http://dbpedia.org/ontology/alias,0,0,0,1,
0,http://dbpedia.org/property/othername,http://dbpedia.org/ontology/alias,0,0,0,1,
1,http://dbpedia.org/property/almaMater,http://dbpedia.org/ontology/almaMater,0,0,0,1,
2,http://dbpedia.org/property/awards,http://dbpedia.org/ontology/award,0,0,0,1,
3,http://dbpedia.org/property/birthDate,http://dbpedia.org/ontology/birthDate,0,0,0,1,
3,http://dbpedia.org/property/birthdate,http://dbpedia.org/ontology/birthDate,0,0,0,1,
3,http://dbpedia.org/property/dateOfBirth,http://dbpedia.org/ontology/birthDate,0,0,0,1,
3,http://dbpedia.org/property/dateofbirth,http://dbpedia.org/ontology/birthDate,0,0,0,1,
4,http://dbpedia.org/property/birthName,http://dbpedia.org/ontology/birthName,0,0,0,1,
4,http://dbpedia.org/property/birthname,http://dbpedia.org/ontology/birthName,0,0,0,1,
5,http://dbpedia.org/property/birthPlace,http://dbpedia.org/ontology/birthPlace,0,0,0,1,
5,http://dbpedia.org/property/birthplace,http://dbpedia.org/ontology/birthPlace,0,0,0,1,
5,http://dbpedia.org/property/location,http://dbpedia.org/ontology/birthPlace,0,0,0,1,
5,http://dbpedia.org/property/placeOfBirth,http://dbpedia.org/ontology/birthPlace,0,0,0,1,
5,http://dbpedia.org/property/placeofbirth,http://dbpedia.org/ontology/birthPlace,0,0,0,1,
6,http://dbpedia.org/property/children,http://dbpedia.org/ontology/child,0,0,0,1,
7,http://dbpedia.org/property/citizenship,http://dbpedia.org/ontology/citizenship,0,0,0,1,
8,http://dbpedia.org/property/dateOfDeath,http://dbpedia.org/ontology/deathDate,0,0,0,1,
8,http://dbpedia.org/property/dateofdeath,http://dbpedia.org/ontology/deathDate,0,0,0,1,
8,http://dbpedia.org/property/deathDate,http://dbpedia.org/ontology/deathDate,0,0,0,1,
8,http://dbpedia.org/property/deathdate,http://dbpedia.org/ontology/deathDate,0,0,0,1,
9,http://dbpedia.org/property/deathCause,http://dbpedia.org/ontology/deathCause,0,0,0,1,
10,http://dbpedia.org/property/deathPlace,http://dbpedia.org/ontology/deathPlace,0,0,0,1,
10,http://dbpedia.org/property/deathplace,http://dbpedia.org/ontology/deathPlace,0,0,0,1,
10,http://dbpedia.org/property/placeOfDeath,http://dbpedia.org/ontology/deathPlace,0,0,0,1,
10,http://dbpedia.org/property/placeofdeath,http://dbpedia.org/ontology/deathPlace,0,0,0,1,
11,http://dbpedia.org/property/domesticpartner,http://dbpedia.org/ontology/partner,0,0,0,1,
11,http://dbpedia.org/property/partner,http://dbpedia.org/ontology/partner,0,0,0,1,
12,http://dbpedia.org/property/education,http://dbpedia.org/ontology/education,0,0,0,1,
13,http://dbpedia.org/property/ethnicity,http://dbpedia.org/ontology/ethnicity,0,0,0,1,
14,http://dbpedia.org/property/homeTown,http://dbpedia.org/ontology/hometown,0,0,0,1,
15,http://dbpedia.org/property/homepage,http://xmlns.com/foaf/0.1/homepage,0,0,0,1,
15,http://dbpedia.org/property/website,http://xmlns.com/foaf/0.1/homepage,0,0,0,1,
16,http://dbpedia.org/property/influenced,http://dbpedia.org/ontology/influenced,0,0,0,1,
16,http://dbpedia.org/property/influences,http://dbpedia.org/ontology/influenced,0,0,0,1,
17,http://dbpedia.org/property/known,http://dbpedia.org/ontology/knownFor,0,0,0,1,
17,http://dbpedia.org/property/knownFor,http://dbpedia.org/ontology/knownFor,0,0,0,1,
18,http://dbpedia.org/property/movement,http://dbpedia.org/ontology/movement,0,0,0,1,
19,http://dbpedia.org/property/name,http://xmlns.com/foaf/0.1/name,0,0,0,1,
20,http://dbpedia.org/property/nationality,http://dbpedia.org/ontology/nationality,0,0,0,1,
21,http://dbpedia.org/property/occupation,http://dbpedia.org/ontology/occupation,0,0,0,1,
22,http://dbpedia.org/property/organization,http://dbpedia.org/ontology/owningOrganisation,0,0,0,1,
22,http://dbpedia.org/property/organizations,http://dbpedia.org/ontology/owningOrganisation,0,0,0,1,
23,http://dbpedia.org/property/parents,http://dbpedia.org/ontology/parent,0,0,0,1,
24,http://dbpedia.org/property/party,http://dbpedia.org/ontology/party,0,0,0,1,
25,http://dbpedia.org/property/relatives,http://dbpedia.org/ontology/relative,0,0,0,1,
26,http://dbpedia.org/property/religion,http://dbpedia.org/ontology/religion,0,0,0,1,
27,http://dbpedia.org/property/residence,http://dbpedia.org/ontology/residence,0,0,0,1,
28,http://dbpedia.org/property/restingPlace,http://dbpedia.org/ontology/restingPlace,0,0,0,1,
28,http://dbpedia.org/property/restingplace,http://dbpedia.org/ontology/restingPlace,0,0,0,1,
29,http://dbpedia.org/property/salary,http://dbpedia.org/ontology/salary,0,0,0,1,
30,http://dbpedia.org/property/spouse,http://dbpedia.org/ontology/spouse,0,0,0,1,
