0,http://dbpedia.org/property/city-served,http://dbpedia.org/ontology/city,0,0,0,1,
1,http://dbpedia.org/property/commander,http://dbpedia.org/ontology/commander,0,0,0,1,
2,http://dbpedia.org/property/elevation-f,http://dbpedia.org/ontology/elevation,0,0,0,1,0.5,
2,http://dbpedia.org/property/elevation-m,http://dbpedia.org/ontology/elevation,0,0,0,1,0.5,
3,http://dbpedia.org/property/faa,http://dbpedia.org/ontology/faaLocationIdentifier,0,0,0,1,
4,http://dbpedia.org/property/iata,http://dbpedia.org/ontology/iataLocationIdentifier,0,0,0,1,
5,http://dbpedia.org/property/icao,http://dbpedia.org/ontology/icaoLocationIdentifier,0,0,0,1,
6,http://dbpedia.org/property/lid,http://dbpedia.org/ontology/locationIdentifier,0,0,0,1,
7,http://dbpedia.org/property/location,http://dbpedia.org/ontology/location,0,0,0,1,
8,http://dbpedia.org/property/name,http://xmlns.com/foaf/0.1/name,0,0,0,1,
8,http://dbpedia.org/property/nativename,http://xmlns.com/foaf/0.1/name,0,0,0,1,
8,http://dbpedia.org/property/nativename-a,http://xmlns.com/foaf/0.1/name,0,0,0,1,
8,http://dbpedia.org/property/nativename-r,http://xmlns.com/foaf/0.1/name,0,0,0,1,
9,http://dbpedia.org/property/operator,http://dbpedia.org/ontology/operator,0,0,0,1,
9,http://dbpedia.org/property/owner-oper,http://dbpedia.org/ontology/operator,0,0,0,1,
10,http://dbpedia.org/property/owner,http://dbpedia.org/ontology/owner,0,0,0,1,
11,http://dbpedia.org/property/r1-length-f,http://dbpedia.org/ontology/runwayLength,0,0,0,1,0.5,
11,http://dbpedia.org/property/r1-length-m,http://dbpedia.org/ontology/runwayLength,0,0,0,1,0.5,
11,http://dbpedia.org/property/r2-length-f,http://dbpedia.org/ontology/runwayLength,0,0,0,1,0.5,
11,http://dbpedia.org/property/r2-length-m,http://dbpedia.org/ontology/runwayLength,0,0,0,1,0.5,
11,http://dbpedia.org/property/r3-length-f,http://dbpedia.org/ontology/runwayLength,0,0,0,1,0.5,
11,http://dbpedia.org/property/r3-length-m,http://dbpedia.org/ontology/runwayLength,0,0,0,1,0.5,
11,http://dbpedia.org/property/r4-length-f,http://dbpedia.org/ontology/runwayLength,0,0,0,1,0.5,
11,http://dbpedia.org/property/r4-length-m,http://dbpedia.org/ontology/runwayLength,0,0,0,1,0.5,
11,http://dbpedia.org/property/r5-length-f,http://dbpedia.org/ontology/runwayLength,0,0,0,1,0.5,
11,http://dbpedia.org/property/r5-length-m,http://dbpedia.org/ontology/runwayLength,0,0,0,1,0.5,
11,http://dbpedia.org/property/r6-length-f,http://dbpedia.org/ontology/runwayLength,0,0,0,1,0.5,
11,http://dbpedia.org/property/r6-length-m,http://dbpedia.org/ontology/runwayLength,0,0,0,1,0.5,
11,http://dbpedia.org/property/r7-length-f,http://dbpedia.org/ontology/runwayLength,0,0,0,1,0.5,
11,http://dbpedia.org/property/r7-length-m,http://dbpedia.org/ontology/runwayLength,0,0,0,1,0.5,
11,http://dbpedia.org/property/r8-length-f,http://dbpedia.org/ontology/runwayLength,0,0,0,1,0.5,
11,http://dbpedia.org/property/r8-length-m,http://dbpedia.org/ontology/runwayLength,0,0,0,1,0.5,
12,http://dbpedia.org/property/r1-number,http://dbpedia.org/ontology/runwayDesignation,0,0,0,1,
12,http://dbpedia.org/property/r2-number,http://dbpedia.org/ontology/runwayDesignation,0,0,0,1,
12,http://dbpedia.org/property/r3-number,http://dbpedia.org/ontology/runwayDesignation,0,0,0,1,
12,http://dbpedia.org/property/r4-number,http://dbpedia.org/ontology/runwayDesignation,0,0,0,1,
12,http://dbpedia.org/property/r5-number,http://dbpedia.org/ontology/runwayDesignation,0,0,0,1,
12,http://dbpedia.org/property/r6-number,http://dbpedia.org/ontology/runwayDesignation,0,0,0,1,
12,http://dbpedia.org/property/r7-number,http://dbpedia.org/ontology/runwayDesignation,0,0,0,1,
12,http://dbpedia.org/property/r8-number,http://dbpedia.org/ontology/runwayDesignation,0,0,0,1,
13,http://dbpedia.org/property/r1-surface,http://dbpedia.org/ontology/runwaySurface,0,0,0,1,
13,http://dbpedia.org/property/r2-surface,http://dbpedia.org/ontology/runwaySurface,0,0,0,1,
13,http://dbpedia.org/property/r3-surface,http://dbpedia.org/ontology/runwaySurface,0,0,0,1,
13,http://dbpedia.org/property/r4-surface,http://dbpedia.org/ontology/runwaySurface,0,0,0,1,
13,http://dbpedia.org/property/r5-surface,http://dbpedia.org/ontology/runwaySurface,0,0,0,1,
13,http://dbpedia.org/property/r6-surface,http://dbpedia.org/ontology/runwaySurface,0,0,0,1,
13,http://dbpedia.org/property/r7-surface,http://dbpedia.org/ontology/runwaySurface,0,0,0,1,
13,http://dbpedia.org/property/r8-surface,http://dbpedia.org/ontology/runwaySurface,0,0,0,1,
14,http://dbpedia.org/property/type,http://dbpedia.org/ontology/type,0,0,0,1,
15,http://dbpedia.org/property/website,http://xmlns.com/foaf/0.1/homepage,0,0,0,1,
