0,http://dbpedia.org/property/almaMatter,http://dbpedia.org/ontology/almaMater,0,0,0,1,
1,http://dbpedia.org/property/awards,http://dbpedia.org/ontology/award,0,0,0,1,
2,http://dbpedia.org/property/birthDate,http://dbpedia.org/ontology/birthDate,0,0,0,1,
3,http://dbpedia.org/property/birthPlace,http://dbpedia.org/ontology/birthPlace,0,0,0,1,
4,http://dbpedia.org/property/deathDate,http://dbpedia.org/ontology/deathDate,0,0,0,1,
5,http://dbpedia.org/property/deathPlace,http://dbpedia.org/ontology/deathPlace,0,0,0,1,
6,http://dbpedia.org/property/name,http://xmlns.com/foaf/0.1/name,0,0,0,1,
7,http://dbpedia.org/property/nationality,http://dbpedia.org/ontology/nationality,0,0,0,1,
8,http://dbpedia.org/property/significantBuildings,http://dbpedia.org/ontology/significantBuilding,0,0,0,1,
9,http://dbpedia.org/property/significantDesign,http://dbpedia.org/ontology/significantDesign,0,0,0,1,
10,http://dbpedia.org/property/significantProjects,http://dbpedia.org/ontology/significantProject,0,0,0,1,
