0,http://dbpedia.org/property/currentOccupation,http://dbpedia.org/ontology/occupation,0,0,0,1,
0,http://dbpedia.org/property/occupation,http://dbpedia.org/ontology/occupation,0,0,0,1,
0,http://dbpedia.org/property/previousOccupation,http://dbpedia.org/ontology/occupation,0,0,0,1,
1,http://dbpedia.org/property/dateBirth,http://dbpedia.org/ontology/birthDate,0,0,0,1,
2,http://dbpedia.org/property/dateDeath,http://dbpedia.org/ontology/deathDate,0,0,0,1,
3,http://dbpedia.org/property/dateofret,http://dbpedia.org/ontology/retired,0,0,0,1,
4,http://dbpedia.org/property/mission,http://dbpedia.org/ontology/mission,0,0,0,1,
5,http://dbpedia.org/property/name,http://xmlns.com/foaf/0.1/name,0,0,0,1,
6,http://dbpedia.org/property/nationality,http://dbpedia.org/ontology/nationality,0,0,0,1,
7,http://dbpedia.org/property/placeBirth,http://dbpedia.org/ontology/birthPlace,0,0,0,1,
8,http://dbpedia.org/property/placeDeath,http://dbpedia.org/ontology/deathPlace,0,0,0,1,
9,http://dbpedia.org/property/selection,http://dbpedia.org/ontology/selection,0,0,0,1,
10,http://dbpedia.org/property/status,http://dbpedia.org/ontology/status,0,0,0,1,
11,http://dbpedia.org/property/time,http://dbpedia.org/ontology/timeInSpace,0,0,0,1,
12,http://dbpedia.org/property/type,http://dbpedia.org/ontology/type,0,0,0,1,
