0,http://dbpedia.org/property/aka,http://xmlns.com/foaf/0.1/name,0,0,0,1,
0,http://dbpedia.org/property/name,http://xmlns.com/foaf/0.1/name,0,0,0,1,
1,http://dbpedia.org/property/block,http://dbpedia.org/ontology/blockAlloy,0,0,0,1,
2,http://dbpedia.org/property/bore,http://dbpedia.org/ontology/cylinderBore,0,0,0,1,
3,http://dbpedia.org/property/compression,http://dbpedia.org/ontology/compressionRatio,0,0,0,1,
4,http://dbpedia.org/property/configuration,http://dbpedia.org/ontology/configuration,0,0,0,1,
5,http://dbpedia.org/property/coolingsystem,http://dbpedia.org/ontology/coolingSystem,0,0,0,1,
6,http://dbpedia.org/property/diameter,http://dbpedia.org/ontology/diameter,0,0,0,1,
7,http://dbpedia.org/property/displacement,http://dbpedia.org/ontology/displacement,0,0,0,1,
8,http://dbpedia.org/property/fuelcon,http://dbpedia.org/ontology/fuelConsumption,0,0,0,1,
9,http://dbpedia.org/property/fuelsystem,http://dbpedia.org/ontology/fuelSystem,0,0,0,1,
10,http://dbpedia.org/property/fueltype,http://dbpedia.org/ontology/fuelType,0,0,0,1,
11,http://dbpedia.org/property/head,http://dbpedia.org/ontology/headAlloy,0,0,0,1,
12,http://dbpedia.org/property/height,http://dbpedia.org/ontology/height,0,0,0,1,
13,http://dbpedia.org/property/length,http://dbpedia.org/ontology/length,0,0,0,1,
14,http://dbpedia.org/property/manufacturer,http://dbpedia.org/ontology/manufacturer,0,0,0,1,
15,http://dbpedia.org/property/oilsystem,http://dbpedia.org/ontology/oilSystem,0,0,0,1,
16,http://dbpedia.org/property/power,http://dbpedia.org/ontology/powerOutput,0,0,0,1,
17,http://dbpedia.org/property/predecessor,http://dbpedia.org/ontology/predecessor,0,0,0,1,
18,http://dbpedia.org/property/stroke,http://dbpedia.org/ontology/pistonStroke,0,0,0,1,
19,http://dbpedia.org/property/successor,http://dbpedia.org/ontology/successor,0,0,0,1,
20,http://dbpedia.org/property/torque,http://dbpedia.org/ontology/torqueOutput,0,0,0,1,
21,http://dbpedia.org/property/valvetrain,http://dbpedia.org/ontology/valvetrain,0,0,0,1,
22,http://dbpedia.org/property/weight,http://dbpedia.org/ontology/weight,0,0,0,1,
23,http://dbpedia.org/property/width,http://dbpedia.org/ontology/width,0,0,0,1,
