0,http://dbpedia.org/property/aka,http://xmlns.com/foaf/0.1/name,0,0,0,1,
0,http://dbpedia.org/property/name,http://xmlns.com/foaf/0.1/name,0,0,0,1,
1,http://dbpedia.org/property/assembly,http://dbpedia.org/ontology/assembly,0,0,0,1,
2,http://dbpedia.org/property/bodyStyle,http://dbpedia.org/ontology/bodyStyle,0,0,0,1,
3,http://dbpedia.org/property/class,http://dbpedia.org/ontology/class,0,0,0,1,
4,http://dbpedia.org/property/designer,http://dbpedia.org/ontology/designCompany,0,0,0,1,
5,http://dbpedia.org/property/engine,http://dbpedia.org/ontology/configuration,0,0,0,1,
6,http://dbpedia.org/property/fuelCapacity,http://dbpedia.org/ontology/fuelCapacity,0,0,0,1,
7,http://dbpedia.org/property/height,http://dbpedia.org/ontology/height,0,0,0,1,
8,http://dbpedia.org/property/layout,http://dbpedia.org/ontology/layout,0,0,0,1,
9,http://dbpedia.org/property/length,http://dbpedia.org/ontology/length,0,0,0,1,
10,http://dbpedia.org/property/manufacturer,http://dbpedia.org/ontology/manufacturer,0,0,0,1,
11,http://dbpedia.org/property/parentCompany,http://dbpedia.org/ontology/parentCompany,0,0,0,1,
12,http://dbpedia.org/property/platform,http://dbpedia.org/ontology/automobilePlatform,0,0,0,1,
13,http://dbpedia.org/property/predecessor,http://dbpedia.org/ontology/predecessor,0,0,0,1,
14,http://dbpedia.org/property/productionEnd,http://dbpedia.org/ontology/productionEndYear,0,0,0,1,
15,http://dbpedia.org/property/productionStart,http://dbpedia.org/ontology/productionStartYear,0,0,0,1,
16,http://dbpedia.org/property/related,http://dbpedia.org/ontology/relatedMeanOfTransportation,0,0,0,1,
17,http://dbpedia.org/property/successor,http://dbpedia.org/ontology/successor,0,0,0,1,
18,http://dbpedia.org/property/transmission,http://dbpedia.org/ontology/transmission,0,0,0,1,
19,http://dbpedia.org/property/vehicles,http://dbpedia.org/ontology/vehicle,0,0,0,1,
20,http://dbpedia.org/property/weight,http://dbpedia.org/ontology/weight,0,0,0,1,
21,http://dbpedia.org/property/wheelbase,http://dbpedia.org/ontology/wheelbase,0,0,0,1,
22,http://dbpedia.org/property/width,http://dbpedia.org/ontology/width,0,0,0,1,
