0,http://dbpedia.org/property/awards,http://dbpedia.org/ontology/award,0,0,0,1,
1,http://dbpedia.org/property/birthDate,http://dbpedia.org/ontology/birthDate,0,0,0,1,
2,http://dbpedia.org/property/birthPlace,http://dbpedia.org/ontology/birthPlace,0,0,0,1,
3,http://dbpedia.org/property/careerEnd,http://dbpedia.org/ontology/activeYearsEndYear,0,0,0,1,
4,http://dbpedia.org/property/careerStart,http://dbpedia.org/ontology/activeYearsStartYear,0,0,0,1,
4,http://dbpedia.org/property/years1,http://dbpedia.org/ontology/activeYearsStartYear,0,0,0,1,
4,http://dbpedia.org/property/years10,http://dbpedia.org/ontology/activeYearsStartYear,0,0,0,1,
4,http://dbpedia.org/property/years2,http://dbpedia.org/ontology/activeYearsStartYear,0,0,0,1,
4,http://dbpedia.org/property/years3,http://dbpedia.org/ontology/activeYearsStartYear,0,0,0,1,
4,http://dbpedia.org/property/years4,http://dbpedia.org/ontology/activeYearsStartYear,0,0,0,1,
4,http://dbpedia.org/property/years5,http://dbpedia.org/ontology/activeYearsStartYear,0,0,0,1,
4,http://dbpedia.org/property/years6,http://dbpedia.org/ontology/activeYearsStartYear,0,0,0,1,
4,http://dbpedia.org/property/years7,http://dbpedia.org/ontology/activeYearsStartYear,0,0,0,1,
4,http://dbpedia.org/property/years8,http://dbpedia.org/ontology/activeYearsStartYear,0,0,0,1,
4,http://dbpedia.org/property/years9,http://dbpedia.org/ontology/activeYearsStartYear,0,0,0,1,
5,http://dbpedia.org/property/careerTeams,http://dbpedia.org/ontology/formerTeam,0,0,0,1,
5,http://dbpedia.org/property/formerTeams,http://dbpedia.org/ontology/formerTeam,0,0,0,1,
6,http://dbpedia.org/property/college,http://dbpedia.org/ontology/college,0,0,0,1,
7,http://dbpedia.org/property/draft,http://dbpedia.org/ontology/draft,0,0,0,1,
8,http://dbpedia.org/property/draftTeam,http://dbpedia.org/ontology/draftTeam,0,0,0,1,
9,http://dbpedia.org/property/draftYear,http://dbpedia.org/ontology/draftYear,0,0,0,1,
10,http://dbpedia.org/property/height,http://dbpedia.org/ontology/height,0,0,0,1,
10,http://dbpedia.org/property/heightM,http://dbpedia.org/ontology/height,0,0,0,1,
11,http://dbpedia.org/property/highschool,http://dbpedia.org/ontology/highschool,0,0,0,1,
12,http://dbpedia.org/property/league,http://dbpedia.org/ontology/league,0,0,0,1,
13,http://dbpedia.org/property/name,http://xmlns.com/foaf/0.1/name,0,0,0,1,
14,http://dbpedia.org/property/nationality,http://dbpedia.org/ontology/nationality,0,0,0,1,
15,http://dbpedia.org/property/number,http://dbpedia.org/ontology/number,0,0,0,1,
16,http://dbpedia.org/property/position,http://dbpedia.org/ontology/position,0,0,0,1,
17,http://dbpedia.org/property/team,http://dbpedia.org/ontology/team,0,0,0,1,
17,http://dbpedia.org/property/team1,http://dbpedia.org/ontology/team,0,0,0,1,
17,http://dbpedia.org/property/team10,http://dbpedia.org/ontology/team,0,0,0,1,
17,http://dbpedia.org/property/team2,http://dbpedia.org/ontology/team,0,0,0,1,
17,http://dbpedia.org/property/team3,http://dbpedia.org/ontology/team,0,0,0,1,
17,http://dbpedia.org/property/team4,http://dbpedia.org/ontology/team,0,0,0,1,
17,http://dbpedia.org/property/team5,http://dbpedia.org/ontology/team,0,0,0,1,
17,http://dbpedia.org/property/team6,http://dbpedia.org/ontology/team,0,0,0,1,
17,http://dbpedia.org/property/team7,http://dbpedia.org/ontology/team,0,0,0,1,
17,http://dbpedia.org/property/team8,http://dbpedia.org/ontology/team,0,0,0,1,
17,http://dbpedia.org/property/team9,http://dbpedia.org/ontology/team,0,0,0,1,
18,http://dbpedia.org/property/weight,http://dbpedia.org/ontology/weight,0,0,0,1,
18,http://dbpedia.org/property/weightKg,http://dbpedia.org/ontology/weight,0,0,0,1,
18,http://dbpedia.org/property/weightLb,http://dbpedia.org/ontology/weight,0,0,0,1,
18,http://dbpedia.org/property/weightLbs,http://dbpedia.org/ontology/weight,0,0,0,1,
