0,http://dbpedia.org/property/arena,http://dbpedia.org/ontology/homeArena,0,0,0,1,
1,http://dbpedia.org/property/city,http://dbpedia.org/ontology/location,0,0,0,1,
1,http://dbpedia.org/property/location,http://dbpedia.org/ontology/location,0,0,0,1,
2,http://dbpedia.org/property/coach,http://dbpedia.org/ontology/coach,0,0,0,1,
3,http://dbpedia.org/property/conference,http://dbpedia.org/ontology/league,0,0,0,1,
3,http://dbpedia.org/property/divison,http://dbpedia.org/ontology/league,0,0,0,1,
3,http://dbpedia.org/property/leagues,http://dbpedia.org/ontology/league,0,0,0,1,
4,http://dbpedia.org/property/founded,http://dbpedia.org/ontology/foundingYear,0,0,0,1,
5,http://dbpedia.org/property/name,http://xmlns.com/foaf/0.1/name,0,0,0,1,
6,http://dbpedia.org/property/nickname,http://xmlns.com/foaf/0.1/nick,0,0,0,1,
7,http://dbpedia.org/property/owner,http://dbpedia.org/ontology/owner,0,0,0,1,
8,http://dbpedia.org/property/president,http://dbpedia.org/ontology/president,0,0,0,1,
9,http://dbpedia.org/property/website,http://xmlns.com/foaf/0.1/homepage,0,0,0,1,
