0,http://dbpedia.org/property/architect,http://dbpedia.org/ontology/architect,0,0,0,1,
0,http://dbpedia.org/property/designer,http://dbpedia.org/ontology/architect,0,0,0,1,
1,http://dbpedia.org/property/begin,http://dbpedia.org/ontology/buildingStartDate,0,0,0,1,
2,http://dbpedia.org/property/bridgeName,http://xmlns.com/foaf/0.1/name,0,0,0,1,
2,http://dbpedia.org/property/nativeName,http://xmlns.com/foaf/0.1/name,0,0,0,1,
2,http://dbpedia.org/property/officialName,http://xmlns.com/foaf/0.1/name,0,0,0,1,
3,http://dbpedia.org/property/builder,http://dbpedia.org/ontology/builder,0,0,0,1,
4,http://dbpedia.org/property/carries,http://dbpedia.org/ontology/bridgeCarries,0,0,0,1,
5,http://dbpedia.org/property/closed,http://dbpedia.org/ontology/closingYear,0,0,0,1,
6,http://dbpedia.org/property/collapsed,http://dbpedia.org/ontology/demolitionDate,0,0,0,1,
7,http://dbpedia.org/property/complete,http://dbpedia.org/ontology/buildingEndDate,0,0,0,1,
8,http://dbpedia.org/property/cost,http://dbpedia.org/ontology/cost,0,0,0,1,
9,http://dbpedia.org/property/crosses,http://dbpedia.org/ontology/crosses,0,0,0,1,
10,http://dbpedia.org/property/design,http://dbpedia.org/ontology/type,0,0,0,1,
11,http://dbpedia.org/property/height,http://dbpedia.org/ontology/height,0,0,0,1,
12,http://dbpedia.org/property/id,http://dbpedia.org/ontology/unitedStatesNationalBridgeId,0,0,0,1,
13,http://dbpedia.org/property/image,http://dbpedia.org/ontology/picture,0,0,0,1,
14,http://dbpedia.org/property/inaugurated,http://dbpedia.org/ontology/openingYear,0,0,0,1,
14,http://dbpedia.org/property/open,http://dbpedia.org/ontology/openingYear,0,0,0,1,
15,http://dbpedia.org/property/length,http://dbpedia.org/ontology/length,0,0,0,1,
16,http://dbpedia.org/property/load,http://dbpedia.org/ontology/loadLimit,0,0,0,1,
17,http://dbpedia.org/property/locale,http://dbpedia.org/ontology/locatedInArea,0,0,0,1,
18,http://dbpedia.org/property/mainspan,http://dbpedia.org/ontology/mainspan,0,0,0,1,
19,http://dbpedia.org/property/maint,http://dbpedia.org/ontology/maintainedBy,0,0,0,1,
20,http://dbpedia.org/property/material,http://dbpedia.org/ontology/constructionMaterial,0,0,0,1,
21,http://dbpedia.org/property/otherNames,http://dbpedia.org/ontology/alias,0,0,0,1,
22,http://dbpedia.org/property/owner,http://dbpedia.org/ontology/owner,0,0,0,1,
23,http://dbpedia.org/property/pierswater,http://dbpedia.org/ontology/numberOfPiersInWater,0,0,0,1,
24,http://dbpedia.org/property/spans,http://dbpedia.org/ontology/numberOfSpans,0,0,0,1,
25,http://dbpedia.org/property/toll,http://dbpedia.org/ontology/toll,0,0,0,1,
26,http://dbpedia.org/property/traffic,http://dbpedia.org/ontology/vehiclesPerDay,0,0,0,1,
27,http://dbpedia.org/property/width,http://dbpedia.org/ontology/width,0,0,0,1,
