0,http://dbpedia.org/property/altitude,http://dbpedia.org/ontology/elevation,0,0,0,1,0.5,
0,http://dbpedia.org/property/elevation,http://dbpedia.org/ontology/elevation,0,0,0,1,0.5,
0,http://dbpedia.org/property/elevationFt,http://dbpedia.org/ontology/elevation,0,0,0,1,0.5,
0,http://dbpedia.org/property/elevationM,http://dbpedia.org/ontology/elevation,0,0,0,1,0.5,
1,http://dbpedia.org/property/altoffsp,http://xmlns.com/foaf/0.1/name,0,0,0,1,
1,http://dbpedia.org/property/altunosp,http://xmlns.com/foaf/0.1/name,0,0,0,1,
1,http://dbpedia.org/property/arname,http://xmlns.com/foaf/0.1/name,0,0,0,1,
1,http://dbpedia.org/property/hebname,http://xmlns.com/foaf/0.1/name,0,0,0,1,
1,http://dbpedia.org/property/japanesename,http://xmlns.com/foaf/0.1/name,0,0,0,1,
1,http://dbpedia.org/property/localName,http://xmlns.com/foaf/0.1/name,0,0,0,1,
1,http://dbpedia.org/property/name,http://xmlns.com/foaf/0.1/name,0,0,0,1,
1,http://dbpedia.org/property/nativeName,http://xmlns.com/foaf/0.1/name,0,0,0,1,
1,http://dbpedia.org/property/officialName,http://xmlns.com/foaf/0.1/name,0,0,0,1,
1,http://dbpedia.org/property/stbheb,http://xmlns.com/foaf/0.1/name,0,0,0,1,
2,http://dbpedia.org/property/area,http://dbpedia.org/ontology/areaTotal,0,0,0,1,0.5,
2,http://dbpedia.org/property/areaTotal,http://dbpedia.org/ontology/areaTotal,0,0,0,1,0.5,
2,http://dbpedia.org/property/areaTotalKm2,http://dbpedia.org/ontology/areaTotal,0,0,0,1,0.5,
2,http://dbpedia.org/property/areaTotalSqMi,http://dbpedia.org/ontology/areaTotal,0,0,0,1,0.5,
3,http://dbpedia.org/property/areaCode,http://dbpedia.org/ontology/areaCode,0,0,0,1,
3,http://dbpedia.org/property/areaTelephone,http://dbpedia.org/ontology/areaCode,0,0,0,1,
3,http://dbpedia.org/property/dialCode,http://dbpedia.org/ontology/areaCode,0,0,0,1,
3,http://dbpedia.org/property/dialCode1,http://dbpedia.org/ontology/areaCode,0,0,0,1,
3,http://dbpedia.org/property/dialCode2,http://dbpedia.org/ontology/areaCode,0,0,0,1,
3,http://dbpedia.org/property/telephone,http://dbpedia.org/ontology/areaCode,0,0,0,1,
4,http://dbpedia.org/property/areaLandKm2,http://dbpedia.org/ontology/areaLand,0,0,0,1,0.5,
4,http://dbpedia.org/property/areaLandSqMi,http://dbpedia.org/ontology/areaLand,0,0,0,1,0.5,
5,http://dbpedia.org/property/areaMetro,http://dbpedia.org/ontology/areaMetro,0,0,0,1,0.5,
5,http://dbpedia.org/property/areaMetroKm2,http://dbpedia.org/ontology/areaMetro,0,0,0,1,0.5,
5,http://dbpedia.org/property/areaMetroSqMi,http://dbpedia.org/ontology/areaMetro,0,0,0,1,0.5,
6,http://dbpedia.org/property/areaUrbanKm2,http://dbpedia.org/ontology/areaUrban,0,0,0,1,0.5,
6,http://dbpedia.org/property/areaUrbanSqMi,http://dbpedia.org/ontology/areaUrban,0,0,0,1,0.5,
7,http://dbpedia.org/property/areaWaterKm2,http://dbpedia.org/ontology/areaWater,0,0,0,1,0.5,
7,http://dbpedia.org/property/areaWaterSqMi,http://dbpedia.org/ontology/areaWater,0,0,0,1,0.5,
8,http://dbpedia.org/property/areaWaterPercent,http://dbpedia.org/ontology/percentageOfAreaWater,0,0,0,1,
9,http://dbpedia.org/property/art,http://dbpedia.org/ontology/type,0,0,0,1,
9,http://dbpedia.org/property/settlementType,http://dbpedia.org/ontology/type,0,0,0,1,
9,http://dbpedia.org/property/totalType,http://dbpedia.org/ontology/type,0,0,0,1,
9,http://dbpedia.org/property/type,http://dbpedia.org/ontology/type,0,0,0,1,
10,http://dbpedia.org/property/capital,http://dbpedia.org/ontology/capital,0,0,0,1,
11,http://dbpedia.org/property/coastline,http://dbpedia.org/ontology/coastLine,0,0,0,1,
12,http://dbpedia.org/property/country,http://dbpedia.org/ontology/country,0,0,0,1,
13,http://dbpedia.org/property/crownDependency,http://dbpedia.org/ontology/crownDependency,0,0,0,1,
14,http://dbpedia.org/property/day,http://dbpedia.org/ontology/day,0,0,0,1,
15,http://dbpedia.org/property/destroyed,http://dbpedia.org/ontology/destructionDate,0,0,0,1,
16,http://dbpedia.org/property/elevationMaxFt,http://dbpedia.org/ontology/maximumElevation,0,0,0,1,0.5,
16,http://dbpedia.org/property/elevationMaxM,http://dbpedia.org/ontology/maximumElevation,0,0,0,1,0.5,
16,http://dbpedia.org/property/elevationmax,http://dbpedia.org/ontology/maximumElevation,0,0,0,1,0.5,
17,http://dbpedia.org/property/elevationMinFt,http://dbpedia.org/ontology/minimumElevation,0,0,0,1,0.5,
17,http://dbpedia.org/property/elevationMinM,http://dbpedia.org/ontology/minimumElevation,0,0,0,1,0.5,
18,http://dbpedia.org/property/establishedDate,http://dbpedia.org/ontology/foundingDate,0,0,0,1,
18,http://dbpedia.org/property/establishedDate1,http://dbpedia.org/ontology/foundingDate,0,0,0,1,
18,http://dbpedia.org/property/establishedDate2,http://dbpedia.org/ontology/foundingDate,0,0,0,1,
18,http://dbpedia.org/property/establishedDate3,http://dbpedia.org/ontology/foundingDate,0,0,0,1,
18,http://dbpedia.org/property/founded,http://dbpedia.org/ontology/foundingDate,0,0,0,1,
18,http://dbpedia.org/property/typefrom,http://dbpedia.org/ontology/foundingDate,0,0,0,1,
19,http://dbpedia.org/property/founder,http://dbpedia.org/ontology/foundingPerson,0,0,0,1,
20,http://dbpedia.org/property/gentilic,http://dbpedia.org/ontology/demonym,0,0,0,1,
20,http://dbpedia.org/property/populationDemonym,http://dbpedia.org/ontology/demonym,0,0,0,1,
21,http://dbpedia.org/property/language,http://dbpedia.org/ontology/language,0,0,0,1,
21,http://dbpedia.org/property/language1,http://dbpedia.org/ontology/language,0,0,0,1,
21,http://dbpedia.org/property/language2,http://dbpedia.org/ontology/language,0,0,0,1,
21,http://dbpedia.org/property/officialLanguages,http://dbpedia.org/ontology/language,0,0,0,1,
21,http://dbpedia.org/property/otherLanguage,http://dbpedia.org/ontology/language,0,0,0,1,
21,http://dbpedia.org/property/otherLanguageName,http://dbpedia.org/ontology/language,0,0,0,1,
22,http://dbpedia.org/property/largestCity,http://dbpedia.org/ontology/largestCity,0,0,0,1,
23,http://dbpedia.org/property/largestMetro,http://dbpedia.org/ontology/largestMetro,0,0,0,1,
24,http://dbpedia.org/property/leaderName,http://dbpedia.org/ontology/leaderName,0,0,0,1,
24,http://dbpedia.org/property/leaderName1,http://dbpedia.org/ontology/leaderName,0,0,0,1,
24,http://dbpedia.org/property/leaderName2,http://dbpedia.org/ontology/leaderName,0,0,0,1,
24,http://dbpedia.org/property/leaderName3,http://dbpedia.org/ontology/leaderName,0,0,0,1,
24,http://dbpedia.org/property/leaderName4,http://dbpedia.org/ontology/leaderName,0,0,0,1,
24,http://dbpedia.org/property/mayor,http://dbpedia.org/ontology/leaderName,0,0,0,1,
25,http://dbpedia.org/property/leaderTitle,http://dbpedia.org/ontology/leaderTitle,0,0,0,1,
25,http://dbpedia.org/property/leaderTitle1,http://dbpedia.org/ontology/leaderTitle,0,0,0,1,
25,http://dbpedia.org/property/leaderTitle2,http://dbpedia.org/ontology/leaderTitle,0,0,0,1,
25,http://dbpedia.org/property/leaderTitle3,http://dbpedia.org/ontology/leaderTitle,0,0,0,1,
25,http://dbpedia.org/property/leaderTitle4,http://dbpedia.org/ontology/leaderTitle,0,0,0,1,
26,http://dbpedia.org/property/mayorParty,http://dbpedia.org/ontology/leaderParty,0,0,0,1,
26,http://dbpedia.org/property/rulingParty1,http://dbpedia.org/ontology/leaderParty,0,0,0,1,
26,http://dbpedia.org/property/rulingParty2,http://dbpedia.org/ontology/leaderParty,0,0,0,1,
26,http://dbpedia.org/property/rulingParty3,http://dbpedia.org/ontology/leaderParty,0,0,0,1,
27,http://dbpedia.org/property/meaning,http://dbpedia.org/ontology/meaning,0,0,0,1,
28,http://dbpedia.org/property/motto,http://dbpedia.org/ontology/motto,0,0,0,1,
29,http://dbpedia.org/property/nearestCity,http://dbpedia.org/ontology/nearestCity,0,0,0,1,
30,http://dbpedia.org/property/nickname,http://xmlns.com/foaf/0.1/nick,0,0,0,1,
31,http://dbpedia.org/property/otherName,http://dbpedia.org/ontology/synonym,0,0,0,1,
32,http://dbpedia.org/property/popDate,http://dbpedia.org/ontology/populationAsOf,0,0,0,1,
32,http://dbpedia.org/property/populationAsOf,http://dbpedia.org/ontology/populationAsOf,0,0,0,1,
33,http://dbpedia.org/property/popMetro,http://dbpedia.org/ontology/populationMetro,0,0,0,1,
33,http://dbpedia.org/property/populationMetro,http://dbpedia.org/ontology/populationMetro,0,0,0,1,
34,http://dbpedia.org/property/popUrban,http://dbpedia.org/ontology/populationUrban,0,0,0,1,
34,http://dbpedia.org/property/populationUrban,http://dbpedia.org/ontology/populationUrban,0,0,0,1,
35,http://dbpedia.org/property/population,http://dbpedia.org/ontology/populationTotal,0,0,0,1,
35,http://dbpedia.org/property/populationBlank1,http://dbpedia.org/ontology/populationTotal,0,0,0,1,
35,http://dbpedia.org/property/populationBlank2,http://dbpedia.org/ontology/populationTotal,0,0,0,1,
35,http://dbpedia.org/property/populationTotal,http://dbpedia.org/ontology/populationTotal,0,0,0,1,
36,http://dbpedia.org/property/populationDensity,http://dbpedia.org/ontology/populationDensity,0,0,0,1,0.5,
36,http://dbpedia.org/property/populationDensityBlank1Km2,http://dbpedia.org/ontology/populationDensity,0,0,0,1,0.5,
36,http://dbpedia.org/property/populationDensityBlank1SqMi,http://dbpedia.org/ontology/populationDensity,0,0,0,1,0.5,
36,http://dbpedia.org/property/populationDensityBlank2Km2,http://dbpedia.org/ontology/populationDensity,0,0,0,1,0.5,
36,http://dbpedia.org/property/populationDensityBlank2SqMi,http://dbpedia.org/ontology/populationDensity,0,0,0,1,0.5,
36,http://dbpedia.org/property/populationDensityKm2,http://dbpedia.org/ontology/populationDensity,0,0,0,1,0.5,
36,http://dbpedia.org/property/populationDensitySqMi,http://dbpedia.org/ontology/populationDensity,0,0,0,1,0.5,
37,http://dbpedia.org/property/populationDensityMetroKm2,http://dbpedia.org/ontology/populationMetroDensity,0,0,0,1,0.5,
37,http://dbpedia.org/property/populationDensityMetroSqMi,http://dbpedia.org/ontology/populationMetroDensity,0,0,0,1,0.5,
38,http://dbpedia.org/property/populationDensityUrbanKm2,http://dbpedia.org/ontology/populationUrbanDensity,0,0,0,1,0.5,
38,http://dbpedia.org/property/populationDensityUrbanSqMi,http://dbpedia.org/ontology/populationUrbanDensity,0,0,0,1,0.5,
39,http://dbpedia.org/property/popyear,http://dbpedia.org/ontology/censusYear,0,0,0,1,
40,http://dbpedia.org/property/postalCode,http://dbpedia.org/ontology/postalCode,0,0,0,1,
40,http://dbpedia.org/property/postalcode,http://dbpedia.org/ontology/postalCode,0,0,0,1,
40,http://dbpedia.org/property/postcodeArea,http://dbpedia.org/ontology/postalCode,0,0,0,1,
40,http://dbpedia.org/property/postcodeArea1,http://dbpedia.org/ontology/postalCode,0,0,0,1,
40,http://dbpedia.org/property/postcodeArea2,http://dbpedia.org/ontology/postalCode,0,0,0,1,
41,http://dbpedia.org/property/province,http://dbpedia.org/ontology/province,0,0,0,1,
42,http://dbpedia.org/property/region,http://dbpedia.org/ontology/region,0,0,0,1,
42,http://dbpedia.org/property/region1,http://dbpedia.org/ontology/region,0,0,0,1,
43,http://dbpedia.org/property/saint,http://dbpedia.org/ontology/saint,0,0,0,1,
44,http://dbpedia.org/property/tempAnnual,http://dbpedia.org/ontology/annualTemperature,0,0,0,1,
45,http://dbpedia.org/property/tempSummer,http://dbpedia.org/ontology/summerTemperature,0,0,0,1,
46,http://dbpedia.org/property/tempWinter,http://dbpedia.org/ontology/winterTemperature,0,0,0,1,
47,http://dbpedia.org/property/twin1,http://dbpedia.org/ontology/twinCity,0,0,0,1,
47,http://dbpedia.org/property/twin2,http://dbpedia.org/ontology/twinCity,0,0,0,1,
47,http://dbpedia.org/property/twin3,http://dbpedia.org/ontology/twinCity,0,0,0,1,
47,http://dbpedia.org/property/twin4,http://dbpedia.org/ontology/twinCity,0,0,0,1,
47,http://dbpedia.org/property/twin5,http://dbpedia.org/ontology/twinCity,0,0,0,1,
47,http://dbpedia.org/property/twin6,http://dbpedia.org/ontology/twinCity,0,0,0,1,
47,http://dbpedia.org/property/twin7,http://dbpedia.org/ontology/twinCity,0,0,0,1,
48,http://dbpedia.org/property/twin1Country,http://dbpedia.org/ontology/twinCountry,0,0,0,1,
49,http://dbpedia.org/property/website,http://xmlns.com/foaf/0.1/homepage,0,0,0,1,
