0,http://dbpedia.org/property/birthDate,http://dbpedia.org/ontology/birthDate,0,0,0,1,
1,http://dbpedia.org/property/birthPlace,http://dbpedia.org/ontology/birthPlace,0,0,0,1,
2,http://dbpedia.org/property/bowlRecord,http://dbpedia.org/ontology/bowlRecord,0,0,0,1,
3,http://dbpedia.org/property/coachTeams,http://dbpedia.org/ontology/coachedTeam,0,0,0,1,
4,http://dbpedia.org/property/coachingRecords,http://dbpedia.org/ontology/coachingRecord,0,0,0,1,
5,http://dbpedia.org/property/currentRecord,http://dbpedia.org/ontology/currentRecord,0,0,0,1,
6,http://dbpedia.org/property/datePlace,http://dbpedia.org/ontology/deathPlace,0,0,0,1,
7,http://dbpedia.org/property/deathDate,http://dbpedia.org/ontology/deathDate,0,0,0,1,
8,http://dbpedia.org/property/name,http://xmlns.com/foaf/0.1/name,0,0,0,1,
9,http://dbpedia.org/property/overallRecord,http://dbpedia.org/ontology/overallRecord,0,0,0,1,
10,http://dbpedia.org/property/tournamentRecord,http://dbpedia.org/ontology/tournamentRecord,0,0,0,1,
