0,http://dbpedia.org/property/b,http://dbpedia.org/ontology/rgbCoordinateGreen,0,0,0,1,
1,http://dbpedia.org/property/c,http://dbpedia.org/ontology/cmykCoordinateCyanic,0,0,0,1,
2,http://dbpedia.org/property/frequency,http://dbpedia.org/ontology/frequency,0,0,0,1,
3,http://dbpedia.org/property/g,http://dbpedia.org/ontology/rgbCoordinateBlue,0,0,0,1,
4,http://dbpedia.org/property/h,http://dbpedia.org/ontology/hsvCoordinateHue,0,0,0,1,
5,http://dbpedia.org/property/hex,http://dbpedia.org/ontology/colourHexCode,0,0,0,1,
6,http://dbpedia.org/property/k,http://dbpedia.org/ontology/cmykCoordinateBlack,0,0,0,1,
7,http://dbpedia.org/property/m,http://dbpedia.org/ontology/cmykCoordinateMagenta,0,0,0,1,
8,http://dbpedia.org/property/r,http://dbpedia.org/ontology/rgbCoordinateRed,0,0,0,1,
9,http://dbpedia.org/property/s,http://dbpedia.org/ontology/hsvCoordinateSaturation,0,0,0,1,
10,http://dbpedia.org/property/symbolism,http://dbpedia.org/ontology/connotation,0,0,0,1,
11,http://dbpedia.org/property/title,http://xmlns.com/foaf/0.1/name,0,0,0,1,
12,http://dbpedia.org/property/v,http://dbpedia.org/ontology/hsvCoordinateValue,0,0,0,1,
13,http://dbpedia.org/property/variations,http://dbpedia.org/ontology/hasVariant,0,0,0,1,
14,http://dbpedia.org/property/wavelength,http://dbpedia.org/ontology/wavelength,0,0,0,1,
15,http://dbpedia.org/property/y,http://dbpedia.org/ontology/cmykCoordinateYellow,0,0,0,1,
