0,http://dbpedia.org/property/academyawards,http://dbpedia.org/ontology/academyAward,0,0,0,1,
1,http://dbpedia.org/property/afiawards,http://dbpedia.org/ontology/afiAward,0,0,0,1,
2,http://dbpedia.org/property/americancomedyawards,http://dbpedia.org/ontology/americanComedyAward,0,0,0,1,
3,http://dbpedia.org/property/baftaawards,http://dbpedia.org/ontology/baftaAward,0,0,0,1,
4,http://dbpedia.org/property/birthDate,http://dbpedia.org/ontology/birthDate,0,0,0,1,
5,http://dbpedia.org/property/birthName,http://dbpedia.org/ontology/birthName,0,0,0,1,
6,http://dbpedia.org/property/birthPlace,http://dbpedia.org/ontology/birthPlace,0,0,0,1,
7,http://dbpedia.org/property/britishcomedyawards,http://dbpedia.org/ontology/britishComedyAwards,0,0,0,1,
8,http://dbpedia.org/property/cesarawards,http://dbpedia.org/ontology/cesarAward,0,0,0,1,
9,http://dbpedia.org/property/deathDate,http://dbpedia.org/ontology/deathDate,0,0,0,1,
10,http://dbpedia.org/property/deathPlace,http://dbpedia.org/ontology/deathPlace,0,0,0,1,
11,http://dbpedia.org/property/emmyawards,http://dbpedia.org/ontology/emmyAward,0,0,0,1,
12,http://dbpedia.org/property/filmfareawards,http://dbpedia.org/ontology/filmFareAward,0,0,0,1,
13,http://dbpedia.org/property/genre,http://dbpedia.org/ontology/genre,0,0,0,1,
14,http://dbpedia.org/property/goldenglobeawards,http://dbpedia.org/ontology/goldenGlobeAward,0,0,0,1,
15,http://dbpedia.org/property/goyaawards,http://dbpedia.org/ontology/goyaAward,0,0,0,1,
16,http://dbpedia.org/property/grammyawards,http://dbpedia.org/ontology/grammyAward,0,0,0,1,
17,http://dbpedia.org/property/influenced,http://dbpedia.org/ontology/influenced,0,0,0,1,
18,http://dbpedia.org/property/influences,http://dbpedia.org/ontology/influencedBy,0,0,0,1,
19,http://dbpedia.org/property/name,http://xmlns.com/foaf/0.1/name,0,0,0,1,
20,http://dbpedia.org/property/nationality,http://dbpedia.org/ontology/nationality,0,0,0,1,
21,http://dbpedia.org/property/olivierawards,http://dbpedia.org/ontology/olivierAward,0,0,0,1,
22,http://dbpedia.org/property/peabodyawards,http://dbpedia.org/ontology/peabodyAward,0,0,0,1,
23,http://dbpedia.org/property/pseudonym,http://dbpedia.org/ontology/pseudonym,0,0,0,1,
24,http://dbpedia.org/property/spouse,http://dbpedia.org/ontology/spouse,0,0,0,1,
25,http://dbpedia.org/property/tonyawards,http://dbpedia.org/ontology/tonyAward,0,0,0,1,
26,http://dbpedia.org/property/website,http://xmlns.com/foaf/0.1/homepage,0,0,0,1,
