0,http://dbpedia.org/property/areaServed,http://dbpedia.org/ontology/regionServed,0,0,0,1,
1,http://dbpedia.org/property/assets,http://dbpedia.org/ontology/assets,0,0,0,1,
2,http://dbpedia.org/property/aum,http://dbpedia.org/ontology/assetUnderManagement,0,0,0,1,
3,http://dbpedia.org/property/companyName,http://xmlns.com/foaf/0.1/name,0,0,0,1,
3,http://dbpedia.org/property/name,http://xmlns.com/foaf/0.1/name,0,0,0,1,
4,http://dbpedia.org/property/companySlogan,http://dbpedia.org/ontology/slogan,0,0,0,1,
5,http://dbpedia.org/property/companyType,http://dbpedia.org/ontology/type,0,0,0,1,
5,http://dbpedia.org/property/type,http://dbpedia.org/ontology/type,0,0,0,1,
6,http://dbpedia.org/property/currentStatus,http://dbpedia.org/ontology/currentStatus,0,0,0,1,
7,http://dbpedia.org/property/defunct,http://dbpedia.org/ontology/extinctionYear,0,0,0,1,
8,http://dbpedia.org/property/divisions,http://dbpedia.org/ontology/division,0,0,0,1,
9,http://dbpedia.org/property/equity,http://dbpedia.org/ontology/equity,0,0,0,1,
10,http://dbpedia.org/property/fate,http://dbpedia.org/ontology/fate,0,0,0,1,
11,http://dbpedia.org/property/foundation,http://dbpedia.org/ontology/foundationPlace,0,0,0,1,
12,http://dbpedia.org/property/founder,http://dbpedia.org/ontology/foundedBy,0,0,0,1,
13,http://dbpedia.org/property/genre,http://dbpedia.org/ontology/genre,0,0,0,1,
14,http://dbpedia.org/property/homepage,http://xmlns.com/foaf/0.1/homepage,0,0,0,1,
14,http://dbpedia.org/property/url,http://xmlns.com/foaf/0.1/homepage,0,0,0,1,
15,http://dbpedia.org/property/industry,http://dbpedia.org/ontology/industry,0,0,0,1,
16,http://dbpedia.org/property/intl,http://dbpedia.org/ontology/internationally,0,0,0,1,
17,http://dbpedia.org/property/keyPeople,http://dbpedia.org/ontology/keyPerson,0,0,0,1,
18,http://dbpedia.org/property/language,http://dbpedia.org/ontology/language,0,0,0,1,
19,http://dbpedia.org/property/launchDate,http://dbpedia.org/ontology/formationDate,0,0,0,1,
20,http://dbpedia.org/property/location,http://dbpedia.org/ontology/location,0,0,0,1,
21,http://dbpedia.org/property/locationCity,http://dbpedia.org/ontology/locationCity,0,0,0,1,
22,http://dbpedia.org/property/locationCountry,http://dbpedia.org/ontology/locationCountry,0,0,0,1,
23,http://dbpedia.org/property/locations,http://dbpedia.org/ontology/numberOfLocations,0,0,0,1,
24,http://dbpedia.org/property/marketcap,http://dbpedia.org/ontology/marketCapitalisation,0,0,0,1,
25,http://dbpedia.org/property/netIncome,http://dbpedia.org/ontology/netIncome,0,0,0,1,
26,http://dbpedia.org/property/numEmployees,http://dbpedia.org/ontology/numberOfEmployees,0,0,0,1,
27,http://dbpedia.org/property/operatingIncome,http://dbpedia.org/ontology/operatingIncome,0,0,0,1,
28,http://dbpedia.org/property/owner,http://dbpedia.org/ontology/owningCompany,0,0,0,1,
29,http://dbpedia.org/property/parent,http://dbpedia.org/ontology/parentCompany,0,0,0,1,
30,http://dbpedia.org/property/predecessor,http://dbpedia.org/ontology/predecessor,0,0,0,1,
31,http://dbpedia.org/property/production,http://dbpedia.org/ontology/production,0,0,0,1,
32,http://dbpedia.org/property/products,http://dbpedia.org/ontology/product,0,0,0,1,
33,http://dbpedia.org/property/revenue,http://dbpedia.org/ontology/revenue,0,0,0,1,
34,http://dbpedia.org/property/services,http://dbpedia.org/ontology/service,0,0,0,1,
35,http://dbpedia.org/property/subsid,http://dbpedia.org/ontology/subsidiary,0,0,0,1,
36,http://dbpedia.org/property/successor,http://dbpedia.org/ontology/successor,0,0,0,1,
