0,http://dbpedia.org/property/country,http://dbpedia.org/ontology/location,0,0,0,1,
0,http://dbpedia.org/property/location,http://dbpedia.org/ontology/location,0,0,0,1,
0,http://dbpedia.org/property/venue,http://dbpedia.org/ontology/location,0,0,0,1,
1,http://dbpedia.org/property/first,http://dbpedia.org/ontology/startDate,0,0,0,1,
2,http://dbpedia.org/property/genre,http://dbpedia.org/ontology/genre,0,0,0,1,
3,http://dbpedia.org/property/last,http://dbpedia.org/ontology/endDate,0,0,0,1,
4,http://dbpedia.org/property/name,http://xmlns.com/foaf/0.1/name,0,0,0,1,
5,http://dbpedia.org/property/website,http://xmlns.com/foaf/0.1/homepage,0,0,0,1,
