0,http://dbpedia.org/property/alias,http://dbpedia.org/ontology/alias,0,0,0,1,
1,http://dbpedia.org/property/children,http://dbpedia.org/ontology/child,0,0,0,1,
2,http://dbpedia.org/property/dateOfBirth,http://dbpedia.org/ontology/birthDate,0,0,0,1,
3,http://dbpedia.org/property/dateOfDeath,http://dbpedia.org/ontology/deathDate,0,0,0,1,
4,http://dbpedia.org/property/occupation,http://dbpedia.org/ontology/occupation,0,0,0,1,
5,http://dbpedia.org/property/parents,http://dbpedia.org/ontology/parent,0,0,0,1,
6,http://dbpedia.org/property/placeOfBirth,http://dbpedia.org/ontology/birthPlace,0,0,0,1,
7,http://dbpedia.org/property/placeOfDeath,http://dbpedia.org/ontology/deathPlace,0,0,0,1,
8,http://dbpedia.org/property/spouse,http://dbpedia.org/ontology/spouse,0,0,0,1,
9,http://dbpedia.org/property/subjectName,http://xmlns.com/foaf/0.1/name,0,0,0,1,
