0,http://dbpedia.org/property/manufacturer,http://dbpedia.org/ontology/manufacturer,0,0,0,1,
1,http://dbpedia.org/property/name,http://xmlns.com/foaf/0.1/name,0,0,0,1,
2,http://dbpedia.org/property/operatingsystem,http://dbpedia.org/ontology/operatingSystem,0,0,0,1,
2,http://dbpedia.org/property/os,http://dbpedia.org/ontology/operatingSystem,0,0,0,1,
3,http://dbpedia.org/property/released,http://dbpedia.org/ontology/releaseDate,0,0,0,1,
4,http://dbpedia.org/property/status,http://dbpedia.org/ontology/status,0,0,0,1,
5,http://dbpedia.org/property/weight,http://dbpedia.org/ontology/weight,0,0,0,1,
