0,http://dbpedia.org/property/diseasesdb,http://dbpedia.org/ontology/diseasesdb,0,0,0,1,
1,http://dbpedia.org/property/emedicinesubj,http://dbpedia.org/ontology/emedicineSubject,0,0,0,1,
2,http://dbpedia.org/property/emedicinetopic,http://dbpedia.org/ontology/emedicineTopic,0,0,0,1,
3,http://dbpedia.org/property/icd10,http://dbpedia.org/ontology/icd10,0,0,0,1,
4,http://dbpedia.org/property/icd9,http://dbpedia.org/ontology/icd9,0,0,0,1,
5,http://dbpedia.org/property/icdo,http://dbpedia.org/ontology/icdo,0,0,0,1,
6,http://dbpedia.org/property/medlineplus,http://dbpedia.org/ontology/medlineplus,0,0,0,1,
7,http://dbpedia.org/property/meshid,http://dbpedia.org/ontology/meshId,0,0,0,1,
8,http://dbpedia.org/property/name,http://xmlns.com/foaf/0.1/name,0,0,0,1,
9,http://dbpedia.org/property/omim,http://dbpedia.org/ontology/omim,0,0,0,1,
