0,http://dbpedia.org/property/country,http://dbpedia.org/ontology/country,0,0,0,1,
1,http://dbpedia.org/property/electionDate,http://dbpedia.org/ontology/startDate,0,0,0,1,
2,http://dbpedia.org/property/electionName,http://dbpedia.org/ontology/title,0,0,0,1,
3,http://dbpedia.org/property/leader1,http://dbpedia.org/ontology/firstLeader,0,0,0,1,
4,http://dbpedia.org/property/leader2,http://dbpedia.org/ontology/secondLeader,0,0,0,1,
5,http://dbpedia.org/property/party1,http://dbpedia.org/ontology/affiliation,0,0,0,1,
5,http://dbpedia.org/property/party2,http://dbpedia.org/ontology/affiliation,0,0,0,1,
6,http://dbpedia.org/property/popularVote1,http://dbpedia.org/ontology/firstPopularVote,0,0,0,1,
7,http://dbpedia.org/property/popularVote2,http://dbpedia.org/ontology/secondPopularVote,0,0,0,1,
