0,http://dbpedia.org/property/group,http://xmlns.com/foaf/0.1/name,0,0,0,1,
1,http://dbpedia.org/property/languages,http://dbpedia.org/ontology/language,0,0,0,1,
2,http://dbpedia.org/property/pop,http://dbpedia.org/ontology/totalPopulation,0,0,0,1,
2,http://dbpedia.org/property/poptime,http://dbpedia.org/ontology/totalPopulation,0,0,0,1,
2,http://dbpedia.org/property/population,http://dbpedia.org/ontology/totalPopulation,0,0,0,1,
3,http://dbpedia.org/property/popplace,http://dbpedia.org/ontology/populationPlace,0,0,0,1,
3,http://dbpedia.org/property/region1,http://dbpedia.org/ontology/populationPlace,0,0,0,1,
3,http://dbpedia.org/property/region10,http://dbpedia.org/ontology/populationPlace,0,0,0,1,
3,http://dbpedia.org/property/region2,http://dbpedia.org/ontology/populationPlace,0,0,0,1,
3,http://dbpedia.org/property/region3,http://dbpedia.org/ontology/populationPlace,0,0,0,1,
3,http://dbpedia.org/property/region4,http://dbpedia.org/ontology/populationPlace,0,0,0,1,
3,http://dbpedia.org/property/region5,http://dbpedia.org/ontology/populationPlace,0,0,0,1,
3,http://dbpedia.org/property/region6,http://dbpedia.org/ontology/populationPlace,0,0,0,1,
3,http://dbpedia.org/property/region7,http://dbpedia.org/ontology/populationPlace,0,0,0,1,
3,http://dbpedia.org/property/region8,http://dbpedia.org/ontology/populationPlace,0,0,0,1,
3,http://dbpedia.org/property/region9,http://dbpedia.org/ontology/populationPlace,0,0,0,1,
3,http://dbpedia.org/property/regions,http://dbpedia.org/ontology/populationPlace,0,0,0,1,
4,http://dbpedia.org/property/related,http://dbpedia.org/ontology/related,0,0,0,1,
5,http://dbpedia.org/property/religions,http://dbpedia.org/ontology/religion,0,0,0,1,
