0,http://dbpedia.org/property/alias,http://dbpedia.org/ontology/alias,0,0,0,1,
1,http://dbpedia.org/property/birthName,http://dbpedia.org/ontology/birthName,0,0,0,1,
1,http://dbpedia.org/property/birthname,http://dbpedia.org/ontology/birthName,0,0,0,1,
2,http://dbpedia.org/property/born,http://dbpedia.org/ontology/birthDate,0,0,0,1,
3,http://dbpedia.org/property/cause,http://dbpedia.org/ontology/deathCause,0,0,0,1,
4,http://dbpedia.org/property/children,http://dbpedia.org/ontology/child,0,0,0,1,
5,http://dbpedia.org/property/creator,http://dbpedia.org/ontology/creator,0,0,0,1,
6,http://dbpedia.org/property/death,http://dbpedia.org/ontology/deathDate,0,0,0,1,
6,http://dbpedia.org/property/died,http://dbpedia.org/ontology/deathDate,0,0,0,1,
7,http://dbpedia.org/property/family,http://dbpedia.org/ontology/relative,0,0,0,1,
7,http://dbpedia.org/property/relatives,http://dbpedia.org/ontology/relative,0,0,0,1,
8,http://dbpedia.org/property/first,http://dbpedia.org/ontology/firstAppearance,0,0,0,1,
9,http://dbpedia.org/property/fullname,http://xmlns.com/foaf/0.1/name,0,0,0,1,
9,http://dbpedia.org/property/name,http://xmlns.com/foaf/0.1/name,0,0,0,1,
10,http://dbpedia.org/property/gender,http://dbpedia.org/ontology/gender,0,0,0,1,
11,http://dbpedia.org/property/last,http://dbpedia.org/ontology/lastAppearance,0,0,0,1,
12,http://dbpedia.org/property/nationality,http://dbpedia.org/ontology/nationality,0,0,0,1,
13,http://dbpedia.org/property/nickname,http://xmlns.com/foaf/0.1/nick,0,0,0,1,
14,http://dbpedia.org/property/occupation,http://dbpedia.org/ontology/occupation,0,0,0,1,
15,http://dbpedia.org/property/portrayer,http://dbpedia.org/ontology/portrayer,0,0,0,1,
16,http://dbpedia.org/property/religion,http://dbpedia.org/ontology/religion,0,0,0,1,
17,http://dbpedia.org/property/residence,http://dbpedia.org/ontology/residence,0,0,0,1,
18,http://dbpedia.org/property/series,http://dbpedia.org/ontology/series,0,0,0,1,
19,http://dbpedia.org/property/species,http://dbpedia.org/ontology/species,0,0,0,1,
20,http://dbpedia.org/property/spouse,http://dbpedia.org/ontology/spouse,0,0,0,1,
21,http://dbpedia.org/property/voice,http://dbpedia.org/ontology/voice,0,0,0,1,
