0,http://dbpedia.org/property/choreographer,http://dbpedia.org/ontology/choreographer,0,0,0,1,
1,http://dbpedia.org/property/coach,http://dbpedia.org/ontology/coach,0,0,0,1,
2,http://dbpedia.org/property/country,http://dbpedia.org/ontology/country,0,0,0,1,
3,http://dbpedia.org/property/dateofbirth,http://dbpedia.org/ontology/birthDate,0,0,0,1,
4,http://dbpedia.org/property/dateofdeath,http://dbpedia.org/ontology/deathDate,0,0,0,1,
5,http://dbpedia.org/property/formerchoreographer,http://dbpedia.org/ontology/formerChoreographer,0,0,0,1,
6,http://dbpedia.org/property/formercoach,http://dbpedia.org/ontology/formerCoach,0,0,0,1,
7,http://dbpedia.org/property/formerpartner,http://dbpedia.org/ontology/formerPartner,0,0,0,1,
8,http://dbpedia.org/property/height,http://dbpedia.org/ontology/height,0,0,0,1,
9,http://dbpedia.org/property/partner,http://dbpedia.org/ontology/currentPartner,0,0,0,1,
10,http://dbpedia.org/property/residence,http://dbpedia.org/ontology/residence,0,0,0,1,
11,http://dbpedia.org/property/retired,http://dbpedia.org/ontology/activeYearsEndYear,0,0,0,1,
12,http://dbpedia.org/property/skatingclub,http://dbpedia.org/ontology/club,0,0,0,1,
13,http://dbpedia.org/property/title,http://xmlns.com/foaf/0.1/name,0,0,0,1,
