0,http://dbpedia.org/property/closing,http://dbpedia.org/ontology/closingFilm,0,0,0,1,
1,http://dbpedia.org/property/date,http://dbpedia.org/ontology/endDate,0,0,0,1,
2,http://dbpedia.org/property/directors,http://dbpedia.org/ontology/director,0,0,0,1,
3,http://dbpedia.org/property/films,http://dbpedia.org/ontology/film,0,0,0,1,
4,http://dbpedia.org/property/language,http://dbpedia.org/ontology/language,0,0,0,1,
5,http://dbpedia.org/property/location,http://dbpedia.org/ontology/location,0,0,0,1,
6,http://dbpedia.org/property/name,http://xmlns.com/foaf/0.1/name,0,0,0,1,
7,http://dbpedia.org/property/opening,http://dbpedia.org/ontology/openingFilm,0,0,0,1,
8,http://dbpedia.org/property/producers,http://dbpedia.org/ontology/producer,0,0,0,1,
9,http://dbpedia.org/property/starring,http://dbpedia.org/ontology/starring,0,0,0,1,
10,http://dbpedia.org/property/website,http://xmlns.com/foaf/0.1/homepage,0,0,0,1,
11,http://dbpedia.org/property/writers,http://dbpedia.org/ontology/writer,0,0,0,1,
