0,http://dbpedia.org/property/alternativeSpelling,http://xmlns.com/foaf/0.1/name,0,0,0,1,
0,http://dbpedia.org/property/name,http://xmlns.com/foaf/0.1/name,0,0,0,1,
1,http://dbpedia.org/property/gender,http://dbpedia.org/ontology/gender,0,0,0,1,
2,http://dbpedia.org/property/meaning,http://dbpedia.org/ontology/meaning,0,0,0,1,
3,http://dbpedia.org/property/nameDay,http://dbpedia.org/ontology/nameDay,0,0,0,1,
4,http://dbpedia.org/property/nickname,http://xmlns.com/foaf/0.1/nick,0,0,0,1,
5,http://dbpedia.org/property/region,http://dbpedia.org/ontology/region,0,0,0,1,
