0,http://dbpedia.org/property/added,http://dbpedia.org/ontology/added,0,0,0,1,
1,http://dbpedia.org/property/architect,http://dbpedia.org/ontology/architect,0,0,0,1,
2,http://dbpedia.org/property/architecture,http://dbpedia.org/ontology/architecturalStyle,0,0,0,1,
3,http://dbpedia.org/property/area,http://dbpedia.org/ontology/area,0,0,0,1,
4,http://dbpedia.org/property/built,http://dbpedia.org/ontology/yearOfConstruction,0,0,0,1,
5,http://dbpedia.org/property/designatedOther1Name,http://dbpedia.org/ontology/nrhpType,0,0,0,1,
5,http://dbpedia.org/property/designatedOther2Name,http://dbpedia.org/ontology/nrhpType,0,0,0,1,
5,http://dbpedia.org/property/designatedOther3Name,http://dbpedia.org/ontology/nrhpType,0,0,0,1,
5,http://dbpedia.org/property/designatedOther4Name,http://dbpedia.org/ontology/nrhpType,0,0,0,1,
5,http://dbpedia.org/property/nrhpType,http://dbpedia.org/ontology/nrhpType,0,0,0,1,
5,http://dbpedia.org/property/nrhpType2,http://dbpedia.org/ontology/nrhpType,0,0,0,1,
5,http://dbpedia.org/property/nrhpType3,http://dbpedia.org/ontology/nrhpType,0,0,0,1,
5,http://dbpedia.org/property/nrhpType4,http://dbpedia.org/ontology/nrhpType,0,0,0,1,
6,http://dbpedia.org/property/established,http://dbpedia.org/ontology/foundingDate,0,0,0,1,
7,http://dbpedia.org/property/governingBody,http://dbpedia.org/ontology/governingBody,0,0,0,1,
8,http://dbpedia.org/property/image,http://dbpedia.org/ontology/picture,0,0,0,1,
9,http://dbpedia.org/property/latitude,http://www.w3.org/2003/01/geo/wgs84_pos#lat,0,0,0,1,
10,http://dbpedia.org/property/location,http://dbpedia.org/ontology/location,0,0,0,1,
11,http://dbpedia.org/property/longitude,http://www.w3.org/2003/01/geo/wgs84_pos#long,0,0,0,1,
12,http://dbpedia.org/property/name,http://xmlns.com/foaf/0.1/name,0,0,0,1,
13,http://dbpedia.org/property/nearestCity,http://dbpedia.org/ontology/nearestCity,0,0,0,1,
14,http://dbpedia.org/property/refnum,http://dbpedia.org/ontology/nrhpReferenceNumber,0,0,0,1,
15,http://dbpedia.org/property/visitationNum,http://dbpedia.org/ontology/numberOfVisitors,0,0,0,1,
16,http://dbpedia.org/property/visitationYear,http://dbpedia.org/ontology/numberOfVisitorsAsOf,0,0,0,1,
