0,http://dbpedia.org/property/architect,http://dbpedia.org/ontology/architect,0,0,0,1,
1,http://dbpedia.org/property/architecturalType,http://dbpedia.org/ontology/architecturalStyle,0,0,0,1,
1,http://dbpedia.org/property/style,http://dbpedia.org/ontology/architecturalStyle,0,0,0,1,
2,http://dbpedia.org/property/churchName,http://xmlns.com/foaf/0.1/name,0,0,0,1,
2,http://dbpedia.org/property/fullname,http://xmlns.com/foaf/0.1/name,0,0,0,1,
2,http://dbpedia.org/property/name,http://xmlns.com/foaf/0.1/name,0,0,0,1,
3,http://dbpedia.org/property/country,http://dbpedia.org/ontology/country,0,0,0,1,
4,http://dbpedia.org/property/district,http://dbpedia.org/ontology/district,0,0,0,1,
5,http://dbpedia.org/property/location,http://dbpedia.org/ontology/location,0,0,0,1,
6,http://dbpedia.org/property/pastor,http://dbpedia.org/ontology/pastor,0,0,0,1,
7,http://dbpedia.org/property/website,http://xmlns.com/foaf/0.1/page,0,0,0,1,
