0,http://dbpedia.org/property/affiliation,http://dbpedia.org/ontology/affiliation,0,0,0,1,
1,http://dbpedia.org/property/beds,http://dbpedia.org/ontology/bedCount,0,0,0,1,
2,http://dbpedia.org/property/closed,http://dbpedia.org/ontology/closingYear,0,0,0,1,
3,http://dbpedia.org/property/country,http://dbpedia.org/ontology/country,0,0,0,1,
4,http://dbpedia.org/property/founded,http://dbpedia.org/ontology/openingYear,0,0,0,1,
5,http://dbpedia.org/property/location,http://dbpedia.org/ontology/location,0,0,0,1,
6,http://dbpedia.org/property/logo,http://xmlns.com/foaf/0.1/logo,0,0,0,1,
7,http://dbpedia.org/property/name,http://xmlns.com/foaf/0.1/name,0,0,0,1,
8,http://dbpedia.org/property/org/group,http://dbpedia.org/ontology/owner,0,0,0,1,
9,http://dbpedia.org/property/region,http://dbpedia.org/ontology/region,0,0,0,1,
10,http://dbpedia.org/property/state,http://dbpedia.org/ontology/state,0,0,0,1,
11,http://dbpedia.org/property/website,http://xmlns.com/foaf/0.1/homepage,0,0,0,1,
