0,http://dbpedia.org/property/ecnumber,http://dbpedia.org/ontology/ecNumber,0,0,0,1,
1,http://dbpedia.org/property/hgncid,http://dbpedia.org/ontology/hgncid,0,0,0,1,
2,http://dbpedia.org/property/hsEnsembl,http://dbpedia.org/ontology/ensembl,0,0,0,1,
2,http://dbpedia.org/property/mmEnsembl,http://dbpedia.org/ontology/ensembl,0,0,0,1,
3,http://dbpedia.org/property/hsEntrezgene,http://dbpedia.org/ontology/entrezgene,0,0,0,1,
3,http://dbpedia.org/property/mmEntrezgene,http://dbpedia.org/ontology/entrezgene,0,0,0,1,
4,http://dbpedia.org/property/hsGenlocChr,http://dbpedia.org/ontology/onChromosome,0,0,0,1,
4,http://dbpedia.org/property/mmGenlocChr,http://dbpedia.org/ontology/onChromosome,0,0,0,1,
5,http://dbpedia.org/property/hsGenlocDb,http://dbpedia.org/ontology/genomeDB,0,0,0,1,
5,http://dbpedia.org/property/mmGenlocDb,http://dbpedia.org/ontology/genomeDB,0,0,0,1,
6,http://dbpedia.org/property/hsGenlocEnd,http://dbpedia.org/ontology/geneLocationEnd,0,0,0,1,
6,http://dbpedia.org/property/mmGenlocEnd,http://dbpedia.org/ontology/geneLocationEnd,0,0,0,1,
7,http://dbpedia.org/property/hsGenlocStart,http://dbpedia.org/ontology/geneLocationStart,0,0,0,1,
7,http://dbpedia.org/property/mmGenlocStart,http://dbpedia.org/ontology/geneLocationStart,0,0,0,1,
8,http://dbpedia.org/property/hsRefseqmrna,http://dbpedia.org/ontology/refseqmrna,0,0,0,1,
8,http://dbpedia.org/property/mmRefseqmrna,http://dbpedia.org/ontology/refseqmrna,0,0,0,1,
9,http://dbpedia.org/property/hsRefseqprotein,http://dbpedia.org/ontology/refseqprotein,0,0,0,1,
9,http://dbpedia.org/property/mmRefseqprotein,http://dbpedia.org/ontology/refseqprotein,0,0,0,1,
10,http://dbpedia.org/property/hsUniprot,http://dbpedia.org/ontology/uniprot,0,0,0,1,
10,http://dbpedia.org/property/mmUniprot,http://dbpedia.org/ontology/uniprot,0,0,0,1,
11,http://dbpedia.org/property/image,http://xmlns.com/foaf/0.1/img,0,0,0,1,
12,http://dbpedia.org/property/mgiid,http://dbpedia.org/ontology/mgiid,0,0,0,1,
13,http://dbpedia.org/property/name,http://xmlns.com/foaf/0.1/name,0,0,0,1,
14,http://dbpedia.org/property/omim,http://dbpedia.org/ontology/omim,0,0,0,1,
15,http://dbpedia.org/property/symbol,http://dbpedia.org/ontology/symbol,0,0,0,1,
