0,http://dbpedia.org/property/birthDate,http://dbpedia.org/ontology/birthDate,0,0,0,1,
1,http://dbpedia.org/property/birthPlace,http://dbpedia.org/ontology/birthPlace,0,0,0,1,
2,http://dbpedia.org/property/careerEnd,http://dbpedia.org/ontology/activeYearsEndYear,0,0,0,1,
3,http://dbpedia.org/property/careerStart,http://dbpedia.org/ontology/activeYearsStartYear,0,0,0,1,
4,http://dbpedia.org/property/catches,http://dbpedia.org/ontology/shoots,0,0,0,1,
4,http://dbpedia.org/property/caught,http://dbpedia.org/ontology/shoots,0,0,0,1,
4,http://dbpedia.org/property/shoots,http://dbpedia.org/ontology/shoots,0,0,0,1,
4,http://dbpedia.org/property/shot,http://dbpedia.org/ontology/shoots,0,0,0,1,
5,http://dbpedia.org/property/deathDate,http://dbpedia.org/ontology/deathDate,0,0,0,1,
6,http://dbpedia.org/property/deathPlace,http://dbpedia.org/ontology/deathPlace,0,0,0,1,
7,http://dbpedia.org/property/draft,http://dbpedia.org/ontology/draft,0,0,0,1,
8,http://dbpedia.org/property/draftTeam,http://dbpedia.org/ontology/draftTeam,0,0,0,1,
9,http://dbpedia.org/property/draftYear,http://dbpedia.org/ontology/draftYear,0,0,0,1,
10,http://dbpedia.org/property/formerTeams,http://dbpedia.org/ontology/formerTeam,0,0,0,1,
10,http://dbpedia.org/property/playedFor,http://dbpedia.org/ontology/formerTeam,0,0,0,1,
11,http://dbpedia.org/property/halloffame,http://dbpedia.org/ontology/hallOfFame,0,0,0,1,
12,http://dbpedia.org/property/league,http://dbpedia.org/ontology/league,0,0,0,1,
13,http://dbpedia.org/property/nationality,http://dbpedia.org/ontology/nationality,0,0,0,1,
13,http://dbpedia.org/property/nationality2,http://dbpedia.org/ontology/nationality,0,0,0,1,
14,http://dbpedia.org/property/position,http://dbpedia.org/ontology/position,0,0,0,1,
15,http://dbpedia.org/property/prospectLeague,http://dbpedia.org/ontology/prospectLeague,0,0,0,1,
16,http://dbpedia.org/property/prospectTeam,http://dbpedia.org/ontology/prospectTeam,0,0,0,1,
17,http://dbpedia.org/property/team,http://dbpedia.org/ontology/team,0,0,0,1,
18,http://dbpedia.org/property/website,http://xmlns.com/foaf/0.1/homepage,0,0,0,1,
19,http://dbpedia.org/property/weightLb,http://dbpedia.org/ontology/weight,0,0,0,1,
20,http://dbpedia.org/property/whaDraft,http://dbpedia.org/ontology/whaDraft,0,0,0,1,
21,http://dbpedia.org/property/whaDraftTeam,http://dbpedia.org/ontology/whaDraftTeam,0,0,0,1,
22,http://dbpedia.org/property/whaDraftYear,http://dbpedia.org/ontology/whaDraftYear,0,0,0,1,
