0,http://dbpedia.org/property/archipelago,http://dbpedia.org/ontology/archipelago,0,0,0,1,
0,http://dbpedia.org/property/islandGroup,http://dbpedia.org/ontology/archipelago,0,0,0,1,
1,http://dbpedia.org/property/area,http://dbpedia.org/ontology/areaTotal,0,0,0,1,
1,http://dbpedia.org/property/areaAcre,http://dbpedia.org/ontology/areaTotal,0,0,0,1,0.5,
1,http://dbpedia.org/property/areaHa,http://dbpedia.org/ontology/areaTotal,0,0,0,1,0.5,
1,http://dbpedia.org/property/areaKm2,http://dbpedia.org/ontology/areaTotal,0,0,0,1,0.5,
1,http://dbpedia.org/property/areaM2,http://dbpedia.org/ontology/areaTotal,0,0,0,1,0.5,
1,http://dbpedia.org/property/areaSqft,http://dbpedia.org/ontology/areaTotal,0,0,0,1,0.5,
1,http://dbpedia.org/property/areaSqmi,http://dbpedia.org/ontology/areaTotal,0,0,0,1,0.5,
2,http://dbpedia.org/property/celticName,http://xmlns.com/foaf/0.1/name,0,0,0,1,
2,http://dbpedia.org/property/name,http://xmlns.com/foaf/0.1/name,0,0,0,1,
2,http://dbpedia.org/property/nativeName,http://xmlns.com/foaf/0.1/name,0,0,0,1,
2,http://dbpedia.org/property/officialName,http://xmlns.com/foaf/0.1/name,0,0,0,1,
3,http://dbpedia.org/property/country,http://dbpedia.org/ontology/country,0,0,0,1,
3,http://dbpedia.org/property/country1,http://dbpedia.org/ontology/country,0,0,0,1,
3,http://dbpedia.org/property/country2,http://dbpedia.org/ontology/country,0,0,0,1,
4,http://dbpedia.org/property/countryCapital,http://dbpedia.org/ontology/capital,0,0,0,1,
5,http://dbpedia.org/property/countryLargestCity,http://dbpedia.org/ontology/largestCity,0,0,0,1,
6,http://dbpedia.org/property/density,http://dbpedia.org/ontology/populationDensity,0,0,0,1,
6,http://dbpedia.org/property/populationDensity,http://dbpedia.org/ontology/populationDensity,0,0,0,1,
7,http://dbpedia.org/property/elevation,http://dbpedia.org/ontology/elevation,0,0,0,1,0.5,
7,http://dbpedia.org/property/elevationFt,http://dbpedia.org/ontology/elevation,0,0,0,1,0.5,
7,http://dbpedia.org/property/elevationM,http://dbpedia.org/ontology/elevation,0,0,0,1,0.5,
8,http://dbpedia.org/property/ethnicGroups,http://dbpedia.org/ontology/ethnicGroup,0,0,0,1,
9,http://dbpedia.org/property/highestElevation,http://dbpedia.org/ontology/maximumElevation,0,0,0,1,
10,http://dbpedia.org/property/length,http://dbpedia.org/ontology/length,0,0,0,1,0.5,
10,http://dbpedia.org/property/lengthFt,http://dbpedia.org/ontology/length,0,0,0,1,0.5,
10,http://dbpedia.org/property/lengthKm,http://dbpedia.org/ontology/length,0,0,0,1,0.5,
10,http://dbpedia.org/property/lengthM,http://dbpedia.org/ontology/length,0,0,0,1,0.5,
10,http://dbpedia.org/property/lengthMi,http://dbpedia.org/ontology/length,0,0,0,1,0.5,
11,http://dbpedia.org/property/localAuthority,http://dbpedia.org/ontology/unitaryAuthority,0,0,0,1,
12,http://dbpedia.org/property/location,http://dbpedia.org/ontology/location,0,0,0,1,
13,http://dbpedia.org/property/mainSettlement,http://dbpedia.org/ontology/largestSettlement,0,0,0,1,
14,http://dbpedia.org/property/majorIslands,http://dbpedia.org/ontology/majorIsland,0,0,0,1,
15,http://dbpedia.org/property/nickname,http://xmlns.com/foaf/0.1/nick,0,0,0,1,
16,http://dbpedia.org/property/population,http://dbpedia.org/ontology/populationTotal,0,0,0,1,
17,http://dbpedia.org/property/populationAsOf,http://dbpedia.org/ontology/populationAsOf,0,0,0,1,
18,http://dbpedia.org/property/totalIslands,http://dbpedia.org/ontology/numberOfIslands,0,0,0,1,
19,http://dbpedia.org/property/width,http://dbpedia.org/ontology/width,0,0,0,1,0.5,
19,http://dbpedia.org/property/widthKm,http://dbpedia.org/ontology/width,0,0,0,1,0.5,
19,http://dbpedia.org/property/widthMi,http://dbpedia.org/ontology/width,0,0,0,1,0.5,
