0,http://dbpedia.org/property/allegiance,http://dbpedia.org/ontology/country,0,0,0,1,
0,http://dbpedia.org/property/ambassadorFrom,http://dbpedia.org/ontology/country,0,0,0,1,
0,http://dbpedia.org/property/ambassadorFrom1,http://dbpedia.org/ontology/country,0,0,0,1,
0,http://dbpedia.org/property/ambassadorFrom2,http://dbpedia.org/ontology/country,0,0,0,1,
0,http://dbpedia.org/property/ambassadorFrom3,http://dbpedia.org/ontology/country,0,0,0,1,
0,http://dbpedia.org/property/ambassadorFrom4,http://dbpedia.org/ontology/country,0,0,0,1,
0,http://dbpedia.org/property/ambassadorFrom5,http://dbpedia.org/ontology/country,0,0,0,1,
0,http://dbpedia.org/property/ambassadorFrom6,http://dbpedia.org/ontology/country,0,0,0,1,
0,http://dbpedia.org/property/ambassadorFrom7,http://dbpedia.org/ontology/country,0,0,0,1,
0,http://dbpedia.org/property/ambassadorFrom8,http://dbpedia.org/ontology/country,0,0,0,1,
0,http://dbpedia.org/property/ambassadorFrom9,http://dbpedia.org/ontology/country,0,0,0,1,
0,http://dbpedia.org/property/country,http://dbpedia.org/ontology/country,0,0,0,1,
0,http://dbpedia.org/property/country1,http://dbpedia.org/ontology/country,0,0,0,1,
0,http://dbpedia.org/property/country2,http://dbpedia.org/ontology/country,0,0,0,1,
0,http://dbpedia.org/property/country3,http://dbpedia.org/ontology/country,0,0,0,1,
0,http://dbpedia.org/property/country4,http://dbpedia.org/ontology/country,0,0,0,1,
0,http://dbpedia.org/property/country5,http://dbpedia.org/ontology/country,0,0,0,1,
0,http://dbpedia.org/property/country6,http://dbpedia.org/ontology/country,0,0,0,1,
0,http://dbpedia.org/property/country7,http://dbpedia.org/ontology/country,0,0,0,1,
0,http://dbpedia.org/property/country8,http://dbpedia.org/ontology/country,0,0,0,1,
0,http://dbpedia.org/property/country9,http://dbpedia.org/ontology/country,0,0,0,1,
0,http://dbpedia.org/property/parliament1,http://dbpedia.org/ontology/country,0,0,0,1,
0,http://dbpedia.org/property/parliament2,http://dbpedia.org/ontology/country,0,0,0,1,
0,http://dbpedia.org/property/parliament3,http://dbpedia.org/ontology/country,0,0,0,1,
0,http://dbpedia.org/property/parliament4,http://dbpedia.org/ontology/country,0,0,0,1,
0,http://dbpedia.org/property/parliament5,http://dbpedia.org/ontology/country,0,0,0,1,
0,http://dbpedia.org/property/parliament6,http://dbpedia.org/ontology/country,0,0,0,1,
0,http://dbpedia.org/property/parliament7,http://dbpedia.org/ontology/country,0,0,0,1,
0,http://dbpedia.org/property/parliament8,http://dbpedia.org/ontology/country,0,0,0,1,
0,http://dbpedia.org/property/parliament9,http://dbpedia.org/ontology/country,0,0,0,1,
1,http://dbpedia.org/property/almaMater,http://dbpedia.org/ontology/almaMater,0,0,0,1,
2,http://dbpedia.org/property/alongside,http://dbpedia.org/ontology/associate,0,0,0,1,
2,http://dbpedia.org/property/alongside1,http://dbpedia.org/ontology/associate,0,0,0,1,
2,http://dbpedia.org/property/alongside2,http://dbpedia.org/ontology/associate,0,0,0,1,
2,http://dbpedia.org/property/alongside3,http://dbpedia.org/ontology/associate,0,0,0,1,
2,http://dbpedia.org/property/alongside4,http://dbpedia.org/ontology/associate,0,0,0,1,
2,http://dbpedia.org/property/alongside5,http://dbpedia.org/ontology/associate,0,0,0,1,
2,http://dbpedia.org/property/alongside6,http://dbpedia.org/ontology/associate,0,0,0,1,
2,http://dbpedia.org/property/alongside7,http://dbpedia.org/ontology/associate,0,0,0,1,
2,http://dbpedia.org/property/alongside8,http://dbpedia.org/ontology/associate,0,0,0,1,
2,http://dbpedia.org/property/alongside9,http://dbpedia.org/ontology/associate,0,0,0,1,
3,http://dbpedia.org/property/appointed,http://dbpedia.org/ontology/appointer,0,0,0,1,
3,http://dbpedia.org/property/appointer,http://dbpedia.org/ontology/appointer,0,0,0,1,
4,http://dbpedia.org/property/assembly,http://dbpedia.org/ontology/office,0,0,0,1,
4,http://dbpedia.org/property/assembly1,http://dbpedia.org/ontology/office,0,0,0,1,
4,http://dbpedia.org/property/assembly2,http://dbpedia.org/ontology/office,0,0,0,1,
4,http://dbpedia.org/property/assembly3,http://dbpedia.org/ontology/office,0,0,0,1,
4,http://dbpedia.org/property/assembly4,http://dbpedia.org/ontology/office,0,0,0,1,
4,http://dbpedia.org/property/assembly5,http://dbpedia.org/ontology/office,0,0,0,1,
4,http://dbpedia.org/property/assembly6,http://dbpedia.org/ontology/office,0,0,0,1,
4,http://dbpedia.org/property/assembly7,http://dbpedia.org/ontology/office,0,0,0,1,
4,http://dbpedia.org/property/assembly8,http://dbpedia.org/ontology/office,0,0,0,1,
4,http://dbpedia.org/property/assembly9,http://dbpedia.org/ontology/office,0,0,0,1,
4,http://dbpedia.org/property/cabinet,http://dbpedia.org/ontology/office,0,0,0,1,
4,http://dbpedia.org/property/office1,http://dbpedia.org/ontology/office,0,0,0,1,
4,http://dbpedia.org/property/office2,http://dbpedia.org/ontology/office,0,0,0,1,
4,http://dbpedia.org/property/office3,http://dbpedia.org/ontology/office,0,0,0,1,
4,http://dbpedia.org/property/office4,http://dbpedia.org/ontology/office,0,0,0,1,
4,http://dbpedia.org/property/office5,http://dbpedia.org/ontology/office,0,0,0,1,
4,http://dbpedia.org/property/office6,http://dbpedia.org/ontology/office,0,0,0,1,
4,http://dbpedia.org/property/office7,http://dbpedia.org/ontology/office,0,0,0,1,
4,http://dbpedia.org/property/office8,http://dbpedia.org/ontology/office,0,0,0,1,
4,http://dbpedia.org/property/office9,http://dbpedia.org/ontology/office,0,0,0,1,
5,http://dbpedia.org/property/award,http://dbpedia.org/ontology/award,0,0,0,1,
5,http://dbpedia.org/property/awards,http://dbpedia.org/ontology/award,0,0,0,1,
6,http://dbpedia.org/property/battles,http://dbpedia.org/ontology/battle,0,0,0,1,
7,http://dbpedia.org/property/birthDate,http://dbpedia.org/ontology/birthDate,0,0,0,1,
8,http://dbpedia.org/property/birthPlace,http://dbpedia.org/ontology/birthPlace,0,0,0,1,
9,http://dbpedia.org/property/birthname,http://dbpedia.org/ontology/birthName,0,0,0,1,
10,http://dbpedia.org/property/branch,http://dbpedia.org/ontology/militaryBranch,0,0,0,1,
11,http://dbpedia.org/property/chancellor,http://dbpedia.org/ontology/chancellor,0,0,0,1,
12,http://dbpedia.org/property/children,http://dbpedia.org/ontology/child,0,0,0,1,
13,http://dbpedia.org/property/commands,http://dbpedia.org/ontology/militaryCommand,0,0,0,1,
14,http://dbpedia.org/property/committees,http://dbpedia.org/ontology/committee,0,0,0,1,
15,http://dbpedia.org/property/constituency,http://dbpedia.org/ontology/region,0,0,0,1,
15,http://dbpedia.org/property/constituency1,http://dbpedia.org/ontology/region,0,0,0,1,
15,http://dbpedia.org/property/constituency2,http://dbpedia.org/ontology/region,0,0,0,1,
15,http://dbpedia.org/property/constituency3,http://dbpedia.org/ontology/region,0,0,0,1,
15,http://dbpedia.org/property/constituency4,http://dbpedia.org/ontology/region,0,0,0,1,
15,http://dbpedia.org/property/constituency5,http://dbpedia.org/ontology/region,0,0,0,1,
15,http://dbpedia.org/property/constituency6,http://dbpedia.org/ontology/region,0,0,0,1,
15,http://dbpedia.org/property/constituency7,http://dbpedia.org/ontology/region,0,0,0,1,
15,http://dbpedia.org/property/constituency8,http://dbpedia.org/ontology/region,0,0,0,1,
15,http://dbpedia.org/property/constituency9,http://dbpedia.org/ontology/region,0,0,0,1,
15,http://dbpedia.org/property/constituencyAm,http://dbpedia.org/ontology/region,0,0,0,1,
15,http://dbpedia.org/property/constituencyAm1,http://dbpedia.org/ontology/region,0,0,0,1,
15,http://dbpedia.org/property/constituencyAm2,http://dbpedia.org/ontology/region,0,0,0,1,
15,http://dbpedia.org/property/constituencyAm3,http://dbpedia.org/ontology/region,0,0,0,1,
15,http://dbpedia.org/property/constituencyAm4,http://dbpedia.org/ontology/region,0,0,0,1,
15,http://dbpedia.org/property/constituencyAm5,http://dbpedia.org/ontology/region,0,0,0,1,
15,http://dbpedia.org/property/constituencyAm6,http://dbpedia.org/ontology/region,0,0,0,1,
15,http://dbpedia.org/property/constituencyAm7,http://dbpedia.org/ontology/region,0,0,0,1,
15,http://dbpedia.org/property/constituencyAm8,http://dbpedia.org/ontology/region,0,0,0,1,
15,http://dbpedia.org/property/constituencyAm9,http://dbpedia.org/ontology/region,0,0,0,1,
15,http://dbpedia.org/property/constituencyMp,http://dbpedia.org/ontology/region,0,0,0,1,
15,http://dbpedia.org/property/constituencyMp1,http://dbpedia.org/ontology/region,0,0,0,1,
15,http://dbpedia.org/property/constituencyMp2,http://dbpedia.org/ontology/region,0,0,0,1,
15,http://dbpedia.org/property/constituencyMp3,http://dbpedia.org/ontology/region,0,0,0,1,
15,http://dbpedia.org/property/constituencyMp4,http://dbpedia.org/ontology/region,0,0,0,1,
15,http://dbpedia.org/property/constituencyMp5,http://dbpedia.org/ontology/region,0,0,0,1,
15,http://dbpedia.org/property/constituencyMp6,http://dbpedia.org/ontology/region,0,0,0,1,
15,http://dbpedia.org/property/constituencyMp7,http://dbpedia.org/ontology/region,0,0,0,1,
15,http://dbpedia.org/property/constituencyMp8,http://dbpedia.org/ontology/region,0,0,0,1,
15,http://dbpedia.org/property/constituencyMp9,http://dbpedia.org/ontology/region,0,0,0,1,
15,http://dbpedia.org/property/district,http://dbpedia.org/ontology/region,0,0,0,1,
15,http://dbpedia.org/property/district1,http://dbpedia.org/ontology/region,0,0,0,1,
15,http://dbpedia.org/property/district2,http://dbpedia.org/ontology/region,0,0,0,1,
15,http://dbpedia.org/property/district3,http://dbpedia.org/ontology/region,0,0,0,1,
15,http://dbpedia.org/property/district4,http://dbpedia.org/ontology/region,0,0,0,1,
15,http://dbpedia.org/property/district5,http://dbpedia.org/ontology/region,0,0,0,1,
15,http://dbpedia.org/property/district6,http://dbpedia.org/ontology/region,0,0,0,1,
15,http://dbpedia.org/property/district7,http://dbpedia.org/ontology/region,0,0,0,1,
15,http://dbpedia.org/property/district8,http://dbpedia.org/ontology/region,0,0,0,1,
15,http://dbpedia.org/property/district9,http://dbpedia.org/ontology/region,0,0,0,1,
15,http://dbpedia.org/property/state1,http://dbpedia.org/ontology/region,0,0,0,1,
15,http://dbpedia.org/property/state2,http://dbpedia.org/ontology/region,0,0,0,1,
15,http://dbpedia.org/property/state3,http://dbpedia.org/ontology/region,0,0,0,1,
15,http://dbpedia.org/property/state4,http://dbpedia.org/ontology/region,0,0,0,1,
15,http://dbpedia.org/property/state5,http://dbpedia.org/ontology/region,0,0,0,1,
15,http://dbpedia.org/property/state6,http://dbpedia.org/ontology/region,0,0,0,1,
15,http://dbpedia.org/property/state7,http://dbpedia.org/ontology/region,0,0,0,1,
15,http://dbpedia.org/property/state8,http://dbpedia.org/ontology/region,0,0,0,1,
15,http://dbpedia.org/property/state9,http://dbpedia.org/ontology/region,0,0,0,1,
15,http://dbpedia.org/property/stateAssembly1,http://dbpedia.org/ontology/region,0,0,0,1,
15,http://dbpedia.org/property/stateAssembly2,http://dbpedia.org/ontology/region,0,0,0,1,
15,http://dbpedia.org/property/stateAssembly3,http://dbpedia.org/ontology/region,0,0,0,1,
15,http://dbpedia.org/property/stateAssembly4,http://dbpedia.org/ontology/region,0,0,0,1,
15,http://dbpedia.org/property/stateAssembly5,http://dbpedia.org/ontology/region,0,0,0,1,
15,http://dbpedia.org/property/stateAssembly6,http://dbpedia.org/ontology/region,0,0,0,1,
15,http://dbpedia.org/property/stateAssembly7,http://dbpedia.org/ontology/region,0,0,0,1,
15,http://dbpedia.org/property/stateAssembly8,http://dbpedia.org/ontology/region,0,0,0,1,
15,http://dbpedia.org/property/stateAssembly9,http://dbpedia.org/ontology/region,0,0,0,1,
15,http://dbpedia.org/property/stateHouse1,http://dbpedia.org/ontology/region,0,0,0,1,
15,http://dbpedia.org/property/stateHouse2,http://dbpedia.org/ontology/region,0,0,0,1,
15,http://dbpedia.org/property/stateHouse3,http://dbpedia.org/ontology/region,0,0,0,1,
15,http://dbpedia.org/property/stateHouse4,http://dbpedia.org/ontology/region,0,0,0,1,
15,http://dbpedia.org/property/stateHouse5,http://dbpedia.org/ontology/region,0,0,0,1,
15,http://dbpedia.org/property/stateHouse6,http://dbpedia.org/ontology/region,0,0,0,1,
15,http://dbpedia.org/property/stateHouse7,http://dbpedia.org/ontology/region,0,0,0,1,
15,http://dbpedia.org/property/stateHouse8,http://dbpedia.org/ontology/region,0,0,0,1,
15,http://dbpedia.org/property/stateHouse9,http://dbpedia.org/ontology/region,0,0,0,1,
15,http://dbpedia.org/property/stateLegislature1,http://dbpedia.org/ontology/region,0,0,0,1,
15,http://dbpedia.org/property/stateLegislature2,http://dbpedia.org/ontology/region,0,0,0,1,
15,http://dbpedia.org/property/stateLegislature3,http://dbpedia.org/ontology/region,0,0,0,1,
15,http://dbpedia.org/property/stateLegislature4,http://dbpedia.org/ontology/region,0,0,0,1,
15,http://dbpedia.org/property/stateLegislature5,http://dbpedia.org/ontology/region,0,0,0,1,
15,http://dbpedia.org/property/stateLegislature6,http://dbpedia.org/ontology/region,0,0,0,1,
15,http://dbpedia.org/property/stateLegislature7,http://dbpedia.org/ontology/region,0,0,0,1,
15,http://dbpedia.org/property/stateLegislature8,http://dbpedia.org/ontology/region,0,0,0,1,
15,http://dbpedia.org/property/stateLegislature9,http://dbpedia.org/ontology/region,0,0,0,1,
15,http://dbpedia.org/property/stateSenate1,http://dbpedia.org/ontology/region,0,0,0,1,
15,http://dbpedia.org/property/stateSenate2,http://dbpedia.org/ontology/region,0,0,0,1,
15,http://dbpedia.org/property/stateSenate3,http://dbpedia.org/ontology/region,0,0,0,1,
15,http://dbpedia.org/property/stateSenate4,http://dbpedia.org/ontology/region,0,0,0,1,
15,http://dbpedia.org/property/stateSenate5,http://dbpedia.org/ontology/region,0,0,0,1,
15,http://dbpedia.org/property/stateSenate6,http://dbpedia.org/ontology/region,0,0,0,1,
15,http://dbpedia.org/property/stateSenate7,http://dbpedia.org/ontology/region,0,0,0,1,
15,http://dbpedia.org/property/stateSenate8,http://dbpedia.org/ontology/region,0,0,0,1,
15,http://dbpedia.org/property/stateSenate9,http://dbpedia.org/ontology/region,0,0,0,1,
16,http://dbpedia.org/property/deathDate,http://dbpedia.org/ontology/deathDate,0,0,0,1,
17,http://dbpedia.org/property/deathPlace,http://dbpedia.org/ontology/deathPlace,0,0,0,1,
18,http://dbpedia.org/property/deputy,http://dbpedia.org/ontology/deputy,0,0,0,1,
18,http://dbpedia.org/property/deputy1,http://dbpedia.org/ontology/deputy,0,0,0,1,
18,http://dbpedia.org/property/deputy2,http://dbpedia.org/ontology/deputy,0,0,0,1,
18,http://dbpedia.org/property/deputy3,http://dbpedia.org/ontology/deputy,0,0,0,1,
18,http://dbpedia.org/property/deputy4,http://dbpedia.org/ontology/deputy,0,0,0,1,
18,http://dbpedia.org/property/deputy5,http://dbpedia.org/ontology/deputy,0,0,0,1,
18,http://dbpedia.org/property/deputy6,http://dbpedia.org/ontology/deputy,0,0,0,1,
18,http://dbpedia.org/property/deputy7,http://dbpedia.org/ontology/deputy,0,0,0,1,
18,http://dbpedia.org/property/deputy8,http://dbpedia.org/ontology/deputy,0,0,0,1,
18,http://dbpedia.org/property/deputy9,http://dbpedia.org/ontology/deputy,0,0,0,1,
19,http://dbpedia.org/property/electionDate,http://dbpedia.org/ontology/electionDate,0,0,0,1,
20,http://dbpedia.org/property/governor,http://dbpedia.org/ontology/governor,0,0,0,1,
20,http://dbpedia.org/property/governor1,http://dbpedia.org/ontology/governor,0,0,0,1,
20,http://dbpedia.org/property/governor2,http://dbpedia.org/ontology/governor,0,0,0,1,
20,http://dbpedia.org/property/governor3,http://dbpedia.org/ontology/governor,0,0,0,1,
20,http://dbpedia.org/property/governor4,http://dbpedia.org/ontology/governor,0,0,0,1,
20,http://dbpedia.org/property/governor5,http://dbpedia.org/ontology/governor,0,0,0,1,
20,http://dbpedia.org/property/governor6,http://dbpedia.org/ontology/governor,0,0,0,1,
20,http://dbpedia.org/property/governor7,http://dbpedia.org/ontology/governor,0,0,0,1,
20,http://dbpedia.org/property/governor8,http://dbpedia.org/ontology/governor,0,0,0,1,
20,http://dbpedia.org/property/governor9,http://dbpedia.org/ontology/governor,0,0,0,1,
21,http://dbpedia.org/property/governor-general,http://dbpedia.org/ontology/governorGeneral,0,0,0,1,
21,http://dbpedia.org/property/governorGeneral,http://dbpedia.org/ontology/governorGeneral,0,0,0,1,
22,http://dbpedia.org/property/incumbent,http://dbpedia.org/ontology/incumbent,0,0,0,1,
23,http://dbpedia.org/property/jr/sr1,http://dbpedia.org/ontology/seniority,0,0,0,1,
23,http://dbpedia.org/property/jr/sr2,http://dbpedia.org/ontology/seniority,0,0,0,1,
23,http://dbpedia.org/property/jr/sr3,http://dbpedia.org/ontology/seniority,0,0,0,1,
23,http://dbpedia.org/property/jr/sr4,http://dbpedia.org/ontology/seniority,0,0,0,1,
23,http://dbpedia.org/property/jr/sr5,http://dbpedia.org/ontology/seniority,0,0,0,1,
23,http://dbpedia.org/property/jr/sr6,http://dbpedia.org/ontology/seniority,0,0,0,1,
23,http://dbpedia.org/property/jr/sr7,http://dbpedia.org/ontology/seniority,0,0,0,1,
23,http://dbpedia.org/property/jr/sr8,http://dbpedia.org/ontology/seniority,0,0,0,1,
23,http://dbpedia.org/property/jr/sr9,http://dbpedia.org/ontology/seniority,0,0,0,1,
24,http://dbpedia.org/property/lieutenant,http://dbpedia.org/ontology/lieutenant,0,0,0,1,
24,http://dbpedia.org/property/lieutenant1,http://dbpedia.org/ontology/lieutenant,0,0,0,1,
24,http://dbpedia.org/property/lieutenant2,http://dbpedia.org/ontology/lieutenant,0,0,0,1,
24,http://dbpedia.org/property/lieutenant3,http://dbpedia.org/ontology/lieutenant,0,0,0,1,
24,http://dbpedia.org/property/lieutenant4,http://dbpedia.org/ontology/lieutenant,0,0,0,1,
24,http://dbpedia.org/property/lieutenant5,http://dbpedia.org/ontology/lieutenant,0,0,0,1,
24,http://dbpedia.org/property/lieutenant6,http://dbpedia.org/ontology/lieutenant,0,0,0,1,
24,http://dbpedia.org/property/lieutenant7,http://dbpedia.org/ontology/lieutenant,0,0,0,1,
24,http://dbpedia.org/property/lieutenant8,http://dbpedia.org/ontology/lieutenant,0,0,0,1,
24,http://dbpedia.org/property/lieutenant9,http://dbpedia.org/ontology/lieutenant,0,0,0,1,
25,http://dbpedia.org/property/majority,http://dbpedia.org/ontology/electionMajority,0,0,0,1,
25,http://dbpedia.org/property/majority1,http://dbpedia.org/ontology/electionMajority,0,0,0,1,
25,http://dbpedia.org/property/majority2,http://dbpedia.org/ontology/electionMajority,0,0,0,1,
25,http://dbpedia.org/property/majority3,http://dbpedia.org/ontology/electionMajority,0,0,0,1,
25,http://dbpedia.org/property/majority4,http://dbpedia.org/ontology/electionMajority,0,0,0,1,
25,http://dbpedia.org/property/majority5,http://dbpedia.org/ontology/electionMajority,0,0,0,1,
25,http://dbpedia.org/property/majority6,http://dbpedia.org/ontology/electionMajority,0,0,0,1,
25,http://dbpedia.org/property/majority7,http://dbpedia.org/ontology/electionMajority,0,0,0,1,
25,http://dbpedia.org/property/majority8,http://dbpedia.org/ontology/electionMajority,0,0,0,1,
25,http://dbpedia.org/property/majority9,http://dbpedia.org/ontology/electionMajority,0,0,0,1,
26,http://dbpedia.org/property/majorityFloorLeader,http://dbpedia.org/ontology/majorityFloorLeader,0,0,0,1,
26,http://dbpedia.org/property/majorityFloorLeader1,http://dbpedia.org/ontology/majorityFloorLeader,0,0,0,1,
26,http://dbpedia.org/property/majorityFloorLeader2,http://dbpedia.org/ontology/majorityFloorLeader,0,0,0,1,
26,http://dbpedia.org/property/majorityFloorLeader3,http://dbpedia.org/ontology/majorityFloorLeader,0,0,0,1,
26,http://dbpedia.org/property/majorityFloorLeader4,http://dbpedia.org/ontology/majorityFloorLeader,0,0,0,1,
26,http://dbpedia.org/property/majorityFloorLeader5,http://dbpedia.org/ontology/majorityFloorLeader,0,0,0,1,
26,http://dbpedia.org/property/majorityFloorLeader6,http://dbpedia.org/ontology/majorityFloorLeader,0,0,0,1,
26,http://dbpedia.org/property/majorityFloorLeader7,http://dbpedia.org/ontology/majorityFloorLeader,0,0,0,1,
26,http://dbpedia.org/property/majorityFloorLeader8,http://dbpedia.org/ontology/majorityFloorLeader,0,0,0,1,
26,http://dbpedia.org/property/majorityFloorLeader9,http://dbpedia.org/ontology/majorityFloorLeader,0,0,0,1,
27,http://dbpedia.org/property/majorityleader1,http://dbpedia.org/ontology/majorityLeader,0,0,0,1,
27,http://dbpedia.org/property/majorityleader2,http://dbpedia.org/ontology/majorityLeader,0,0,0,1,
27,http://dbpedia.org/property/majorityleader3,http://dbpedia.org/ontology/majorityLeader,0,0,0,1,
27,http://dbpedia.org/property/majorityleader4,http://dbpedia.org/ontology/majorityLeader,0,0,0,1,
27,http://dbpedia.org/property/majorityleader5,http://dbpedia.org/ontology/majorityLeader,0,0,0,1,
27,http://dbpedia.org/property/majorityleader6,http://dbpedia.org/ontology/majorityLeader,0,0,0,1,
27,http://dbpedia.org/property/majorityleader7,http://dbpedia.org/ontology/majorityLeader,0,0,0,1,
27,http://dbpedia.org/property/majorityleader8,http://dbpedia.org/ontology/majorityLeader,0,0,0,1,
27,http://dbpedia.org/property/majorityleader9,http://dbpedia.org/ontology/majorityLeader,0,0,0,1,
28,http://dbpedia.org/property/minorityFloorLeader,http://dbpedia.org/ontology/minorityFloorLeader,0,0,0,1,
28,http://dbpedia.org/property/minorityFloorLeader1,http://dbpedia.org/ontology/minorityFloorLeader,0,0,0,1,
28,http://dbpedia.org/property/minorityFloorLeader2,http://dbpedia.org/ontology/minorityFloorLeader,0,0,0,1,
28,http://dbpedia.org/property/minorityFloorLeader3,http://dbpedia.org/ontology/minorityFloorLeader,0,0,0,1,
28,http://dbpedia.org/property/minorityFloorLeader4,http://dbpedia.org/ontology/minorityFloorLeader,0,0,0,1,
28,http://dbpedia.org/property/minorityFloorLeader5,http://dbpedia.org/ontology/minorityFloorLeader,0,0,0,1,
28,http://dbpedia.org/property/minorityFloorLeader6,http://dbpedia.org/ontology/minorityFloorLeader,0,0,0,1,
28,http://dbpedia.org/property/minorityFloorLeader7,http://dbpedia.org/ontology/minorityFloorLeader,0,0,0,1,
28,http://dbpedia.org/property/minorityFloorLeader8,http://dbpedia.org/ontology/minorityFloorLeader,0,0,0,1,
28,http://dbpedia.org/property/minorityFloorLeader9,http://dbpedia.org/ontology/minorityFloorLeader,0,0,0,1,
29,http://dbpedia.org/property/minorityLeader,http://dbpedia.org/ontology/minorityLeader,0,0,0,1,
29,http://dbpedia.org/property/minorityLeader1,http://dbpedia.org/ontology/minorityLeader,0,0,0,1,
29,http://dbpedia.org/property/minorityLeader2,http://dbpedia.org/ontology/minorityLeader,0,0,0,1,
29,http://dbpedia.org/property/minorityLeader3,http://dbpedia.org/ontology/minorityLeader,0,0,0,1,
29,http://dbpedia.org/property/minorityLeader4,http://dbpedia.org/ontology/minorityLeader,0,0,0,1,
29,http://dbpedia.org/property/minorityLeader5,http://dbpedia.org/ontology/minorityLeader,0,0,0,1,
29,http://dbpedia.org/property/minorityLeader6,http://dbpedia.org/ontology/minorityLeader,0,0,0,1,
29,http://dbpedia.org/property/minorityLeader7,http://dbpedia.org/ontology/minorityLeader,0,0,0,1,
29,http://dbpedia.org/property/minorityLeader8,http://dbpedia.org/ontology/minorityLeader,0,0,0,1,
29,http://dbpedia.org/property/minorityLeader9,http://dbpedia.org/ontology/minorityLeader,0,0,0,1,
30,http://dbpedia.org/property/monarch,http://dbpedia.org/ontology/monarch,0,0,0,1,
30,http://dbpedia.org/property/monarch1,http://dbpedia.org/ontology/monarch,0,0,0,1,
30,http://dbpedia.org/property/monarch2,http://dbpedia.org/ontology/monarch,0,0,0,1,
30,http://dbpedia.org/property/monarch3,http://dbpedia.org/ontology/monarch,0,0,0,1,
30,http://dbpedia.org/property/monarch4,http://dbpedia.org/ontology/monarch,0,0,0,1,
30,http://dbpedia.org/property/monarch5,http://dbpedia.org/ontology/monarch,0,0,0,1,
30,http://dbpedia.org/property/monarch6,http://dbpedia.org/ontology/monarch,0,0,0,1,
30,http://dbpedia.org/property/monarch7,http://dbpedia.org/ontology/monarch,0,0,0,1,
30,http://dbpedia.org/property/monarch8,http://dbpedia.org/ontology/monarch,0,0,0,1,
30,http://dbpedia.org/property/monarch9,http://dbpedia.org/ontology/monarch,0,0,0,1,
31,http://dbpedia.org/property/name,http://xmlns.com/foaf/0.1/name,0,0,0,1,
32,http://dbpedia.org/property/nationality,http://dbpedia.org/ontology/nationality,0,0,0,1,
33,http://dbpedia.org/property/nickname,http://xmlns.com/foaf/0.1/nick,0,0,0,1,
34,http://dbpedia.org/property/nominee,http://dbpedia.org/ontology/nominee,0,0,0,1,
35,http://dbpedia.org/property/occupation,http://dbpedia.org/ontology/occupation,0,0,0,1,
36,http://dbpedia.org/property/office,http://dbpedia.org/ontology/orderInOffice,0,0,0,1,
36,http://dbpedia.org/property/order,http://dbpedia.org/ontology/orderInOffice,0,0,0,1,
36,http://dbpedia.org/property/order1,http://dbpedia.org/ontology/orderInOffice,0,0,0,1,
36,http://dbpedia.org/property/order2,http://dbpedia.org/ontology/orderInOffice,0,0,0,1,
36,http://dbpedia.org/property/order3,http://dbpedia.org/ontology/orderInOffice,0,0,0,1,
36,http://dbpedia.org/property/order4,http://dbpedia.org/ontology/orderInOffice,0,0,0,1,
36,http://dbpedia.org/property/order5,http://dbpedia.org/ontology/orderInOffice,0,0,0,1,
36,http://dbpedia.org/property/order6,http://dbpedia.org/ontology/orderInOffice,0,0,0,1,
36,http://dbpedia.org/property/order7,http://dbpedia.org/ontology/orderInOffice,0,0,0,1,
36,http://dbpedia.org/property/order8,http://dbpedia.org/ontology/orderInOffice,0,0,0,1,
36,http://dbpedia.org/property/order9,http://dbpedia.org/ontology/orderInOffice,0,0,0,1,
37,http://dbpedia.org/property/opponent,http://dbpedia.org/ontology/opponent,0,0,0,1,
38,http://dbpedia.org/property/otherparty,http://dbpedia.org/ontology/otherParty,0,0,0,1,
39,http://dbpedia.org/property/partner,http://dbpedia.org/ontology/partner,0,0,0,1,
40,http://dbpedia.org/property/party,http://dbpedia.org/ontology/party,0,0,0,1,
40,http://dbpedia.org/property/partyElection,http://dbpedia.org/ontology/party,0,0,0,1,
41,http://dbpedia.org/property/portfolio,http://dbpedia.org/ontology/portfolio,0,0,0,1,
42,http://dbpedia.org/property/preceding,http://dbpedia.org/ontology/predecessor,0,0,0,1,
42,http://dbpedia.org/property/preceding1,http://dbpedia.org/ontology/predecessor,0,0,0,1,
42,http://dbpedia.org/property/preceding2,http://dbpedia.org/ontology/predecessor,0,0,0,1,
42,http://dbpedia.org/property/preceding3,http://dbpedia.org/ontology/predecessor,0,0,0,1,
42,http://dbpedia.org/property/preceding4,http://dbpedia.org/ontology/predecessor,0,0,0,1,
42,http://dbpedia.org/property/preceding5,http://dbpedia.org/ontology/predecessor,0,0,0,1,
42,http://dbpedia.org/property/preceding6,http://dbpedia.org/ontology/predecessor,0,0,0,1,
42,http://dbpedia.org/property/preceding7,http://dbpedia.org/ontology/predecessor,0,0,0,1,
42,http://dbpedia.org/property/preceding8,http://dbpedia.org/ontology/predecessor,0,0,0,1,
42,http://dbpedia.org/property/preceding9,http://dbpedia.org/ontology/predecessor,0,0,0,1,
43,http://dbpedia.org/property/president,http://dbpedia.org/ontology/president,0,0,0,1,
43,http://dbpedia.org/property/president1,http://dbpedia.org/ontology/president,0,0,0,1,
43,http://dbpedia.org/property/president2,http://dbpedia.org/ontology/president,0,0,0,1,
43,http://dbpedia.org/property/president3,http://dbpedia.org/ontology/president,0,0,0,1,
43,http://dbpedia.org/property/president4,http://dbpedia.org/ontology/president,0,0,0,1,
43,http://dbpedia.org/property/president5,http://dbpedia.org/ontology/president,0,0,0,1,
43,http://dbpedia.org/property/president6,http://dbpedia.org/ontology/president,0,0,0,1,
43,http://dbpedia.org/property/president7,http://dbpedia.org/ontology/president,0,0,0,1,
43,http://dbpedia.org/property/president8,http://dbpedia.org/ontology/president,0,0,0,1,
43,http://dbpedia.org/property/president9,http://dbpedia.org/ontology/president,0,0,0,1,
44,http://dbpedia.org/property/primeminister,http://dbpedia.org/ontology/primeMinister,0,0,0,1,
44,http://dbpedia.org/property/primeminister1,http://dbpedia.org/ontology/primeMinister,0,0,0,1,
44,http://dbpedia.org/property/primeminister2,http://dbpedia.org/ontology/primeMinister,0,0,0,1,
44,http://dbpedia.org/property/primeminister3,http://dbpedia.org/ontology/primeMinister,0,0,0,1,
44,http://dbpedia.org/property/primeminister4,http://dbpedia.org/ontology/primeMinister,0,0,0,1,
44,http://dbpedia.org/property/primeminister5,http://dbpedia.org/ontology/primeMinister,0,0,0,1,
44,http://dbpedia.org/property/primeminister6,http://dbpedia.org/ontology/primeMinister,0,0,0,1,
44,http://dbpedia.org/property/primeminister7,http://dbpedia.org/ontology/primeMinister,0,0,0,1,
44,http://dbpedia.org/property/primeminister8,http://dbpedia.org/ontology/primeMinister,0,0,0,1,
44,http://dbpedia.org/property/primeminister9,http://dbpedia.org/ontology/primeMinister,0,0,0,1,
45,http://dbpedia.org/property/profession,http://dbpedia.org/ontology/profession,0,0,0,1,
46,http://dbpedia.org/property/rank,http://dbpedia.org/ontology/militaryRank,0,0,0,1,
47,http://dbpedia.org/property/relations,http://dbpedia.org/ontology/relation,0,0,0,1,
48,http://dbpedia.org/property/religion,http://dbpedia.org/ontology/religion,0,0,0,1,
49,http://dbpedia.org/property/residence,http://dbpedia.org/ontology/residence,0,0,0,1,
50,http://dbpedia.org/property/restingplace,http://dbpedia.org/ontology/restingPlace,0,0,0,1,
51,http://dbpedia.org/property/runningmate,http://dbpedia.org/ontology/runningMate,0,0,0,1,
52,http://dbpedia.org/property/speaker,http://dbpedia.org/ontology/speaker,0,0,0,1,
53,http://dbpedia.org/property/spouse,http://dbpedia.org/ontology/spouse,0,0,0,1,
54,http://dbpedia.org/property/stateDelegate1,http://dbpedia.org/ontology/stateDelegate,0,0,0,1,
54,http://dbpedia.org/property/stateDelegate2,http://dbpedia.org/ontology/stateDelegate,0,0,0,1,
54,http://dbpedia.org/property/stateDelegate3,http://dbpedia.org/ontology/stateDelegate,0,0,0,1,
54,http://dbpedia.org/property/stateDelegate4,http://dbpedia.org/ontology/stateDelegate,0,0,0,1,
54,http://dbpedia.org/property/stateDelegate5,http://dbpedia.org/ontology/stateDelegate,0,0,0,1,
54,http://dbpedia.org/property/stateDelegate6,http://dbpedia.org/ontology/stateDelegate,0,0,0,1,
54,http://dbpedia.org/property/stateDelegate7,http://dbpedia.org/ontology/stateDelegate,0,0,0,1,
54,http://dbpedia.org/property/stateDelegate8,http://dbpedia.org/ontology/stateDelegate,0,0,0,1,
54,http://dbpedia.org/property/stateDelegate9,http://dbpedia.org/ontology/stateDelegate,0,0,0,1,
55,http://dbpedia.org/property/succeeding,http://dbpedia.org/ontology/successor,0,0,0,1,
55,http://dbpedia.org/property/succeeding1,http://dbpedia.org/ontology/successor,0,0,0,1,
55,http://dbpedia.org/property/succeeding2,http://dbpedia.org/ontology/successor,0,0,0,1,
55,http://dbpedia.org/property/succeeding3,http://dbpedia.org/ontology/successor,0,0,0,1,
55,http://dbpedia.org/property/succeeding4,http://dbpedia.org/ontology/successor,0,0,0,1,
55,http://dbpedia.org/property/succeeding5,http://dbpedia.org/ontology/successor,0,0,0,1,
55,http://dbpedia.org/property/succeeding6,http://dbpedia.org/ontology/successor,0,0,0,1,
55,http://dbpedia.org/property/succeeding7,http://dbpedia.org/ontology/successor,0,0,0,1,
55,http://dbpedia.org/property/succeeding8,http://dbpedia.org/ontology/successor,0,0,0,1,
55,http://dbpedia.org/property/succeeding9,http://dbpedia.org/ontology/successor,0,0,0,1,
55,http://dbpedia.org/property/successor,http://dbpedia.org/ontology/successor,0,0,0,1,
55,http://dbpedia.org/property/successor1,http://dbpedia.org/ontology/successor,0,0,0,1,
55,http://dbpedia.org/property/successor2,http://dbpedia.org/ontology/successor,0,0,0,1,
55,http://dbpedia.org/property/successor3,http://dbpedia.org/ontology/successor,0,0,0,1,
55,http://dbpedia.org/property/successor4,http://dbpedia.org/ontology/successor,0,0,0,1,
55,http://dbpedia.org/property/successor5,http://dbpedia.org/ontology/successor,0,0,0,1,
55,http://dbpedia.org/property/successor6,http://dbpedia.org/ontology/successor,0,0,0,1,
55,http://dbpedia.org/property/successor7,http://dbpedia.org/ontology/successor,0,0,0,1,
55,http://dbpedia.org/property/successor8,http://dbpedia.org/ontology/successor,0,0,0,1,
55,http://dbpedia.org/property/successor9,http://dbpedia.org/ontology/successor,0,0,0,1,
56,http://dbpedia.org/property/taoiseach,http://dbpedia.org/ontology/taoiseach,0,0,0,1,
57,http://dbpedia.org/property/termEnd,http://dbpedia.org/ontology/activeYearsEndDate,0,0,0,1,
57,http://dbpedia.org/property/termEnd1,http://dbpedia.org/ontology/activeYearsEndDate,0,0,0,1,
57,http://dbpedia.org/property/termEnd2,http://dbpedia.org/ontology/activeYearsEndDate,0,0,0,1,
57,http://dbpedia.org/property/termEnd3,http://dbpedia.org/ontology/activeYearsEndDate,0,0,0,1,
57,http://dbpedia.org/property/termEnd4,http://dbpedia.org/ontology/activeYearsEndDate,0,0,0,1,
57,http://dbpedia.org/property/termEnd5,http://dbpedia.org/ontology/activeYearsEndDate,0,0,0,1,
57,http://dbpedia.org/property/termEnd6,http://dbpedia.org/ontology/activeYearsEndDate,0,0,0,1,
57,http://dbpedia.org/property/termEnd7,http://dbpedia.org/ontology/activeYearsEndDate,0,0,0,1,
57,http://dbpedia.org/property/termEnd8,http://dbpedia.org/ontology/activeYearsEndDate,0,0,0,1,
57,http://dbpedia.org/property/termEnd9,http://dbpedia.org/ontology/activeYearsEndDate,0,0,0,1,
58,http://dbpedia.org/property/termStart,http://dbpedia.org/ontology/activeYearsStartDate,0,0,0,1,
58,http://dbpedia.org/property/termStart1,http://dbpedia.org/ontology/activeYearsStartDate,0,0,0,1,
58,http://dbpedia.org/property/termStart2,http://dbpedia.org/ontology/activeYearsStartDate,0,0,0,1,
58,http://dbpedia.org/property/termStart3,http://dbpedia.org/ontology/activeYearsStartDate,0,0,0,1,
58,http://dbpedia.org/property/termStart4,http://dbpedia.org/ontology/activeYearsStartDate,0,0,0,1,
58,http://dbpedia.org/property/termStart5,http://dbpedia.org/ontology/activeYearsStartDate,0,0,0,1,
58,http://dbpedia.org/property/termStart6,http://dbpedia.org/ontology/activeYearsStartDate,0,0,0,1,
58,http://dbpedia.org/property/termStart7,http://dbpedia.org/ontology/activeYearsStartDate,0,0,0,1,
58,http://dbpedia.org/property/termStart8,http://dbpedia.org/ontology/activeYearsStartDate,0,0,0,1,
58,http://dbpedia.org/property/termStart9,http://dbpedia.org/ontology/activeYearsStartDate,0,0,0,1,
59,http://dbpedia.org/property/unit,http://dbpedia.org/ontology/militaryUnit,0,0,0,1,
60,http://dbpedia.org/property/vicepresident,http://dbpedia.org/ontology/vicePresident,0,0,0,1,
60,http://dbpedia.org/property/vicepresident1,http://dbpedia.org/ontology/vicePresident,0,0,0,1,
60,http://dbpedia.org/property/vicepresident2,http://dbpedia.org/ontology/vicePresident,0,0,0,1,
60,http://dbpedia.org/property/vicepresident3,http://dbpedia.org/ontology/vicePresident,0,0,0,1,
60,http://dbpedia.org/property/vicepresident4,http://dbpedia.org/ontology/vicePresident,0,0,0,1,
60,http://dbpedia.org/property/vicepresident5,http://dbpedia.org/ontology/vicePresident,0,0,0,1,
60,http://dbpedia.org/property/vicepresident6,http://dbpedia.org/ontology/vicePresident,0,0,0,1,
60,http://dbpedia.org/property/vicepresident7,http://dbpedia.org/ontology/vicePresident,0,0,0,1,
60,http://dbpedia.org/property/vicepresident8,http://dbpedia.org/ontology/vicePresident,0,0,0,1,
60,http://dbpedia.org/property/vicepresident9,http://dbpedia.org/ontology/vicePresident,0,0,0,1,
61,http://dbpedia.org/property/viceprimeminister,http://dbpedia.org/ontology/vicePrimeMinister,0,0,0,1,
61,http://dbpedia.org/property/viceprimeminister1,http://dbpedia.org/ontology/vicePrimeMinister,0,0,0,1,
61,http://dbpedia.org/property/viceprimeminister2,http://dbpedia.org/ontology/vicePrimeMinister,0,0,0,1,
61,http://dbpedia.org/property/viceprimeminister3,http://dbpedia.org/ontology/vicePrimeMinister,0,0,0,1,
61,http://dbpedia.org/property/viceprimeminister4,http://dbpedia.org/ontology/vicePrimeMinister,0,0,0,1,
61,http://dbpedia.org/property/viceprimeminister5,http://dbpedia.org/ontology/vicePrimeMinister,0,0,0,1,
61,http://dbpedia.org/property/viceprimeminister6,http://dbpedia.org/ontology/vicePrimeMinister,0,0,0,1,
61,http://dbpedia.org/property/viceprimeminister7,http://dbpedia.org/ontology/vicePrimeMinister,0,0,0,1,
61,http://dbpedia.org/property/viceprimeminister8,http://dbpedia.org/ontology/vicePrimeMinister,0,0,0,1,
61,http://dbpedia.org/property/viceprimeminister9,http://dbpedia.org/ontology/vicePrimeMinister,0,0,0,1,
62,http://dbpedia.org/property/website,http://xmlns.com/foaf/0.1/homepage,0,0,0,1,
