0,http://dbpedia.org/property/area,http://dbpedia.org/ontology/areaTotal,0,0,0,1,
1,http://dbpedia.org/property/basinCountries,http://dbpedia.org/ontology/country,0,0,0,1,
2,http://dbpedia.org/property/catchment,http://dbpedia.org/ontology/areaOfCatchment,0,0,0,1,
3,http://dbpedia.org/property/cities,http://dbpedia.org/ontology/city,0,0,0,1,
4,http://dbpedia.org/property/date-builded,http://dbpedia.org/ontology/buildingStartDate,0,0,0,1,
5,http://dbpedia.org/property/date-fooded,http://dbpedia.org/ontology/floodingDate,0,0,0,1,
6,http://dbpedia.org/property/depth,http://dbpedia.org/ontology/depth,0,0,0,1,
6,http://dbpedia.org/property/max-depth,http://dbpedia.org/ontology/depth,0,0,0,1,
7,http://dbpedia.org/property/elevation,http://dbpedia.org/ontology/elevation,0,0,0,1,
8,http://dbpedia.org/property/frozen,http://dbpedia.org/ontology/frozen,0,0,0,1,
9,http://dbpedia.org/property/inflow,http://dbpedia.org/ontology/inflow,0,0,0,1,
10,http://dbpedia.org/property/islands,http://dbpedia.org/ontology/island,0,0,0,1,
11,http://dbpedia.org/property/lakeName,http://xmlns.com/foaf/0.1/name,0,0,0,1,
12,http://dbpedia.org/property/length,http://dbpedia.org/ontology/length,0,0,0,1,
13,http://dbpedia.org/property/location,http://dbpedia.org/ontology/location,0,0,0,1,
14,http://dbpedia.org/property/outflow,http://dbpedia.org/ontology/outflow,0,0,0,1,
15,http://dbpedia.org/property/shore,http://dbpedia.org/ontology/shoreLength,0,0,0,1,
16,http://dbpedia.org/property/type,http://dbpedia.org/ontology/type,0,0,0,1,
17,http://dbpedia.org/property/volume,http://dbpedia.org/ontology/volume,0,0,0,1,
18,http://dbpedia.org/property/width,http://dbpedia.org/ontology/width,0,0,0,1,
