0,http://dbpedia.org/property/agency,http://dbpedia.org/ontology/languageRegulator,0,0,0,1,
1,http://dbpedia.org/property/fam1,http://dbpedia.org/ontology/languageFamily,0,0,0,1,
1,http://dbpedia.org/property/fam2,http://dbpedia.org/ontology/languageFamily,0,0,0,1,
1,http://dbpedia.org/property/fam3,http://dbpedia.org/ontology/languageFamily,0,0,0,1,
1,http://dbpedia.org/property/fam4,http://dbpedia.org/ontology/languageFamily,0,0,0,1,
1,http://dbpedia.org/property/fam5,http://dbpedia.org/ontology/languageFamily,0,0,0,1,
2,http://dbpedia.org/property/iso1,http://dbpedia.org/ontology/iso6391Code,0,0,0,1,
3,http://dbpedia.org/property/iso2,http://dbpedia.org/ontology/iso6392Code,0,0,0,1,
4,http://dbpedia.org/property/iso3,http://dbpedia.org/ontology/iso6393Code,0,0,0,1,
5,http://dbpedia.org/property/name,http://xmlns.com/foaf/0.1/name,0,0,0,1,
5,http://dbpedia.org/property/nativename,http://xmlns.com/foaf/0.1/name,0,0,0,1,
6,http://dbpedia.org/property/region,http://dbpedia.org/ontology/spokenIn,0,0,0,1,
6,http://dbpedia.org/property/states,http://dbpedia.org/ontology/spokenIn,0,0,0,1,
