0,http://dbpedia.org/property/first,http://dbpedia.org/ontology/firstLaunchDate,0,0,0,1,
0,http://dbpedia.org/property/first2,http://dbpedia.org/ontology/firstLaunchDate,0,0,0,1,
0,http://dbpedia.org/property/first3,http://dbpedia.org/ontology/firstLaunchDate,0,0,0,1,
1,http://dbpedia.org/property/last,http://dbpedia.org/ontology/lastLaunchDate,0,0,0,1,
1,http://dbpedia.org/property/last2,http://dbpedia.org/ontology/lastLaunchDate,0,0,0,1,
1,http://dbpedia.org/property/last3,http://dbpedia.org/ontology/lastLaunchDate,0,0,0,1,
2,http://dbpedia.org/property/launches,http://dbpedia.org/ontology/launches,0,0,0,1,
2,http://dbpedia.org/property/launches2,http://dbpedia.org/ontology/launches,0,0,0,1,
2,http://dbpedia.org/property/launches3,http://dbpedia.org/ontology/launches,0,0,0,1,
3,http://dbpedia.org/property/maximuminclination,http://dbpedia.org/ontology/maximumInclination,0,0,0,1,
4,http://dbpedia.org/property/minimuminclination,http://dbpedia.org/ontology/minimumInclination,0,0,0,1,
5,http://dbpedia.org/property/name,http://xmlns.com/foaf/0.1/name,0,0,0,1,
5,http://dbpedia.org/property/pad1,http://xmlns.com/foaf/0.1/name,0,0,0,1,
5,http://dbpedia.org/property/pad2,http://xmlns.com/foaf/0.1/name,0,0,0,1,
5,http://dbpedia.org/property/pad3,http://xmlns.com/foaf/0.1/name,0,0,0,1,
5,http://dbpedia.org/property/short,http://xmlns.com/foaf/0.1/name,0,0,0,1,
6,http://dbpedia.org/property/operator,http://dbpedia.org/ontology/operator,0,0,0,1,
7,http://dbpedia.org/property/pads,http://dbpedia.org/ontology/numberOfPads,0,0,0,1,
8,http://dbpedia.org/property/rockets,http://dbpedia.org/ontology/associatedRocket,0,0,0,1,
8,http://dbpedia.org/property/rockets2,http://dbpedia.org/ontology/associatedRocket,0,0,0,1,
8,http://dbpedia.org/property/rockets3,http://dbpedia.org/ontology/associatedRocket,0,0,0,1,
9,http://dbpedia.org/property/site,http://dbpedia.org/ontology/launchSite,0,0,0,1,
10,http://dbpedia.org/property/status,http://dbpedia.org/ontology/status,0,0,0,1,
10,http://dbpedia.org/property/status2,http://dbpedia.org/ontology/status,0,0,0,1,
10,http://dbpedia.org/property/status3,http://dbpedia.org/ontology/status,0,0,0,1,
11,http://dbpedia.org/property/tlaunches,http://dbpedia.org/ontology/totalLaunches,0,0,0,1,
