0,http://dbpedia.org/property/body,http://dbpedia.org/ontology/isPartOf,0,0,0,1,
1,http://dbpedia.org/property/committees1,http://dbpedia.org/ontology/committeeInLegislature,0,0,0,1,
1,http://dbpedia.org/property/committees2,http://dbpedia.org/ontology/committeeInLegislature,0,0,0,1,
2,http://dbpedia.org/property/election1,http://dbpedia.org/ontology/electionDateLeader,0,0,0,1,
3,http://dbpedia.org/property/house1,http://dbpedia.org/ontology/house,0,0,0,1,
3,http://dbpedia.org/property/house2,http://dbpedia.org/ontology/house,0,0,0,1,
3,http://dbpedia.org/property/houses,http://dbpedia.org/ontology/house,0,0,0,1,
4,http://dbpedia.org/property/houseType,http://dbpedia.org/ontology/type,0,0,0,1,
5,http://dbpedia.org/property/lastElection1,http://dbpedia.org/ontology/lastElectionDate,0,0,0,1,
5,http://dbpedia.org/property/lastElection2,http://dbpedia.org/ontology/lastElectionDate,0,0,0,1,
6,http://dbpedia.org/property/leader1,http://dbpedia.org/ontology/leader,0,0,0,1,
7,http://dbpedia.org/property/legislature,http://dbpedia.org/ontology/legislativePeriodName,0,0,0,1,
8,http://dbpedia.org/property/meetingPlace,http://dbpedia.org/ontology/location,0,0,0,1,
9,http://dbpedia.org/property/members,http://dbpedia.org/ontology/numberOfMembers,0,0,0,1,
10,http://dbpedia.org/property/name,http://xmlns.com/foaf/0.1/name,0,0,0,1,
10,http://dbpedia.org/property/nativeName,http://xmlns.com/foaf/0.1/name,0,0,0,1,
11,http://dbpedia.org/property/party1,http://dbpedia.org/ontology/politicalPartyOfLeader,0,0,0,1,
12,http://dbpedia.org/property/politicalGroups1,http://dbpedia.org/ontology/politicalPartyInLegislature,0,0,0,1,
12,http://dbpedia.org/property/politicalGroups2,http://dbpedia.org/ontology/politicalPartyInLegislature,0,0,0,1,
13,http://dbpedia.org/property/website,http://xmlns.com/foaf/0.1/homepage,0,0,0,1,
