0,http://dbpedia.org/property/based,http://dbpedia.org/ontology/city,0,0,0,1,
1,http://dbpedia.org/property/caption,http://dbpedia.org/ontology/description,0,0,0,1,
2,http://dbpedia.org/property/category,http://dbpedia.org/ontology/genre,0,0,0,1,
3,http://dbpedia.org/property/circulation,http://dbpedia.org/ontology/circulation,0,0,0,1,
3,http://dbpedia.org/property/totalCirculation,http://dbpedia.org/ontology/circulation,0,0,0,1,
4,http://dbpedia.org/property/circulationYear,http://dbpedia.org/ontology/year,0,0,0,1,
5,http://dbpedia.org/property/company,http://dbpedia.org/ontology/publisher,0,0,0,1,
5,http://dbpedia.org/property/publisher,http://dbpedia.org/ontology/publisher,0,0,0,1,
6,http://dbpedia.org/property/country,http://dbpedia.org/ontology/country,0,0,0,1,
7,http://dbpedia.org/property/creator,http://dbpedia.org/ontology/creator,0,0,0,1,
8,http://dbpedia.org/property/editor,http://dbpedia.org/ontology/editor,0,0,0,1,
8,http://dbpedia.org/property/editor2,http://dbpedia.org/ontology/editor,0,0,0,1,
8,http://dbpedia.org/property/editor3,http://dbpedia.org/ontology/editor,0,0,0,1,
8,http://dbpedia.org/property/editor4,http://dbpedia.org/ontology/editor,0,0,0,1,
8,http://dbpedia.org/property/editor5,http://dbpedia.org/ontology/editor,0,0,0,1,
9,http://dbpedia.org/property/editorTitle,http://dbpedia.org/ontology/editorTitle,0,0,0,1,
9,http://dbpedia.org/property/editorTitle2,http://dbpedia.org/ontology/editorTitle,0,0,0,1,
9,http://dbpedia.org/property/editorTitle3,http://dbpedia.org/ontology/editorTitle,0,0,0,1,
9,http://dbpedia.org/property/editorTitle4,http://dbpedia.org/ontology/editorTitle,0,0,0,1,
9,http://dbpedia.org/property/editorTitle5,http://dbpedia.org/ontology/editorTitle,0,0,0,1,
10,http://dbpedia.org/property/finaldate,http://dbpedia.org/ontology/date,0,0,0,1,
10,http://dbpedia.org/property/firstdate,http://dbpedia.org/ontology/date,0,0,0,1,
10,http://dbpedia.org/property/founded,http://dbpedia.org/ontology/date,0,0,0,1,
10,http://dbpedia.org/property/lastdate,http://dbpedia.org/ontology/date,0,0,0,1,
11,http://dbpedia.org/property/founder,http://dbpedia.org/ontology/founder,0,0,0,1,
12,http://dbpedia.org/property/frequency,http://dbpedia.org/ontology/frequency,0,0,0,1,
13,http://dbpedia.org/property/imageCaption,http://dbpedia.org/ontology/depictionDescription,0,0,0,1,
14,http://dbpedia.org/property/imageSize,http://dbpedia.org/ontology/imageSize,0,0,0,1,
14,http://dbpedia.org/property/logoSize,http://dbpedia.org/ontology/imageSize,0,0,0,1,
15,http://dbpedia.org/property/issn,http://dbpedia.org/ontology/issn,0,0,0,1,
16,http://dbpedia.org/property/language,http://dbpedia.org/ontology/language,0,0,0,1,
17,http://dbpedia.org/property/logo,http://dbpedia.org/ontology/logo,0,0,0,1,
18,http://dbpedia.org/property/photographer,http://dbpedia.org/ontology/photographer,0,0,0,1,
19,http://dbpedia.org/property/previousEditor,http://dbpedia.org/ontology/previousEditor,0,0,0,1,
20,http://dbpedia.org/property/title,http://xmlns.com/foaf/0.1/name,0,0,0,1,
21,http://dbpedia.org/property/website,http://xmlns.com/foaf/0.1/homepage,0,0,0,1,
