0,http://dbpedia.org/property/alias,http://dbpedia.org/ontology/alias,0,0,0,1,
1,http://dbpedia.org/property/birthdate,http://dbpedia.org/ontology/birthDate,0,0,0,1,
2,http://dbpedia.org/property/birthname,http://xmlns.com/foaf/0.1/givenName,0,0,0,1,
3,http://dbpedia.org/property/deathdate,http://dbpedia.org/ontology/deathDate,0,0,0,1,
4,http://dbpedia.org/property/deathplace,http://dbpedia.org/ontology/deathPlace,0,0,0,1,
5,http://dbpedia.org/property/height,http://dbpedia.org/ontology/height,0,0,0,1,
6,http://dbpedia.org/property/homepage,http://xmlns.com/foaf/0.1/homepage,0,0,0,1,
7,http://dbpedia.org/property/location,http://dbpedia.org/ontology/birthPlace,0,0,0,1,
8,http://dbpedia.org/property/name,http://xmlns.com/foaf/0.1/name,0,0,0,1,
9,http://dbpedia.org/property/spouse,http://dbpedia.org/ontology/spouse,0,0,0,1,
10,http://dbpedia.org/property/weight,http://dbpedia.org/ontology/weight,0,0,0,1,
