0,http://dbpedia.org/property/dateOfBirth,http://dbpedia.org/ontology/birthDate,0,0,0,1,
1,http://dbpedia.org/property/dateOfBurial,http://dbpedia.org/ontology/dateOfBurial,0,0,0,1,
2,http://dbpedia.org/property/dateOfDeath,http://dbpedia.org/ontology/deathDate,0,0,0,1,
3,http://dbpedia.org/property/father,http://dbpedia.org/ontology/parent,0,0,0,1,
4,http://dbpedia.org/property/fullName,http://xmlns.com/foaf/0.1/name,0,0,0,1,
4,http://dbpedia.org/property/name,http://xmlns.com/foaf/0.1/name,0,0,0,1,
5,http://dbpedia.org/property/heir,http://dbpedia.org/ontology/heir,0,0,0,1,
6,http://dbpedia.org/property/offspring,http://dbpedia.org/ontology/child,0,0,0,1,
7,http://dbpedia.org/property/othertitles,http://dbpedia.org/ontology/alias,0,0,0,1,
8,http://dbpedia.org/property/placeOfBirth,http://dbpedia.org/ontology/birthPlace,0,0,0,1,
9,http://dbpedia.org/property/placeOfBurial,http://dbpedia.org/ontology/placeOfBurial,0,0,0,1,
10,http://dbpedia.org/property/placeOfDeath,http://dbpedia.org/ontology/deathPlace,0,0,0,1,
11,http://dbpedia.org/property/predecessor,http://dbpedia.org/ontology/predecessor,0,0,0,1,
12,http://dbpedia.org/property/royalAnthem,http://dbpedia.org/ontology/royalAnthem,0,0,0,1,
13,http://dbpedia.org/property/spouse1,http://dbpedia.org/ontology/spouse,0,0,0,1,
13,http://dbpedia.org/property/spouse10,http://dbpedia.org/ontology/spouse,0,0,0,1,
13,http://dbpedia.org/property/spouse2,http://dbpedia.org/ontology/spouse,0,0,0,1,
13,http://dbpedia.org/property/spouse3,http://dbpedia.org/ontology/spouse,0,0,0,1,
13,http://dbpedia.org/property/spouse4,http://dbpedia.org/ontology/spouse,0,0,0,1,
13,http://dbpedia.org/property/spouse5,http://dbpedia.org/ontology/spouse,0,0,0,1,
13,http://dbpedia.org/property/spouse6,http://dbpedia.org/ontology/spouse,0,0,0,1,
13,http://dbpedia.org/property/spouse7,http://dbpedia.org/ontology/spouse,0,0,0,1,
13,http://dbpedia.org/property/spouse8,http://dbpedia.org/ontology/spouse,0,0,0,1,
13,http://dbpedia.org/property/spouse9,http://dbpedia.org/ontology/spouse,0,0,0,1,
14,http://dbpedia.org/property/successor,http://dbpedia.org/ontology/successor,0,0,0,1,
15,http://dbpedia.org/property/title,http://dbpedia.org/ontology/title,0,0,0,1,
