0,http://dbpedia.org/property/elevation,http://dbpedia.org/ontology/elevation,0,0,0,1,0.5,
0,http://dbpedia.org/property/elevationFt,http://dbpedia.org/ontology/elevation,0,0,0,1,0.5,
0,http://dbpedia.org/property/elevationM,http://dbpedia.org/ontology/elevation,0,0,0,1,0.5,
1,http://dbpedia.org/property/firstAscent,http://dbpedia.org/ontology/firstAscentPerson,0,0,0,1,
2,http://dbpedia.org/property/lastEruption,http://dbpedia.org/ontology/eruptionYear,0,0,0,1,
3,http://dbpedia.org/property/location,http://dbpedia.org/ontology/locatedInArea,0,0,0,1,
4,http://dbpedia.org/property/name,http://xmlns.com/foaf/0.1/name,0,0,0,1,
4,http://dbpedia.org/property/otherName,http://xmlns.com/foaf/0.1/name,0,0,0,1,
5,http://dbpedia.org/property/parentPeak,http://dbpedia.org/ontology/parentMountainPeak,0,0,0,1,
6,http://dbpedia.org/property/prominence,http://dbpedia.org/ontology/prominence,0,0,0,1,0.5,
6,http://dbpedia.org/property/prominenceFt,http://dbpedia.org/ontology/prominence,0,0,0,1,0.5,
6,http://dbpedia.org/property/prominenceM,http://dbpedia.org/ontology/prominence,0,0,0,1,0.5,
7,http://dbpedia.org/property/range,http://dbpedia.org/ontology/mountainRange,0,0,0,1,
8,http://dbpedia.org/property/region,http://dbpedia.org/ontology/region,0,0,0,1,
9,http://dbpedia.org/property/topo,http://dbpedia.org/ontology/nationalTopographicSystemMapNumber,0,0,0,1,
10,http://dbpedia.org/property/type,http://dbpedia.org/ontology/type,0,0,0,1,
