0,http://dbpedia.org/property/country,http://dbpedia.org/ontology/country,0,0,0,1,
0,http://dbpedia.org/property/country1,http://dbpedia.org/ontology/country,0,0,0,1,
1,http://dbpedia.org/property/elevationM,http://dbpedia.org/ontology/elevation,0,0,0,1,
2,http://dbpedia.org/property/name,http://xmlns.com/foaf/0.1/name,0,0,0,1,
3,http://dbpedia.org/property/state,http://dbpedia.org/ontology/state,0,0,0,1,
3,http://dbpedia.org/property/state10,http://dbpedia.org/ontology/state,0,0,0,1,
3,http://dbpedia.org/property/state11,http://dbpedia.org/ontology/state,0,0,0,1,
3,http://dbpedia.org/property/state12,http://dbpedia.org/ontology/state,0,0,0,1,
3,http://dbpedia.org/property/state13,http://dbpedia.org/ontology/state,0,0,0,1,
3,http://dbpedia.org/property/state14,http://dbpedia.org/ontology/state,0,0,0,1,
3,http://dbpedia.org/property/state15,http://dbpedia.org/ontology/state,0,0,0,1,
3,http://dbpedia.org/property/state16,http://dbpedia.org/ontology/state,0,0,0,1,
3,http://dbpedia.org/property/state17,http://dbpedia.org/ontology/state,0,0,0,1,
3,http://dbpedia.org/property/state18,http://dbpedia.org/ontology/state,0,0,0,1,
3,http://dbpedia.org/property/state8,http://dbpedia.org/ontology/state,0,0,0,1,
3,http://dbpedia.org/property/state9,http://dbpedia.org/ontology/state,0,0,0,1,
