0,http://dbpedia.org/property/collection,http://dbpedia.org/ontology/collection,0,0,0,1,
1,http://dbpedia.org/property/curator,http://dbpedia.org/ontology/curator,0,0,0,1,
2,http://dbpedia.org/property/director,http://dbpedia.org/ontology/director,0,0,0,1,
3,http://dbpedia.org/property/dissolved,http://dbpedia.org/ontology/dissolved,0,0,0,1,
4,http://dbpedia.org/property/established,http://dbpedia.org/ontology/foundingDate,0,0,0,1,
5,http://dbpedia.org/property/location,http://dbpedia.org/ontology/location,0,0,0,1,
6,http://dbpedia.org/property/name,http://xmlns.com/foaf/0.1/name,0,0,0,1,
6,http://dbpedia.org/property/nativeName,http://xmlns.com/foaf/0.1/name,0,0,0,1,
7,http://dbpedia.org/property/nativeNameLang,http://dbpedia.org/ontology/language,0,0,0,1,
8,http://dbpedia.org/property/network,http://dbpedia.org/ontology/network,0,0,0,1,
9,http://dbpedia.org/property/president,http://dbpedia.org/ontology/president,0,0,0,1,
10,http://dbpedia.org/property/type,http://dbpedia.org/ontology/type,0,0,0,1,
11,http://dbpedia.org/property/visitors,http://dbpedia.org/ontology/numberOfVisitors,0,0,0,1,
12,http://dbpedia.org/property/website,http://xmlns.com/foaf/0.1/homepage,0,0,0,1,
