0,http://dbpedia.org/property/award,http://dbpedia.org/ontology/award,0,0,0,1,
0,http://dbpedia.org/property/awards,http://dbpedia.org/ontology/award,0,0,0,1,
1,http://dbpedia.org/property/base,http://dbpedia.org/ontology/basedOn,0,0,0,1,
1,http://dbpedia.org/property/based,http://dbpedia.org/ontology/basedOn,0,0,0,1,
1,http://dbpedia.org/property/bases,http://dbpedia.org/ontology/basedOn,0,0,0,1,
1,http://dbpedia.org/property/basis,http://dbpedia.org/ontology/basedOn,0,0,0,1,
2,http://dbpedia.org/property/book,http://dbpedia.org/ontology/author,0,0,0,1,
3,http://dbpedia.org/property/lyric,http://dbpedia.org/ontology/lyrics,0,0,0,1,
3,http://dbpedia.org/property/lyricist,http://dbpedia.org/ontology/lyrics,0,0,0,1,
3,http://dbpedia.org/property/lyrics,http://dbpedia.org/ontology/lyrics,0,0,0,1,
4,http://dbpedia.org/property/music,http://dbpedia.org/ontology/musicBy,0,0,0,1,
5,http://dbpedia.org/property/name,http://xmlns.com/foaf/0.1/name,0,0,0,1,
6,http://dbpedia.org/property/subtitle,http://dbpedia.org/ontology/subtitle,0,0,0,1,
