0,http://dbpedia.org/property/alias,http://dbpedia.org/ontology/alias,0,0,0,1,
1,http://dbpedia.org/property/associatedActs,http://dbpedia.org/ontology/associatedMusicalArtist,0,0,0,1,
2,http://dbpedia.org/property/background,http://dbpedia.org/ontology/background,0,0,0,1,
3,http://dbpedia.org/property/birthDate,http://dbpedia.org/ontology/birthDate,0,0,0,1,
3,http://dbpedia.org/property/born,http://dbpedia.org/ontology/birthDate,0,0,0,1,
4,http://dbpedia.org/property/birthName,http://xmlns.com/foaf/0.1/givenName,0,0,0,1,
5,http://dbpedia.org/property/birthPlace,http://dbpedia.org/ontology/birthPlace,0,0,0,1,
6,http://dbpedia.org/property/currentMembers,http://dbpedia.org/ontology/bandMember,0,0,0,1,
6,http://dbpedia.org/property/members,http://dbpedia.org/ontology/bandMember,0,0,0,1,
7,http://dbpedia.org/property/deathDate,http://dbpedia.org/ontology/deathDate,0,0,0,1,
7,http://dbpedia.org/property/died,http://dbpedia.org/ontology/deathDate,0,0,0,1,
8,http://dbpedia.org/property/deathPlace,http://dbpedia.org/ontology/deathPlace,0,0,0,1,
9,http://dbpedia.org/property/genre,http://dbpedia.org/ontology/genre,0,0,0,1,
10,http://dbpedia.org/property/instrument,http://dbpedia.org/ontology/instrument,0,0,0,1,
10,http://dbpedia.org/property/notableInstruments,http://dbpedia.org/ontology/instrument,0,0,0,1,
11,http://dbpedia.org/property/label,http://dbpedia.org/ontology/recordLabel,0,0,0,1,
12,http://dbpedia.org/property/name,http://xmlns.com/foaf/0.1/name,0,0,0,1,
13,http://dbpedia.org/property/occupation,http://dbpedia.org/ontology/occupation,0,0,0,1,
14,http://dbpedia.org/property/origin,http://dbpedia.org/ontology/hometown,0,0,0,1,
15,http://dbpedia.org/property/pastMembers,http://dbpedia.org/ontology/formerBandMember,0,0,0,1,
16,http://dbpedia.org/property/url,http://xmlns.com/foaf/0.1/homepage,0,0,0,1,
16,http://dbpedia.org/property/website,http://xmlns.com/foaf/0.1/homepage,0,0,0,1,
