0,http://dbpedia.org/property/derivatives,http://dbpedia.org/ontology/derivative,0,0,0,1,
1,http://dbpedia.org/property/fusiongenres,http://dbpedia.org/ontology/musicFusionGenre,0,0,0,1,
2,http://dbpedia.org/property/instruments,http://dbpedia.org/ontology/instrument,0,0,0,1,
3,http://dbpedia.org/property/name,http://xmlns.com/foaf/0.1/name,0,0,0,1,
4,http://dbpedia.org/property/stylisticOrigins,http://dbpedia.org/ontology/stylisticOrigin,0,0,0,1,
5,http://dbpedia.org/property/subgenres,http://dbpedia.org/ontology/musicSubgenre,0,0,0,1,
