0,http://dbpedia.org/property/awards,http://dbpedia.org/ontology/award,0,0,0,1,
1,http://dbpedia.org/property/birthDate,http://dbpedia.org/ontology/birthDate,0,0,0,1,
2,http://dbpedia.org/property/birthPlace,http://dbpedia.org/ontology/birthPlace,0,0,0,1,
3,http://dbpedia.org/property/careerEnd,http://dbpedia.org/ontology/activeYearsEndYear,0,0,0,1,
4,http://dbpedia.org/property/careerStart,http://dbpedia.org/ontology/activeYearsStartYear,0,0,0,1,
5,http://dbpedia.org/property/college,http://dbpedia.org/ontology/college,0,0,0,1,
6,http://dbpedia.org/property/deathDate,http://dbpedia.org/ontology/deathDate,0,0,0,1,
7,http://dbpedia.org/property/deathPlace,http://dbpedia.org/ontology/deathPlace,0,0,0,1,
8,http://dbpedia.org/property/formerSchool(s),http://dbpedia.org/ontology/formerHighschool,0,0,0,1,
9,http://dbpedia.org/property/highschool,http://dbpedia.org/ontology/highschool,0,0,0,1,
10,http://dbpedia.org/property/jersey,http://dbpedia.org/ontology/number,0,0,0,1,
11,http://dbpedia.org/property/name,http://xmlns.com/foaf/0.1/name,0,0,0,1,
12,http://dbpedia.org/property/nationality,http://dbpedia.org/ontology/nationality,0,0,0,1,
13,http://dbpedia.org/property/nickname,http://xmlns.com/foaf/0.1/nick,0,0,0,1,
14,http://dbpedia.org/property/sport,http://dbpedia.org/ontology/sport,0,0,0,1,
15,http://dbpedia.org/property/weightLb,http://dbpedia.org/ontology/weight,0,0,0,1,
