0,http://dbpedia.org/property/assoceditor,http://dbpedia.org/ontology/associateEditor,0,0,0,1,
1,http://dbpedia.org/property/chiefeditor,http://dbpedia.org/ontology/chiefEditor,0,0,0,1,
2,http://dbpedia.org/property/circulation,http://dbpedia.org/ontology/circulation,0,0,0,1,
3,http://dbpedia.org/property/editor,http://dbpedia.org/ontology/editor,0,0,0,1,
4,http://dbpedia.org/property/format,http://dbpedia.org/ontology/format,0,0,0,1,
5,http://dbpedia.org/property/foundation,http://dbpedia.org/ontology/foundingDate,0,0,0,1,
6,http://dbpedia.org/property/founder,http://dbpedia.org/ontology/foundedBy,0,0,0,1,
6,http://dbpedia.org/property/founders,http://dbpedia.org/ontology/foundedBy,0,0,0,1,
7,http://dbpedia.org/property/headquarters,http://dbpedia.org/ontology/headquarter,0,0,0,1,
8,http://dbpedia.org/property/language,http://dbpedia.org/ontology/language,0,0,0,1,
9,http://dbpedia.org/property/maneditor,http://dbpedia.org/ontology/managingEditor,0,0,0,1,
10,http://dbpedia.org/property/name,http://xmlns.com/foaf/0.1/name,0,0,0,1,
11,http://dbpedia.org/property/owners,http://dbpedia.org/ontology/owner,0,0,0,1,
12,http://dbpedia.org/property/publisher,http://dbpedia.org/ontology/publisher,0,0,0,1,
13,http://dbpedia.org/property/sisterNewspapers,http://dbpedia.org/ontology/sisterNewspaper,0,0,0,1,
14,http://dbpedia.org/property/type,http://dbpedia.org/ontology/type,0,0,0,1,
15,http://dbpedia.org/property/website,http://xmlns.com/foaf/0.1/homepage,0,0,0,1,
