0,http://dbpedia.org/property/bronze,http://dbpedia.org/ontology/numberOfBronzeMedalsWon,0,0,0,1,
1,http://dbpedia.org/property/competitors,http://dbpedia.org/ontology/numberOfCompetitors,0,0,0,1,
2,http://dbpedia.org/property/flagbearer,http://dbpedia.org/ontology/flagBearer,0,0,0,1,
3,http://dbpedia.org/property/games,http://dbpedia.org/ontology/games,0,0,0,1,
4,http://dbpedia.org/property/gold,http://dbpedia.org/ontology/numberOfGoldMedalsWon,0,0,0,1,
5,http://dbpedia.org/property/noc,http://dbpedia.org/ontology/nationalOlympicCommittee,0,0,0,1,
5,http://dbpedia.org/property/nocname,http://dbpedia.org/ontology/nationalOlympicCommittee,0,0,0,1,
6,http://dbpedia.org/property/officials,http://dbpedia.org/ontology/numberOfOfficials,0,0,0,1,
7,http://dbpedia.org/property/oldcode,http://dbpedia.org/ontology/oldcode,0,0,0,1,
8,http://dbpedia.org/property/otherappearances,http://dbpedia.org/ontology/otherAppearances,0,0,0,1,
9,http://dbpedia.org/property/rank,http://dbpedia.org/ontology/rankInFinalMedalCount,0,0,0,1,
10,http://dbpedia.org/property/silver,http://dbpedia.org/ontology/numberOfSilverMedalsWon,0,0,0,1,
11,http://dbpedia.org/property/sports,http://dbpedia.org/ontology/numberOfSports,0,0,0,1,
12,http://dbpedia.org/property/summerappearances,http://dbpedia.org/ontology/summerAppearances,0,0,0,1,
13,http://dbpedia.org/property/winterappearances,http://dbpedia.org/ontology/winterAppearances,0,0,0,1,
