0,http://dbpedia.org/property/abbreviation,http://dbpedia.org/ontology/abbreviation,0,0,0,1,
1,http://dbpedia.org/property/affiliations,http://dbpedia.org/ontology/affiliation,0,0,0,1,
2,http://dbpedia.org/property/areaKm2,http://dbpedia.org/ontology/area,0,0,0,1,
2,http://dbpedia.org/property/areaSqMi,http://dbpedia.org/ontology/area,0,0,0,1,
3,http://dbpedia.org/property/budget,http://dbpedia.org/ontology/budget,0,0,0,1,
3,http://dbpedia.org/property/capital,http://dbpedia.org/ontology/budget,0,0,0,1,
4,http://dbpedia.org/property/commonName,http://xmlns.com/foaf/0.1/name,0,0,0,1,
4,http://dbpedia.org/property/conventionalLongName,http://xmlns.com/foaf/0.1/name,0,0,0,1,
4,http://dbpedia.org/property/name,http://xmlns.com/foaf/0.1/name,0,0,0,1,
4,http://dbpedia.org/property/nativeName,http://xmlns.com/foaf/0.1/name,0,0,0,1,
4,http://dbpedia.org/property/surname,http://xmlns.com/foaf/0.1/name,0,0,0,1,
5,http://dbpedia.org/property/currency,http://dbpedia.org/ontology/currency,0,0,0,1,
6,http://dbpedia.org/property/demonym,http://dbpedia.org/ontology/demonym,0,0,0,1,
7,http://dbpedia.org/property/established,http://dbpedia.org/ontology/foundingDate,0,0,0,1,
8,http://dbpedia.org/property/ethnicGroups,http://dbpedia.org/ontology/ethnicGroup,0,0,0,1,
9,http://dbpedia.org/property/ethnicGroupsYear,http://dbpedia.org/ontology/ethnicGroupsInYear,0,0,0,1,
10,http://dbpedia.org/property/extinction,http://dbpedia.org/ontology/extinctionYear,0,0,0,1,
11,http://dbpedia.org/property/formation,http://dbpedia.org/ontology/formationYear,0,0,0,1,
12,http://dbpedia.org/property/governmentType,http://dbpedia.org/ontology/governmentType,0,0,0,1,
13,http://dbpedia.org/property/headquarters,http://dbpedia.org/ontology/headquarter,0,0,0,1,
14,http://dbpedia.org/property/language,http://dbpedia.org/ontology/language,0,0,0,1,
14,http://dbpedia.org/property/languages,http://dbpedia.org/ontology/language,0,0,0,1,
14,http://dbpedia.org/property/officialLanguages,http://dbpedia.org/ontology/language,0,0,0,1,
14,http://dbpedia.org/property/regionalLanguages,http://dbpedia.org/ontology/language,0,0,0,1,
15,http://dbpedia.org/property/largestCity,http://dbpedia.org/ontology/largestCity,0,0,0,1,
16,http://dbpedia.org/property/largestSettlement,http://dbpedia.org/ontology/largestSettlement,0,0,0,1,
17,http://dbpedia.org/property/leaderName,http://dbpedia.org/ontology/personName,0,0,0,1,
17,http://dbpedia.org/property/leaderName1,http://dbpedia.org/ontology/personName,0,0,0,1,
17,http://dbpedia.org/property/leaderName2,http://dbpedia.org/ontology/personName,0,0,0,1,
17,http://dbpedia.org/property/leaderName3,http://dbpedia.org/ontology/personName,0,0,0,1,
17,http://dbpedia.org/property/leaderName4,http://dbpedia.org/ontology/personName,0,0,0,1,
17,http://dbpedia.org/property/leaderName5,http://dbpedia.org/ontology/personName,0,0,0,1,
18,http://dbpedia.org/property/leaderTitle,http://dbpedia.org/ontology/title,0,0,0,1,
18,http://dbpedia.org/property/leaderTitle1,http://dbpedia.org/ontology/title,0,0,0,1,
18,http://dbpedia.org/property/leaderTitle2,http://dbpedia.org/ontology/title,0,0,0,1,
18,http://dbpedia.org/property/leaderTitle3,http://dbpedia.org/ontology/title,0,0,0,1,
18,http://dbpedia.org/property/leaderTitle4,http://dbpedia.org/ontology/title,0,0,0,1,
18,http://dbpedia.org/property/leaderTitle5,http://dbpedia.org/ontology/title,0,0,0,1,
19,http://dbpedia.org/property/location,http://dbpedia.org/ontology/location,0,0,0,1,
20,http://dbpedia.org/property/mainOrgan,http://dbpedia.org/ontology/mainOrgan,0,0,0,1,
21,http://dbpedia.org/property/membership,http://dbpedia.org/ontology/membership,0,0,0,1,
22,http://dbpedia.org/property/motto,http://dbpedia.org/ontology/motto,0,0,0,1,
22,http://dbpedia.org/property/nationalMotto,http://dbpedia.org/ontology/motto,0,0,0,1,
23,http://dbpedia.org/property/nationalAnthem,http://dbpedia.org/ontology/anthem,0,0,0,1,
23,http://dbpedia.org/property/royalAnthem,http://dbpedia.org/ontology/anthem,0,0,0,1,
24,http://dbpedia.org/property/numStaff,http://dbpedia.org/ontology/numberOfStaff,0,0,0,1,
25,http://dbpedia.org/property/numVolunteers,http://dbpedia.org/ontology/numberOfVolunteers,0,0,0,1,
26,http://dbpedia.org/property/parentOrganization,http://dbpedia.org/ontology/parentOrganisation,0,0,0,1,
27,http://dbpedia.org/property/percentWater,http://dbpedia.org/ontology/percentageOfAreaWater,0,0,0,1,
28,http://dbpedia.org/property/populationDensityKm2,http://dbpedia.org/ontology/populationDensity,0,0,0,1,
28,http://dbpedia.org/property/populationDensitySqMi,http://dbpedia.org/ontology/populationDensity,0,0,0,1,
29,http://dbpedia.org/property/purpose,http://dbpedia.org/ontology/purpose,0,0,0,1,
30,http://dbpedia.org/property/regionServed,http://dbpedia.org/ontology/regionServed,0,0,0,1,
31,http://dbpedia.org/property/status,http://dbpedia.org/ontology/status,0,0,0,1,
32,http://dbpedia.org/property/type,http://dbpedia.org/ontology/type,0,0,0,1,
33,http://dbpedia.org/property/website,http://xmlns.com/foaf/0.1/homepage,0,0,0,1,
