0,http://dbpedia.org/property/birthDate,http://dbpedia.org/ontology/birthYear,0,0,0,1,
1,http://dbpedia.org/property/birthPlace,http://dbpedia.org/ontology/birthPlace,0,0,0,1,
2,http://dbpedia.org/property/deathDate,http://dbpedia.org/ontology/deathYear,0,0,0,1,
3,http://dbpedia.org/property/deathPlace,http://dbpedia.org/ontology/deathPlace,0,0,0,1,
4,http://dbpedia.org/property/era,http://dbpedia.org/ontology/era,0,0,0,1,
5,http://dbpedia.org/property/influenced,http://dbpedia.org/ontology/influenced,0,0,0,1,
6,http://dbpedia.org/property/influences,http://dbpedia.org/ontology/influencedBy,0,0,0,1,
7,http://dbpedia.org/property/mainInterests,http://dbpedia.org/ontology/mainInterest,0,0,0,1,
8,http://dbpedia.org/property/name,http://xmlns.com/foaf/0.1/name,0,0,0,1,
9,http://dbpedia.org/property/notableIdeas,http://dbpedia.org/ontology/notableIdea,0,0,0,1,
10,http://dbpedia.org/property/region,http://dbpedia.org/ontology/region,0,0,0,1,
11,http://dbpedia.org/property/schoolTradition,http://dbpedia.org/ontology/philosophicalSchool,0,0,0,1,
