0,http://dbpedia.org/property/birthDate,http://dbpedia.org/ontology/birthDate,0,0,0,1,
1,http://dbpedia.org/property/birthPlace,http://dbpedia.org/ontology/birthPlace,0,0,0,1,
2,http://dbpedia.org/property/birthname,http://dbpedia.org/ontology/birthName,0,0,0,1,
3,http://dbpedia.org/property/bust,http://dbpedia.org/ontology/bustSize,0,0,0,1,
4,http://dbpedia.org/property/deathdate,http://dbpedia.org/ontology/deathDate,0,0,0,1,
5,http://dbpedia.org/property/deathplace,http://dbpedia.org/ontology/deathPlace,0,0,0,1,
6,http://dbpedia.org/property/height,http://dbpedia.org/ontology/height,0,0,0,1,
7,http://dbpedia.org/property/hips,http://dbpedia.org/ontology/hipSize,0,0,0,1,
8,http://dbpedia.org/property/name,http://xmlns.com/foaf/0.1/name,0,0,0,1,
9,http://dbpedia.org/property/preceded,http://dbpedia.org/ontology/predecessor,0,0,0,1,
10,http://dbpedia.org/property/succeeded,http://dbpedia.org/ontology/successor,0,0,0,1,
11,http://dbpedia.org/property/waist,http://dbpedia.org/ontology/waistSize,0,0,0,1,
12,http://dbpedia.org/property/website,http://xmlns.com/foaf/0.1/homepage,0,0,0,1,
13,http://dbpedia.org/property/weight,http://dbpedia.org/ontology/weight,0,0,0,1,
