0,http://dbpedia.org/property/alliance,http://dbpedia.org/ontology/isPartOf,0,0,0,1,
1,http://dbpedia.org/property/annualRidership,http://dbpedia.org/ontology/passengersPerYear,0,0,0,1,
2,http://dbpedia.org/property/averageSpeed,http://dbpedia.org/ontology/averageSpeed,0,0,0,1,
3,http://dbpedia.org/property/beganOperation,http://dbpedia.org/ontology/openingYear,0,0,0,1,
3,http://dbpedia.org/property/founded,http://dbpedia.org/ontology/openingYear,0,0,0,1,
3,http://dbpedia.org/property/operationWillStart,http://dbpedia.org/ontology/openingYear,0,0,0,1,
3,http://dbpedia.org/property/startYear,http://dbpedia.org/ontology/openingYear,0,0,0,1,
4,http://dbpedia.org/property/companySlogan,http://dbpedia.org/ontology/slogan,0,0,0,1,
5,http://dbpedia.org/property/defunct,http://dbpedia.org/ontology/closingYear,0,0,0,1,
5,http://dbpedia.org/property/endYear,http://dbpedia.org/ontology/closingYear,0,0,0,1,
5,http://dbpedia.org/property/endedOperation,http://dbpedia.org/ontology/closingYear,0,0,0,1,
6,http://dbpedia.org/property/destinations,http://dbpedia.org/ontology/regionServed,0,0,0,1,
6,http://dbpedia.org/property/serviceArea,http://dbpedia.org/ontology/regionServed,0,0,0,1,
7,http://dbpedia.org/property/el,http://dbpedia.org/ontology/voltageOfElectrification,0,0,0,1,
7,http://dbpedia.org/property/electrification,http://dbpedia.org/ontology/voltageOfElectrification,0,0,0,1,
8,http://dbpedia.org/property/fleet,http://dbpedia.org/ontology/numberOfVehicles,0,0,0,1,
8,http://dbpedia.org/property/vehicles,http://dbpedia.org/ontology/numberOfVehicles,0,0,0,1,
9,http://dbpedia.org/property/gauge,http://dbpedia.org/ontology/railGauge,0,0,0,1,
9,http://dbpedia.org/property/trackGauge,http://dbpedia.org/ontology/railGauge,0,0,0,1,
10,http://dbpedia.org/property/headquarters,http://dbpedia.org/ontology/headquarter,0,0,0,1,
10,http://dbpedia.org/property/hqCity,http://dbpedia.org/ontology/headquarter,0,0,0,1,
11,http://dbpedia.org/property/image,http://xmlns.com/foaf/0.1/logo,0,0,0,1,
11,http://dbpedia.org/property/logo,http://xmlns.com/foaf/0.1/logo,0,0,0,1,
11,http://dbpedia.org/property/logoFilename,http://xmlns.com/foaf/0.1/logo,0,0,0,1,
12,http://dbpedia.org/property/length,http://dbpedia.org/ontology/trackLength,0,0,0,1,
13,http://dbpedia.org/property/lines,http://dbpedia.org/ontology/numberOfLines,0,0,0,1,
13,http://dbpedia.org/property/routes,http://dbpedia.org/ontology/numberOfLines,0,0,0,1,
14,http://dbpedia.org/property/locale,http://dbpedia.org/ontology/location,0,0,0,1,
15,http://dbpedia.org/property/map,http://dbpedia.org/ontology/map,0,0,0,1,
15,http://dbpedia.org/property/systemMap,http://dbpedia.org/ontology/map,0,0,0,1,
16,http://dbpedia.org/property/marks,http://dbpedia.org/ontology/reportingMark,0,0,0,1,
17,http://dbpedia.org/property/name,http://xmlns.com/foaf/0.1/name,0,0,0,1,
17,http://dbpedia.org/property/railroadName,http://xmlns.com/foaf/0.1/name,0,0,0,1,
18,http://dbpedia.org/property/operator,http://dbpedia.org/ontology/operatedBy,0,0,0,1,
19,http://dbpedia.org/property/owner,http://dbpedia.org/ontology/owner,0,0,0,1,
19,http://dbpedia.org/property/parent,http://dbpedia.org/ontology/owner,0,0,0,1,
20,http://dbpedia.org/property/ridership,http://dbpedia.org/ontology/passengersPerDay,0,0,0,1,
21,http://dbpedia.org/property/serviceType,http://dbpedia.org/ontology/type,0,0,0,1,
21,http://dbpedia.org/property/transitType,http://dbpedia.org/ontology/type,0,0,0,1,
22,http://dbpedia.org/property/stations,http://dbpedia.org/ontology/numberOfStations,0,0,0,1,
22,http://dbpedia.org/property/stops,http://dbpedia.org/ontology/numberOfStations,0,0,0,1,
23,http://dbpedia.org/property/topSpeed,http://dbpedia.org/ontology/topSpeed,0,0,0,1,
24,http://dbpedia.org/property/website,http://xmlns.com/foaf/0.1/homepage,0,0,0,1,
