0,http://dbpedia.org/property/date,http://dbpedia.org/ontology/date,0,0,0,1,
1,http://dbpedia.org/property/first,http://dbpedia.org/ontology/startDate,0,0,0,1,
2,http://dbpedia.org/property/firstwinner,http://dbpedia.org/ontology/firstWinner,0,0,0,1,
3,http://dbpedia.org/property/last,http://dbpedia.org/ontology/endDate,0,0,0,1,
4,http://dbpedia.org/property/localnames,http://xmlns.com/foaf/0.1/name,0,0,0,1,
4,http://dbpedia.org/property/name,http://xmlns.com/foaf/0.1/name,0,0,0,1,
5,http://dbpedia.org/property/mostrecent,http://dbpedia.org/ontology/recentWinner,0,0,0,1,
6,http://dbpedia.org/property/mostwins,http://dbpedia.org/ontology/mostWins,0,0,0,1,
7,http://dbpedia.org/property/region,http://dbpedia.org/ontology/location,0,0,0,1,
