0,http://dbpedia.org/property/budget,http://dbpedia.org/ontology/projectBudgetTotal,0,0,0,1,
1,http://dbpedia.org/property/coordinator,http://dbpedia.org/ontology/projectParticipant,0,0,0,1,
1,http://dbpedia.org/property/participants,http://dbpedia.org/ontology/projectParticipant,0,0,0,1,
2,http://dbpedia.org/property/end,http://dbpedia.org/ontology/projectEndDate,0,0,0,1,
3,http://dbpedia.org/property/funding,http://dbpedia.org/ontology/projectBudgetFunding,0,0,0,1,
4,http://dbpedia.org/property/fundingagency,http://dbpedia.org/ontology/fundedBy,0,0,0,1,
5,http://dbpedia.org/property/keywords,http://dbpedia.org/ontology/projectKeyword,0,0,0,1,
6,http://dbpedia.org/property/name,http://xmlns.com/foaf/0.1/name,0,0,0,1,
7,http://dbpedia.org/property/projectreference,http://dbpedia.org/ontology/projectReferenceID,0,0,0,1,
8,http://dbpedia.org/property/projecttype,http://dbpedia.org/ontology/projectType,0,0,0,1,
9,http://dbpedia.org/property/researchobjective,http://dbpedia.org/ontology/projectObjective,0,0,0,1,
10,http://dbpedia.org/property/start,http://dbpedia.org/ontology/projectStartDate,0,0,0,1,
11,http://dbpedia.org/property/title,http://dbpedia.org/ontology/title,0,0,0,1,
12,http://dbpedia.org/property/website,http://xmlns.com/foaf/0.1/homepage,0,0,0,1,
