0,http://dbpedia.org/property/chef,http://dbpedia.org/ontology/chef,0,0,0,1,
1,http://dbpedia.org/property/current-owner,http://dbpedia.org/ontology/owner,0,0,0,1,
2,http://dbpedia.org/property/dress-code,http://dbpedia.org/ontology/dressCode,0,0,0,1,
3,http://dbpedia.org/property/established,http://dbpedia.org/ontology/foundingDate,0,0,0,1,
4,http://dbpedia.org/property/food-type,http://dbpedia.org/ontology/cuisine,0,0,0,1,
5,http://dbpedia.org/property/head-chef,http://dbpedia.org/ontology/headChef,0,0,0,1,
6,http://dbpedia.org/property/name,http://xmlns.com/foaf/0.1/name,0,0,0,1,
7,http://dbpedia.org/property/rating,http://dbpedia.org/ontology/rating,0,0,0,1,
8,http://dbpedia.org/property/reservations,http://dbpedia.org/ontology/reservations,0,0,0,1,
9,http://dbpedia.org/property/seating-capacity,http://dbpedia.org/ontology/seatingCapacity,0,0,0,1,
10,http://dbpedia.org/property/slogan,http://dbpedia.org/ontology/slogan,0,0,0,1,
11,http://dbpedia.org/property/street-address,http://dbpedia.org/ontology/address,0,0,0,1,
