0,http://dbpedia.org/property/const,http://dbpedia.org/ontology/yearOfConstruction,0,0,0,1,
1,http://dbpedia.org/property/country,http://dbpedia.org/ontology/country,0,0,0,1,
2,http://dbpedia.org/property/height,http://dbpedia.org/ontology/height,0,0,0,1,
3,http://dbpedia.org/property/image,http://dbpedia.org/ontology/picture,0,0,0,1,
4,http://dbpedia.org/property/location,http://dbpedia.org/ontology/location,0,0,0,1,
5,http://dbpedia.org/property/maint,http://dbpedia.org/ontology/maintainedBy,0,0,0,1,
6,http://dbpedia.org/property/map,http://dbpedia.org/ontology/map,0,0,0,1,
7,http://dbpedia.org/property/name,http://xmlns.com/foaf/0.1/name,0,0,0,1,
8,http://dbpedia.org/property/opened,http://dbpedia.org/ontology/openingYear,0,0,0,1,
9,http://dbpedia.org/property/otherNames,http://dbpedia.org/ontology/alias,0,0,0,1,
10,http://dbpedia.org/property/roadType,http://dbpedia.org/ontology/type,0,0,0,1,
10,http://dbpedia.org/property/type,http://dbpedia.org/ontology/type,0,0,0,1,
11,http://dbpedia.org/property/roads,http://dbpedia.org/ontology/meetingRoad,0,0,0,1,
