0,http://dbpedia.org/property/addresses,http://dbpedia.org/ontology/addressInRoad,0,0,0,1,
1,http://dbpedia.org/property/alternateName,http://xmlns.com/foaf/0.1/name,0,0,0,1,
1,http://dbpedia.org/property/highwayName,http://xmlns.com/foaf/0.1/name,0,0,0,1,
1,http://dbpedia.org/property/name,http://xmlns.com/foaf/0.1/name,0,0,0,1,
1,http://dbpedia.org/property/nativeName,http://xmlns.com/foaf/0.1/name,0,0,0,1,
1,http://dbpedia.org/property/roadName,http://xmlns.com/foaf/0.1/name,0,0,0,1,
2,http://dbpedia.org/property/beltwayCity,http://dbpedia.org/ontology/beltwayCity,0,0,0,1,
3,http://dbpedia.org/property/cities,http://dbpedia.org/ontology/city,0,0,0,1,
3,http://dbpedia.org/property/through,http://dbpedia.org/ontology/city,0,0,0,1,
4,http://dbpedia.org/property/commissioningDate,http://dbpedia.org/ontology/openingDate,0,0,0,1,
4,http://dbpedia.org/property/established,http://dbpedia.org/ontology/openingDate,0,0,0,1,
4,http://dbpedia.org/property/inaugurationDate,http://dbpedia.org/ontology/openingDate,0,0,0,1,
5,http://dbpedia.org/property/completionDate,http://dbpedia.org/ontology/buildingEndDate,0,0,0,1,
5,http://dbpedia.org/property/est,http://dbpedia.org/ontology/buildingEndDate,0,0,0,1,
6,http://dbpedia.org/property/constructionStartDate,http://dbpedia.org/ontology/buildingStartDate,0,0,0,1,
7,http://dbpedia.org/property/counties,http://dbpedia.org/ontology/county,0,0,0,1,
7,http://dbpedia.org/property/county,http://dbpedia.org/ontology/county,0,0,0,1,
8,http://dbpedia.org/property/country,http://dbpedia.org/ontology/country,0,0,0,1,
9,http://dbpedia.org/property/decommissioned,http://dbpedia.org/ontology/dateOfAbandonment,0,0,0,1,
10,http://dbpedia.org/property/demolitionDate,http://dbpedia.org/ontology/demolitionDate,0,0,0,1,
11,http://dbpedia.org/property/direction,http://dbpedia.org/ontology/routeDirection,0,0,0,1,
12,http://dbpedia.org/property/directionA,http://dbpedia.org/ontology/routeStartDirection,0,0,0,1,
13,http://dbpedia.org/property/directionB,http://dbpedia.org/ontology/routeEndDirection,0,0,0,1,
14,http://dbpedia.org/property/exits,http://dbpedia.org/ontology/routeJunction,0,0,0,1,
14,http://dbpedia.org/property/junction,http://dbpedia.org/ontology/routeJunction,0,0,0,1,
15,http://dbpedia.org/property/finish,http://dbpedia.org/ontology/routeEnd,0,0,0,1,
15,http://dbpedia.org/property/terminusB,http://dbpedia.org/ontology/routeEnd,0,0,0,1,
16,http://dbpedia.org/property/formerNames,http://dbpedia.org/ontology/formerName,0,0,0,1,
17,http://dbpedia.org/property/image,http://dbpedia.org/ontology/picture,0,0,0,1,
17,http://dbpedia.org/property/photo,http://dbpedia.org/ontology/picture,0,0,0,1,
18,http://dbpedia.org/property/length,http://dbpedia.org/ontology/length,0,0,0,1,
18,http://dbpedia.org/property/lengthFt,http://dbpedia.org/ontology/length,0,0,0,1,0.5,
18,http://dbpedia.org/property/lengthKm,http://dbpedia.org/ontology/length,0,0,0,1,
18,http://dbpedia.org/property/lengthM,http://dbpedia.org/ontology/length,0,0,0,1,0.5,
18,http://dbpedia.org/property/lengthMi,http://dbpedia.org/ontology/length,0,0,0,1,
19,http://dbpedia.org/property/lengthRef,http://dbpedia.org/ontology/lengthReference,0,0,0,1,
20,http://dbpedia.org/property/location,http://dbpedia.org/ontology/map,0,0,0,1,
20,http://dbpedia.org/property/map,http://dbpedia.org/ontology/map,0,0,0,1,
21,http://dbpedia.org/property/maint,http://dbpedia.org/ontology/maintainedBy,0,0,0,1,
22,http://dbpedia.org/property/markerImage,http://xmlns.com/foaf/0.1/logo,0,0,0,1,
22,http://dbpedia.org/property/routeImage,http://xmlns.com/foaf/0.1/logo,0,0,0,1,
22,http://dbpedia.org/property/routeImage2,http://xmlns.com/foaf/0.1/logo,0,0,0,1,
22,http://dbpedia.org/property/routeImage3,http://xmlns.com/foaf/0.1/logo,0,0,0,1,
22,http://dbpedia.org/property/routeImage4,http://xmlns.com/foaf/0.1/logo,0,0,0,1,
23,http://dbpedia.org/property/nextRoute,http://dbpedia.org/ontology/subsequentInfrastructure,0,0,0,1,
24,http://dbpedia.org/property/nextType,http://dbpedia.org/ontology/type,0,0,0,1,
24,http://dbpedia.org/property/previousType,http://dbpedia.org/ontology/type,0,0,0,1,
24,http://dbpedia.org/property/type,http://dbpedia.org/ontology/type,0,0,0,1,
25,http://dbpedia.org/property/postalCode,http://dbpedia.org/ontology/postalCode,0,0,0,1,
26,http://dbpedia.org/property/previousRoute,http://dbpedia.org/ontology/previousInfrastructure,0,0,0,1,
27,http://dbpedia.org/property/route,http://dbpedia.org/ontology/isPartOfRoute,0,0,0,1,
28,http://dbpedia.org/property/ruralMunicipalities,http://dbpedia.org/ontology/ruralMunicipality,0,0,0,1,
29,http://dbpedia.org/property/spurOf,http://dbpedia.org/ontology/spurOf,0,0,0,1,
30,http://dbpedia.org/property/spurType,http://dbpedia.org/ontology/spurType,0,0,0,1,
31,http://dbpedia.org/property/start,http://dbpedia.org/ontology/routeStart,0,0,0,1,
31,http://dbpedia.org/property/terminusA,http://dbpedia.org/ontology/routeStart,0,0,0,1,
32,http://dbpedia.org/property/state,http://dbpedia.org/ontology/state,0,0,0,1,
33,http://dbpedia.org/property/system,http://dbpedia.org/ontology/highwaySystem,0,0,0,1,
