0,http://dbpedia.org/property/comparable,http://dbpedia.org/ontology/comparable,0,0,0,1,
1,http://dbpedia.org/property/country-origin,http://dbpedia.org/ontology/countryOrigin,0,0,0,1,
2,http://dbpedia.org/property/derivatives,http://dbpedia.org/ontology/successor,0,0,0,1,
3,http://dbpedia.org/property/diameter,http://dbpedia.org/ontology/diameter,0,0,0,1,
4,http://dbpedia.org/property/fail,http://dbpedia.org/ontology/failedLaunches,0,0,0,1,
5,http://dbpedia.org/property/first,http://dbpedia.org/ontology/maidenFlight,0,0,0,1,
6,http://dbpedia.org/property/function,http://dbpedia.org/ontology/rocketFunction,0,0,0,1,
7,http://dbpedia.org/property/height,http://dbpedia.org/ontology/height,0,0,0,1,
8,http://dbpedia.org/property/last,http://dbpedia.org/ontology/finalFlight,0,0,0,1,
9,http://dbpedia.org/property/launches,http://dbpedia.org/ontology/totalLaunches,0,0,0,1,
10,http://dbpedia.org/property/leo-payload,http://dbpedia.org/ontology/lowerEarthOrbitPayload,0,0,0,1,
11,http://dbpedia.org/property/manufacturer,http://dbpedia.org/ontology/manufacturer,0,0,0,1,
12,http://dbpedia.org/property/mass,http://dbpedia.org/ontology/mass,0,0,0,1,
13,http://dbpedia.org/property/name,http://xmlns.com/foaf/0.1/name,0,0,0,1,
14,http://dbpedia.org/property/otherOutcome,http://dbpedia.org/ontology/unknownOutcomes,0,0,0,1,
15,http://dbpedia.org/property/partial,http://dbpedia.org/ontology/partialFailedLaunches,0,0,0,1,
16,http://dbpedia.org/property/sites,http://dbpedia.org/ontology/launchSite,0,0,0,1,
17,http://dbpedia.org/property/stages,http://dbpedia.org/ontology/rocketStages,0,0,0,1,
18,http://dbpedia.org/property/status,http://dbpedia.org/ontology/status,0,0,0,1,
19,http://dbpedia.org/property/success,http://dbpedia.org/ontology/successfulLaunches,0,0,0,1,
