0,http://dbpedia.org/property/birthDate,http://dbpedia.org/ontology/birthDate,0,0,0,1,
0,http://dbpedia.org/property/dateofbirth,http://dbpedia.org/ontology/birthDate,0,0,0,1,
1,http://dbpedia.org/property/birthPlace,http://dbpedia.org/ontology/birthPlace,0,0,0,1,
1,http://dbpedia.org/property/countryofbirth,http://dbpedia.org/ontology/birthPlace,0,0,0,1,
1,http://dbpedia.org/property/placeofbirth,http://dbpedia.org/ontology/birthPlace,0,0,0,1,
2,http://dbpedia.org/property/birthname,http://dbpedia.org/ontology/birthName,0,0,0,1,
3,http://dbpedia.org/property/children,http://dbpedia.org/ontology/child,0,0,0,1,
4,http://dbpedia.org/property/club1,http://dbpedia.org/ontology/formerTeam,0,0,0,1,
4,http://dbpedia.org/property/club10,http://dbpedia.org/ontology/formerTeam,0,0,0,1,
4,http://dbpedia.org/property/club2,http://dbpedia.org/ontology/formerTeam,0,0,0,1,
4,http://dbpedia.org/property/club3,http://dbpedia.org/ontology/formerTeam,0,0,0,1,
4,http://dbpedia.org/property/club4,http://dbpedia.org/ontology/formerTeam,0,0,0,1,
4,http://dbpedia.org/property/club5,http://dbpedia.org/ontology/formerTeam,0,0,0,1,
4,http://dbpedia.org/property/club6,http://dbpedia.org/ontology/formerTeam,0,0,0,1,
4,http://dbpedia.org/property/club7,http://dbpedia.org/ontology/formerTeam,0,0,0,1,
4,http://dbpedia.org/property/club8,http://dbpedia.org/ontology/formerTeam,0,0,0,1,
4,http://dbpedia.org/property/club9,http://dbpedia.org/ontology/formerTeam,0,0,0,1,
4,http://dbpedia.org/property/clubs,http://dbpedia.org/ontology/formerTeam,0,0,0,1,
5,http://dbpedia.org/property/coachyear1end,http://dbpedia.org/ontology/activeYearsEndYear,0,0,0,1,
6,http://dbpedia.org/property/coachyear1start,http://dbpedia.org/ontology/activeYearsStartYear,0,0,0,1,
7,http://dbpedia.org/property/countryofdeath,http://dbpedia.org/ontology/deathPlace,0,0,0,1,
7,http://dbpedia.org/property/deathPlace,http://dbpedia.org/ontology/deathPlace,0,0,0,1,
7,http://dbpedia.org/property/placeofdeath,http://dbpedia.org/ontology/deathPlace,0,0,0,1,
8,http://dbpedia.org/property/currentclub,http://dbpedia.org/ontology/team,0,0,0,1,
9,http://dbpedia.org/property/dateofdeath,http://dbpedia.org/ontology/deathDate,0,0,0,1,
10,http://dbpedia.org/property/fullname,http://xmlns.com/foaf/0.1/name,0,0,0,1,
10,http://dbpedia.org/property/name,http://xmlns.com/foaf/0.1/name,0,0,0,1,
10,http://dbpedia.org/property/playername,http://xmlns.com/foaf/0.1/name,0,0,0,1,
11,http://dbpedia.org/property/height,http://dbpedia.org/ontology/height,0,0,0,1,
11,http://dbpedia.org/property/height(ft),http://dbpedia.org/ontology/height,0,0,0,1,
11,http://dbpedia.org/property/height(in),http://dbpedia.org/ontology/height,0,0,0,1,
11,http://dbpedia.org/property/height(m),http://dbpedia.org/ontology/height,0,0,0,1,
12,http://dbpedia.org/property/nickname,http://xmlns.com/foaf/0.1/nick,0,0,0,1,
13,http://dbpedia.org/property/occupation,http://dbpedia.org/ontology/occupation,0,0,0,1,
14,http://dbpedia.org/property/position,http://dbpedia.org/ontology/position,0,0,0,1,
15,http://dbpedia.org/property/relatives,http://dbpedia.org/ontology/relative,0,0,0,1,
16,http://dbpedia.org/property/school,http://dbpedia.org/ontology/school,0,0,0,1,
17,http://dbpedia.org/property/spouse,http://dbpedia.org/ontology/spouse,0,0,0,1,
18,http://dbpedia.org/property/university,http://dbpedia.org/ontology/university,0,0,0,1,
19,http://dbpedia.org/property/url,http://xmlns.com/foaf/0.1/homepage,0,0,0,1,
20,http://dbpedia.org/property/weight,http://dbpedia.org/ontology/weight,0,0,0,1,
20,http://dbpedia.org/property/weight(kg),http://dbpedia.org/ontology/weight,0,0,0,1,
20,http://dbpedia.org/property/weight(lb),http://dbpedia.org/ontology/weight,0,0,0,1,
20,http://dbpedia.org/property/weight(st),http://dbpedia.org/ontology/weight,0,0,0,1,
