0,http://dbpedia.org/property/act,http://dbpedia.org/ontology/actScore,0,0,0,1,
1,http://dbpedia.org/property/actingHeadteacher,http://dbpedia.org/ontology/actingHeadteacher,0,0,0,1,
2,http://dbpedia.org/property/address,http://dbpedia.org/ontology/address,0,0,0,1,
2,http://dbpedia.org/property/streetaddress,http://dbpedia.org/ontology/address,0,0,0,1,
3,http://dbpedia.org/property/administrator,http://dbpedia.org/ontology/administrator,0,0,0,1,
4,http://dbpedia.org/property/affiliation,http://dbpedia.org/ontology/affiliation,0,0,0,1,
4,http://dbpedia.org/property/affiliations,http://dbpedia.org/ontology/affiliation,0,0,0,1,
5,http://dbpedia.org/property/ageRange,http://dbpedia.org/ontology/ageRange,0,0,0,1,
6,http://dbpedia.org/property/alumni,http://dbpedia.org/ontology/alumni,0,0,0,1,
7,http://dbpedia.org/property/annualTuition,http://dbpedia.org/ontology/tuition,0,0,0,1,
7,http://dbpedia.org/property/tuition,http://dbpedia.org/ontology/tuition,0,0,0,1,
8,http://dbpedia.org/property/assistantPrincipals,http://dbpedia.org/ontology/assistantPrincipal,0,0,0,1,
8,http://dbpedia.org/property/asstPrincipal,http://dbpedia.org/ontology/assistantPrincipal,0,0,0,1,
9,http://dbpedia.org/property/authority,http://dbpedia.org/ontology/director,0,0,0,1,
9,http://dbpedia.org/property/campusDirector,http://dbpedia.org/ontology/director,0,0,0,1,
9,http://dbpedia.org/property/director,http://dbpedia.org/ontology/director,0,0,0,1,
10,http://dbpedia.org/property/avgClassSize,http://dbpedia.org/ontology/averageClassSize,0,0,0,1,
11,http://dbpedia.org/property/barPassRate,http://dbpedia.org/ontology/barPassRate,0,0,0,1,
12,http://dbpedia.org/property/budget,http://dbpedia.org/ontology/budget,0,0,0,1,
13,http://dbpedia.org/property/campus,http://dbpedia.org/ontology/campusType,0,0,0,1,
13,http://dbpedia.org/property/campusType,http://dbpedia.org/ontology/campusType,0,0,0,1,
14,http://dbpedia.org/property/campusSize,http://dbpedia.org/ontology/campusSize,0,0,0,1,
15,http://dbpedia.org/property/category,http://dbpedia.org/ontology/category,0,0,0,1,
16,http://dbpedia.org/property/ceeb,http://dbpedia.org/ontology/ceeb,0,0,0,1,
17,http://dbpedia.org/property/chair,http://dbpedia.org/ontology/chairperson,0,0,0,1,
17,http://dbpedia.org/property/chairman,http://dbpedia.org/ontology/chairperson,0,0,0,1,
17,http://dbpedia.org/property/chairperson,http://dbpedia.org/ontology/chairperson,0,0,0,1,
18,http://dbpedia.org/property/chairLabel,http://dbpedia.org/ontology/chairLabel,0,0,0,1,
19,http://dbpedia.org/property/chaplain,http://dbpedia.org/ontology/chaplain,0,0,0,1,
20,http://dbpedia.org/property/city,http://dbpedia.org/ontology/city,0,0,0,1,
21,http://dbpedia.org/property/class,http://dbpedia.org/ontology/classes,0,0,0,1,
21,http://dbpedia.org/property/classes,http://dbpedia.org/ontology/classes,0,0,0,1,
22,http://dbpedia.org/property/classesOffered,http://dbpedia.org/ontology/offeredClasses,0,0,0,1,
23,http://dbpedia.org/property/classrooms,http://dbpedia.org/ontology/numberOfClassrooms,0,0,0,1,
24,http://dbpedia.org/property/closed,http://dbpedia.org/ontology/closed,0,0,0,1,
25,http://dbpedia.org/property/colors,http://dbpedia.org/ontology/officialSchoolColour,0,0,0,1,
25,http://dbpedia.org/property/schoolColors,http://dbpedia.org/ontology/officialSchoolColour,0,0,0,1,
25,http://dbpedia.org/property/schoolColours,http://dbpedia.org/ontology/officialSchoolColour,0,0,0,1,
26,http://dbpedia.org/property/colours,http://dbpedia.org/ontology/colourName,0,0,0,1,
27,http://dbpedia.org/property/country,http://dbpedia.org/ontology/country,0,0,0,1,
27,http://dbpedia.org/property/country1,http://dbpedia.org/ontology/country,0,0,0,1,
28,http://dbpedia.org/property/county,http://dbpedia.org/ontology/county,0,0,0,1,
29,http://dbpedia.org/property/custodian,http://dbpedia.org/ontology/custodian,0,0,0,1,
30,http://dbpedia.org/property/dcsfno,http://dbpedia.org/ontology/dfE,0,0,0,1,
30,http://dbpedia.org/property/dfeno,http://dbpedia.org/ontology/dfE,0,0,0,1,
31,http://dbpedia.org/property/dcsfurn,http://dbpedia.org/ontology/uRN,0,0,0,1,
31,http://dbpedia.org/property/urn,http://dbpedia.org/ontology/uRN,0,0,0,1,
32,http://dbpedia.org/property/dean,http://dbpedia.org/ontology/dean,0,0,0,1,
33,http://dbpedia.org/property/denomination,http://dbpedia.org/ontology/denomination,0,0,0,1,
34,http://dbpedia.org/property/deputyHead,http://dbpedia.org/ontology/vicePrincipal,0,0,0,1,
34,http://dbpedia.org/property/viceprincipal,http://dbpedia.org/ontology/vicePrincipal,0,0,0,1,
35,http://dbpedia.org/property/deputyHeadLabel,http://dbpedia.org/ontology/vicePrincipalLabel,0,0,0,1,
35,http://dbpedia.org/property/viceprincipalLabel,http://dbpedia.org/ontology/vicePrincipalLabel,0,0,0,1,
36,http://dbpedia.org/property/district,http://dbpedia.org/ontology/district,0,0,0,1,
37,http://dbpedia.org/property/educationalAuthority,http://dbpedia.org/ontology/localAuthority,0,0,0,1,
37,http://dbpedia.org/property/lea,http://dbpedia.org/ontology/localAuthority,0,0,0,1,
38,http://dbpedia.org/property/employees,http://dbpedia.org/ontology/teachingStaff,0,0,0,1,
38,http://dbpedia.org/property/keyPeople,http://dbpedia.org/ontology/teachingStaff,0,0,0,1,
38,http://dbpedia.org/property/numEmploy,http://dbpedia.org/ontology/teachingStaff,0,0,0,1,
39,http://dbpedia.org/property/endowment,http://dbpedia.org/ontology/endowment,0,0,0,1,
40,http://dbpedia.org/property/enrollment,http://dbpedia.org/ontology/numberOfStudents,0,0,0,1,
40,http://dbpedia.org/property/enrolment,http://dbpedia.org/ontology/numberOfStudents,0,0,0,1,
40,http://dbpedia.org/property/numberOfPupils,http://dbpedia.org/ontology/numberOfStudents,0,0,0,1,
40,http://dbpedia.org/property/pupils,http://dbpedia.org/ontology/numberOfStudents,0,0,0,1,
40,http://dbpedia.org/property/students,http://dbpedia.org/ontology/numberOfStudents,0,0,0,1,
41,http://dbpedia.org/property/established,http://dbpedia.org/ontology/foundingDate,0,0,0,1,
42,http://dbpedia.org/property/executiveHeadteacher,http://dbpedia.org/ontology/executiveHeadteacher,0,0,0,1,
43,http://dbpedia.org/property/faculty,http://dbpedia.org/ontology/facultySize,0,0,0,1,
43,http://dbpedia.org/property/teachingStaff,http://dbpedia.org/ontology/facultySize,0,0,0,1,
44,http://dbpedia.org/property/fees,http://dbpedia.org/ontology/fees,0,0,0,1,
45,http://dbpedia.org/property/founded,http://dbpedia.org/ontology/foundingYear,0,0,0,1,
45,http://dbpedia.org/property/opened,http://dbpedia.org/ontology/foundingYear,0,0,0,1,
46,http://dbpedia.org/property/founder,http://dbpedia.org/ontology/foundedBy,0,0,0,1,
47,http://dbpedia.org/property/gender,http://dbpedia.org/ontology/gender,0,0,0,1,
48,http://dbpedia.org/property/grades,http://dbpedia.org/ontology/grades,0,0,0,1,
48,http://dbpedia.org/property/years,http://dbpedia.org/ontology/grades,0,0,0,1,
48,http://dbpedia.org/property/yearsTaught,http://dbpedia.org/ontology/grades,0,0,0,1,
49,http://dbpedia.org/property/graduates,http://dbpedia.org/ontology/numberOfGraduateStudents,0,0,0,1,
50,http://dbpedia.org/property/head,http://dbpedia.org/ontology/head,0,0,0,1,
50,http://dbpedia.org/property/headName,http://dbpedia.org/ontology/head,0,0,0,1,
50,http://dbpedia.org/property/headOfSchool,http://dbpedia.org/ontology/head,0,0,0,1,
50,http://dbpedia.org/property/headmaster,http://dbpedia.org/ontology/head,0,0,0,1,
50,http://dbpedia.org/property/headmistress,http://dbpedia.org/ontology/head,0,0,0,1,
51,http://dbpedia.org/property/headLabel,http://dbpedia.org/ontology/headLabel,0,0,0,1,
51,http://dbpedia.org/property/principalLabel,http://dbpedia.org/ontology/headLabel,0,0,0,1,
52,http://dbpedia.org/property/headTeacher,http://dbpedia.org/ontology/headteacher,0,0,0,1,
52,http://dbpedia.org/property/headteacher,http://dbpedia.org/ontology/headteacher,0,0,0,1,
53,http://dbpedia.org/property/homepage,http://xmlns.com/foaf/0.1/homepage,0,0,0,1,
53,http://dbpedia.org/property/url,http://xmlns.com/foaf/0.1/homepage,0,0,0,1,
53,http://dbpedia.org/property/website,http://xmlns.com/foaf/0.1/homepage,0,0,0,1,
54,http://dbpedia.org/property/irishName,http://xmlns.com/foaf/0.1/name,0,0,0,1,
54,http://dbpedia.org/property/latinName,http://xmlns.com/foaf/0.1/name,0,0,0,1,
54,http://dbpedia.org/property/name,http://xmlns.com/foaf/0.1/name,0,0,0,1,
54,http://dbpedia.org/property/nativeName,http://xmlns.com/foaf/0.1/name,0,0,0,1,
55,http://dbpedia.org/property/keypname,http://dbpedia.org/ontology/principal,0,0,0,1,
55,http://dbpedia.org/property/principal,http://dbpedia.org/ontology/principal,0,0,0,1,
55,http://dbpedia.org/property/schoolboard,http://dbpedia.org/ontology/principal,0,0,0,1,
56,http://dbpedia.org/property/language,http://dbpedia.org/ontology/language,0,0,0,1,
56,http://dbpedia.org/property/mediumOfLanguage,http://dbpedia.org/ontology/language,0,0,0,1,
56,http://dbpedia.org/property/mediums,http://dbpedia.org/ontology/language,0,0,0,1,
57,http://dbpedia.org/property/location,http://dbpedia.org/ontology/location,0,0,0,1,
58,http://dbpedia.org/property/lowerAge,http://dbpedia.org/ontology/lowerAge,0,0,0,1,
59,http://dbpedia.org/property/mascot,http://dbpedia.org/ontology/mascot,0,0,0,1,
60,http://dbpedia.org/property/motto,http://dbpedia.org/ontology/motto,0,0,0,1,
60,http://dbpedia.org/property/mottoTranslation,http://dbpedia.org/ontology/motto,0,0,0,1,
61,http://dbpedia.org/property/nationalRanking,http://dbpedia.org/ontology/nationalRanking,0,0,0,1,
62,http://dbpedia.org/property/nickname,http://xmlns.com/foaf/0.1/nick,0,0,0,1,
63,http://dbpedia.org/property/nobelLaureates,http://dbpedia.org/ontology/nobelLaureates,0,0,0,1,
64,http://dbpedia.org/property/numberOfStaff,http://dbpedia.org/ontology/staff,0,0,0,1,
64,http://dbpedia.org/property/staff,http://dbpedia.org/ontology/staff,0,0,0,1,
65,http://dbpedia.org/property/oversight,http://dbpedia.org/ontology/oversight,0,0,0,1,
66,http://dbpedia.org/property/patron,http://dbpedia.org/ontology/schoolPatron,0,0,0,1,
67,http://dbpedia.org/property/postalcode,http://dbpedia.org/ontology/postalCode,0,0,0,1,
67,http://dbpedia.org/property/postcode,http://dbpedia.org/ontology/postalCode,0,0,0,1,
67,http://dbpedia.org/property/zipcode,http://dbpedia.org/ontology/postalCode,0,0,0,1,
68,http://dbpedia.org/property/president,http://dbpedia.org/ontology/president,0,0,0,1,
69,http://dbpedia.org/property/province,http://dbpedia.org/ontology/province,0,0,0,1,
70,http://dbpedia.org/property/rHead,http://dbpedia.org/ontology/religiousHead,0,0,0,1,
70,http://dbpedia.org/property/relHead,http://dbpedia.org/ontology/religiousHead,0,0,0,1,
70,http://dbpedia.org/property/relHeadName,http://dbpedia.org/ontology/religiousHead,0,0,0,1,
71,http://dbpedia.org/property/rHeadLabel,http://dbpedia.org/ontology/religiousHeadLabel,0,0,0,1,
72,http://dbpedia.org/property/ranking,http://dbpedia.org/ontology/ranking,0,0,0,1,
73,http://dbpedia.org/property/ratio,http://dbpedia.org/ontology/ratio,0,0,0,1,
74,http://dbpedia.org/property/rector,http://dbpedia.org/ontology/rector,0,0,0,1,
75,http://dbpedia.org/property/region,http://dbpedia.org/ontology/region,0,0,0,1,
76,http://dbpedia.org/property/religion,http://dbpedia.org/ontology/religion,0,0,0,1,
76,http://dbpedia.org/property/religiousAffiliation,http://dbpedia.org/ontology/religion,0,0,0,1,
77,http://dbpedia.org/property/reopened,http://dbpedia.org/ontology/reopened,0,0,0,1,
78,http://dbpedia.org/property/revenue,http://dbpedia.org/ontology/revenue,0,0,0,1,
79,http://dbpedia.org/property/rival,http://dbpedia.org/ontology/rival,0,0,0,1,
80,http://dbpedia.org/property/sat,http://dbpedia.org/ontology/satScore,0,0,0,1,
81,http://dbpedia.org/property/schoolCode,http://dbpedia.org/ontology/schoolCode,0,0,0,1,
82,http://dbpedia.org/property/schoolnumber,http://dbpedia.org/ontology/schoolNumber,0,0,0,1,
83,http://dbpedia.org/property/schooltype,http://dbpedia.org/ontology/type,0,0,0,1,
83,http://dbpedia.org/property/type,http://dbpedia.org/ontology/type,0,0,0,1,
84,http://dbpedia.org/property/sixthFormStudents,http://dbpedia.org/ontology/sixthFormStudents,0,0,0,1,
85,http://dbpedia.org/property/slogan,http://dbpedia.org/ontology/slogan,0,0,0,1,
86,http://dbpedia.org/property/specialist,http://dbpedia.org/ontology/specialist,0,0,0,1,
87,http://dbpedia.org/property/sports,http://dbpedia.org/ontology/sport,0,0,0,1,
88,http://dbpedia.org/property/state,http://dbpedia.org/ontology/state,0,0,0,1,
89,http://dbpedia.org/property/status,http://dbpedia.org/ontology/status,0,0,0,1,
90,http://dbpedia.org/property/superintendent,http://dbpedia.org/ontology/superintendent,0,0,0,1,
91,http://dbpedia.org/property/system,http://dbpedia.org/ontology/educationSystem,0,0,0,1,
92,http://dbpedia.org/property/teamName,http://dbpedia.org/ontology/teamName,0,0,0,1,
92,http://dbpedia.org/property/teamname,http://dbpedia.org/ontology/teamName,0,0,0,1,
92,http://dbpedia.org/property/teams,http://dbpedia.org/ontology/teamName,0,0,0,1,
93,http://dbpedia.org/property/testaverage,http://dbpedia.org/ontology/testaverage,0,0,0,1,
94,http://dbpedia.org/property/trustee,http://dbpedia.org/ontology/trustee,0,0,0,1,
95,http://dbpedia.org/property/upperAge,http://dbpedia.org/ontology/upperAge,0,0,0,1,
