0,http://dbpedia.org/property/academicAdvisors,http://dbpedia.org/ontology/academicAdvisor,0,0,0,1,
1,http://dbpedia.org/property/almaMater,http://dbpedia.org/ontology/almaMater,0,0,0,1,
2,http://dbpedia.org/property/awards,http://dbpedia.org/ontology/award,0,0,0,1,
2,http://dbpedia.org/property/prizes,http://dbpedia.org/ontology/award,0,0,0,1,
3,http://dbpedia.org/property/birthDate,http://dbpedia.org/ontology/birthDate,0,0,0,1,
4,http://dbpedia.org/property/birthName,http://dbpedia.org/ontology/birthName,0,0,0,1,
5,http://dbpedia.org/property/birthPlace,http://dbpedia.org/ontology/birthPlace,0,0,0,1,
6,http://dbpedia.org/property/citizenship,http://dbpedia.org/ontology/citizenship,0,0,0,1,
7,http://dbpedia.org/property/deathCause,http://dbpedia.org/ontology/deathCause,0,0,0,1,
8,http://dbpedia.org/property/deathDate,http://dbpedia.org/ontology/deathDate,0,0,0,1,
9,http://dbpedia.org/property/deathPlace,http://dbpedia.org/ontology/deathPlace,0,0,0,1,
10,http://dbpedia.org/property/doctoralAdvisor,http://dbpedia.org/ontology/doctoralAdvisor,0,0,0,1,
11,http://dbpedia.org/property/doctoralStudents,http://dbpedia.org/ontology/doctoralStudent,0,0,0,1,
12,http://dbpedia.org/property/field,http://dbpedia.org/ontology/field,0,0,0,1,
12,http://dbpedia.org/property/fields,http://dbpedia.org/ontology/field,0,0,0,1,
13,http://dbpedia.org/property/influenced,http://dbpedia.org/ontology/influenced,0,0,0,1,
14,http://dbpedia.org/property/influences,http://dbpedia.org/ontology/influencedBy,0,0,0,1,
15,http://dbpedia.org/property/knownFor,http://dbpedia.org/ontology/knownFor,0,0,0,1,
16,http://dbpedia.org/property/name,http://xmlns.com/foaf/0.1/name,0,0,0,1,
17,http://dbpedia.org/property/nationality,http://dbpedia.org/ontology/nationality,0,0,0,1,
18,http://dbpedia.org/property/notableStudents,http://dbpedia.org/ontology/notableStudent,0,0,0,1,
19,http://dbpedia.org/property/residence,http://dbpedia.org/ontology/residence,0,0,0,1,
20,http://dbpedia.org/property/spouse,http://dbpedia.org/ontology/spouse,0,0,0,1,
