0,http://dbpedia.org/property/shipAcquired,http://dbpedia.org/ontology/acquirementDate,0,0,0,1,
1,http://dbpedia.org/property/shipBeam,http://dbpedia.org/ontology/shipBeam,0,0,0,1,
2,http://dbpedia.org/property/shipBuilder,http://dbpedia.org/ontology/builder,0,0,0,1,
3,http://dbpedia.org/property/shipCaptured,http://dbpedia.org/ontology/captureDate,0,0,0,1,
4,http://dbpedia.org/property/shipChristened,http://dbpedia.org/ontology/christeningDate,0,0,0,1,
5,http://dbpedia.org/property/shipClass,http://dbpedia.org/ontology/type,0,0,0,1,
5,http://dbpedia.org/property/shipType,http://dbpedia.org/ontology/type,0,0,0,1,
6,http://dbpedia.org/property/shipCommissioned,http://dbpedia.org/ontology/commissioningDate,0,0,0,1,
7,http://dbpedia.org/property/shipCompleted,http://dbpedia.org/ontology/completionDate,0,0,0,1,
8,http://dbpedia.org/property/shipCountry,http://dbpedia.org/ontology/country,0,0,0,1,
9,http://dbpedia.org/property/shipDecommissioned,http://dbpedia.org/ontology/decommissioningDate,0,0,0,1,
10,http://dbpedia.org/property/shipDisplacement,http://dbpedia.org/ontology/shipDisplacement,0,0,0,1,
11,http://dbpedia.org/property/shipDraft,http://dbpedia.org/ontology/shipDraft,0,0,0,1,
12,http://dbpedia.org/property/shipFate,http://dbpedia.org/ontology/status,0,0,0,1,
12,http://dbpedia.org/property/shipStatus,http://dbpedia.org/ontology/status,0,0,0,1,
13,http://dbpedia.org/property/shipHeight,http://dbpedia.org/ontology/height,0,0,0,1,
14,http://dbpedia.org/property/shipHomeport,http://dbpedia.org/ontology/homeport,0,0,0,1,
15,http://dbpedia.org/property/shipInService,http://dbpedia.org/ontology/activeYearsStartDate,0,0,0,1,
16,http://dbpedia.org/property/shipLaidDown,http://dbpedia.org/ontology/layingDown,0,0,0,1,
17,http://dbpedia.org/property/shipLaunched,http://dbpedia.org/ontology/shipLaunch,0,0,0,1,
18,http://dbpedia.org/property/shipLength,http://dbpedia.org/ontology/length,0,0,0,1,
19,http://dbpedia.org/property/shipMaidenVoyage,http://dbpedia.org/ontology/maidenVoyage,0,0,0,1,
20,http://dbpedia.org/property/shipMotto,http://dbpedia.org/ontology/motto,0,0,0,1,
21,http://dbpedia.org/property/shipName,http://xmlns.com/foaf/0.1/name,0,0,0,1,
22,http://dbpedia.org/property/shipNickname,http://xmlns.com/foaf/0.1/nick,0,0,0,1,
23,http://dbpedia.org/property/shipOperator,http://dbpedia.org/ontology/operator,0,0,0,1,
24,http://dbpedia.org/property/shipOrdered,http://dbpedia.org/ontology/orderDate,0,0,0,1,
25,http://dbpedia.org/property/shipOriginalCost,http://dbpedia.org/ontology/cost,0,0,0,1,
26,http://dbpedia.org/property/shipOutOfService,http://dbpedia.org/ontology/activeYearsEndDate,0,0,0,1,
27,http://dbpedia.org/property/shipOwner,http://dbpedia.org/ontology/owner,0,0,0,1,
28,http://dbpedia.org/property/shipPower,http://dbpedia.org/ontology/powerType,0,0,0,1,
29,http://dbpedia.org/property/shipRecommissioned,http://dbpedia.org/ontology/recommissioningDate,0,0,0,1,
30,http://dbpedia.org/property/shipSpeed,http://dbpedia.org/ontology/topSpeed,0,0,0,1,
