0,http://dbpedia.org/property/a-side,http://dbpedia.org/ontology/aSide,0,0,0,1,
1,http://dbpedia.org/property/album,http://dbpedia.org/ontology/album,0,0,0,1,
2,http://dbpedia.org/property/artist,http://dbpedia.org/ontology/musicalBand,0,0,0,1,
3,http://dbpedia.org/property/b-side,http://dbpedia.org/ontology/bSide,0,0,0,1,
4,http://dbpedia.org/property/certification,http://dbpedia.org/ontology/certificationDate,0,0,0,1,
5,http://dbpedia.org/property/format,http://dbpedia.org/ontology/format,0,0,0,1,
6,http://dbpedia.org/property/genre,http://dbpedia.org/ontology/genre,0,0,0,1,
7,http://dbpedia.org/property/label,http://dbpedia.org/ontology/recordLabel,0,0,0,1,
8,http://dbpedia.org/property/lastSingle,http://dbpedia.org/ontology/previousWork,0,0,0,1,
9,http://dbpedia.org/property/length,http://dbpedia.org/ontology/runtime,0,0,0,1,
10,http://dbpedia.org/property/name,http://xmlns.com/foaf/0.1/name,0,0,0,1,
11,http://dbpedia.org/property/nextSingle,http://dbpedia.org/ontology/subsequentWork,0,0,0,1,
12,http://dbpedia.org/property/producer,http://dbpedia.org/ontology/producer,0,0,0,1,
13,http://dbpedia.org/property/recorded,http://dbpedia.org/ontology/recordedIn,0,0,0,1,
14,http://dbpedia.org/property/released,http://dbpedia.org/ontology/releaseDate,0,0,0,1,
15,http://dbpedia.org/property/writer,http://dbpedia.org/ontology/writer,0,0,0,1,
