0,http://dbpedia.org/property/baseElevation,http://dbpedia.org/ontology/minimumElevation,0,0,0,1,
1,http://dbpedia.org/property/externalLink,http://xmlns.com/foaf/0.1/homepage,0,0,0,1,
2,http://dbpedia.org/property/location,http://dbpedia.org/ontology/location,0,0,0,1,
3,http://dbpedia.org/property/name,http://xmlns.com/foaf/0.1/name,0,0,0,1,
4,http://dbpedia.org/property/nearestCity,http://dbpedia.org/ontology/nearestCity,0,0,0,1,
5,http://dbpedia.org/property/skiableArea,http://dbpedia.org/ontology/areaTotal,0,0,0,1,
6,http://dbpedia.org/property/topElevation,http://dbpedia.org/ontology/maximumElevation,0,0,0,1,
