0,http://dbpedia.org/property/architect,http://dbpedia.org/ontology/architect,0,0,0,1,
1,http://dbpedia.org/property/buildingName,http://xmlns.com/foaf/0.1/name,0,0,0,1,
2,http://dbpedia.org/property/constructed,http://dbpedia.org/ontology/buildingEndDate,0,0,0,1,
2,http://dbpedia.org/property/estCompletion,http://dbpedia.org/ontology/buildingEndDate,0,0,0,1,
3,http://dbpedia.org/property/contractor,http://dbpedia.org/ontology/contractor,0,0,0,1,
4,http://dbpedia.org/property/cost,http://dbpedia.org/ontology/cost,0,0,0,1,
5,http://dbpedia.org/property/demolished,http://dbpedia.org/ontology/demolitionDate,0,0,0,1,
6,http://dbpedia.org/property/destroyed,http://dbpedia.org/ontology/destructionDate,0,0,0,1,
7,http://dbpedia.org/property/developer,http://dbpedia.org/ontology/developer,0,0,0,1,
8,http://dbpedia.org/property/engineer,http://dbpedia.org/ontology/engineer,0,0,0,1,
9,http://dbpedia.org/property/floorArea,http://dbpedia.org/ontology/floorArea,0,0,0,1,
10,http://dbpedia.org/property/floorCount,http://dbpedia.org/ontology/floorCount,0,0,0,1,
11,http://dbpedia.org/property/location,http://dbpedia.org/ontology/location,0,0,0,1,
12,http://dbpedia.org/property/management,http://dbpedia.org/ontology/management,0,0,0,1,
13,http://dbpedia.org/property/opening,http://dbpedia.org/ontology/openingDate,0,0,0,1,
14,http://dbpedia.org/property/owner,http://dbpedia.org/ontology/owner,0,0,0,1,
15,http://dbpedia.org/property/yearHighest,http://dbpedia.org/ontology/highestBuildingInYear,0,0,0,1,
