0,http://dbpedia.org/property/bestFinish,http://dbpedia.org/ontology/bestFinish,0,0,0,1,
1,http://dbpedia.org/property/birthDate,http://dbpedia.org/ontology/birthDate,0,0,0,1,
2,http://dbpedia.org/property/birthPlace,http://dbpedia.org/ontology/birthPlace,0,0,0,1,
3,http://dbpedia.org/property/centuryBreak,http://dbpedia.org/ontology/centuryBreaks,0,0,0,1,
4,http://dbpedia.org/property/currentRank,http://dbpedia.org/ontology/currentRank,0,0,0,1,
5,http://dbpedia.org/property/deathDate,http://dbpedia.org/ontology/deathDate,0,0,0,1,
6,http://dbpedia.org/property/deathPlace,http://dbpedia.org/ontology/deathPlace,0,0,0,1,
7,http://dbpedia.org/property/highBreak,http://dbpedia.org/ontology/highestBreak,0,0,0,1,
8,http://dbpedia.org/property/highRanking,http://dbpedia.org/ontology/highestRank,0,0,0,1,
9,http://dbpedia.org/property/name,http://xmlns.com/foaf/0.1/name,0,0,0,1,
10,http://dbpedia.org/property/nickname,http://dbpedia.org/ontology/alias,0,0,0,1,
11,http://dbpedia.org/property/otherWins,http://dbpedia.org/ontology/otherWins,0,0,0,1,
12,http://dbpedia.org/property/prizeMoney,http://dbpedia.org/ontology/priceMoney,0,0,0,1,
13,http://dbpedia.org/property/rankingWins,http://dbpedia.org/ontology/rankingWins,0,0,0,1,
14,http://dbpedia.org/property/sportCountry,http://dbpedia.org/ontology/sportCountry,0,0,0,1,
15,http://dbpedia.org/property/worldChamp,http://dbpedia.org/ontology/worldChampionTitleYear,0,0,0,1,
