0,http://dbpedia.org/property/champions,http://dbpedia.org/ontology/team,0,0,0,1,
0,http://dbpedia.org/property/mostChamps,http://dbpedia.org/ontology/team,0,0,0,1,
1,http://dbpedia.org/property/country,http://dbpedia.org/ontology/country,0,0,0,1,
2,http://dbpedia.org/property/founded,http://dbpedia.org/ontology/formationDate,0,0,0,1,
3,http://dbpedia.org/property/name,http://xmlns.com/foaf/0.1/name,0,0,0,1,
4,http://dbpedia.org/property/season,http://dbpedia.org/ontology/currentSeason,0,0,0,1,
5,http://dbpedia.org/property/teams,http://dbpedia.org/ontology/numberOfTeams,0,0,0,1,
6,http://dbpedia.org/property/website,http://xmlns.com/foaf/0.1/homepage,0,0,0,1,
