0,http://dbpedia.org/property/capacity,http://dbpedia.org/ontology/capacity,0,0,0,1,
1,http://dbpedia.org/property/ceo,http://dbpedia.org/ontology/ceo,0,0,0,1,
2,http://dbpedia.org/property/chairman,http://dbpedia.org/ontology/chairman,0,0,0,1,
3,http://dbpedia.org/property/chrtitle,http://dbpedia.org/ontology/chairmanTitle,0,0,0,1,
4,http://dbpedia.org/property/clubname,http://xmlns.com/foaf/0.1/name,0,0,0,1,
4,http://dbpedia.org/property/fullname,http://xmlns.com/foaf/0.1/name,0,0,0,1,
4,http://dbpedia.org/property/name,http://xmlns.com/foaf/0.1/name,0,0,0,1,
4,http://dbpedia.org/property/shortname,http://xmlns.com/foaf/0.1/name,0,0,0,1,
5,http://dbpedia.org/property/coach,http://dbpedia.org/ontology/coach,0,0,0,1,
6,http://dbpedia.org/property/dissolved,http://dbpedia.org/ontology/dissolved,0,0,0,1,
7,http://dbpedia.org/property/fansgroup,http://dbpedia.org/ontology/fansgroup,0,0,0,1,
8,http://dbpedia.org/property/firstgame,http://dbpedia.org/ontology/firstGame,0,0,0,1,
9,http://dbpedia.org/property/founded,http://dbpedia.org/ontology/formationDate,0,0,0,1,
10,http://dbpedia.org/property/ground,http://dbpedia.org/ontology/ground,0,0,0,1,
11,http://dbpedia.org/property/homeStadium,http://dbpedia.org/ontology/stadium,0,0,0,1,
12,http://dbpedia.org/property/honours,http://dbpedia.org/ontology/honours,0,0,0,1,
13,http://dbpedia.org/property/largestwin,http://dbpedia.org/ontology/largestWin,0,0,0,1,
14,http://dbpedia.org/property/league,http://dbpedia.org/ontology/league,0,0,0,1,
15,http://dbpedia.org/property/manager,http://dbpedia.org/ontology/manager,0,0,0,1,
16,http://dbpedia.org/property/mgrtitle,http://dbpedia.org/ontology/managerTitle,0,0,0,1,
17,http://dbpedia.org/property/nickname,http://xmlns.com/foaf/0.1/nick,0,0,0,1,
18,http://dbpedia.org/property/owner,http://dbpedia.org/ontology/owner,0,0,0,1,
19,http://dbpedia.org/property/owntitle,http://dbpedia.org/ontology/title,0,0,0,1,
20,http://dbpedia.org/property/position,http://dbpedia.org/ontology/position,0,0,0,1,
21,http://dbpedia.org/property/season,http://dbpedia.org/ontology/season,0,0,0,1,
22,http://dbpedia.org/property/topscorer,http://dbpedia.org/ontology/clubsRecordGoalscorer,0,0,0,1,
23,http://dbpedia.org/property/website,http://xmlns.com/foaf/0.1/homepage,0,0,0,1,
24,http://dbpedia.org/property/worstdefeat,http://dbpedia.org/ontology/worstDefeat,0,0,0,1,
