0,http://dbpedia.org/property/birthDate,http://dbpedia.org/ontology/birthDate,0,0,0,1,
0,http://dbpedia.org/property/birthPlace,http://dbpedia.org/ontology/birthDate,0,0,0,1,
0,http://dbpedia.org/property/dateofbirth,http://dbpedia.org/ontology/birthDate,0,0,0,1,
1,http://dbpedia.org/property/caps,http://dbpedia.org/ontology/numberOfMatches,0,0,0,1,
1,http://dbpedia.org/property/caps1,http://dbpedia.org/ontology/numberOfMatches,0,0,0,1,
1,http://dbpedia.org/property/caps10,http://dbpedia.org/ontology/numberOfMatches,0,0,0,1,
1,http://dbpedia.org/property/caps11,http://dbpedia.org/ontology/numberOfMatches,0,0,0,1,
1,http://dbpedia.org/property/caps12,http://dbpedia.org/ontology/numberOfMatches,0,0,0,1,
1,http://dbpedia.org/property/caps13,http://dbpedia.org/ontology/numberOfMatches,0,0,0,1,
1,http://dbpedia.org/property/caps14,http://dbpedia.org/ontology/numberOfMatches,0,0,0,1,
1,http://dbpedia.org/property/caps15,http://dbpedia.org/ontology/numberOfMatches,0,0,0,1,
1,http://dbpedia.org/property/caps2,http://dbpedia.org/ontology/numberOfMatches,0,0,0,1,
1,http://dbpedia.org/property/caps3,http://dbpedia.org/ontology/numberOfMatches,0,0,0,1,
1,http://dbpedia.org/property/caps4,http://dbpedia.org/ontology/numberOfMatches,0,0,0,1,
1,http://dbpedia.org/property/caps5,http://dbpedia.org/ontology/numberOfMatches,0,0,0,1,
1,http://dbpedia.org/property/caps6,http://dbpedia.org/ontology/numberOfMatches,0,0,0,1,
1,http://dbpedia.org/property/caps7,http://dbpedia.org/ontology/numberOfMatches,0,0,0,1,
1,http://dbpedia.org/property/caps8,http://dbpedia.org/ontology/numberOfMatches,0,0,0,1,
1,http://dbpedia.org/property/caps9,http://dbpedia.org/ontology/numberOfMatches,0,0,0,1,
1,http://dbpedia.org/property/nationalcaps,http://dbpedia.org/ontology/numberOfMatches,0,0,0,1,
1,http://dbpedia.org/property/nationalcaps1,http://dbpedia.org/ontology/numberOfMatches,0,0,0,1,
1,http://dbpedia.org/property/nationalcaps2,http://dbpedia.org/ontology/numberOfMatches,0,0,0,1,
1,http://dbpedia.org/property/nationalcaps3,http://dbpedia.org/ontology/numberOfMatches,0,0,0,1,
2,http://dbpedia.org/property/cityofbirth,http://dbpedia.org/ontology/birthPlace,0,0,0,1,
2,http://dbpedia.org/property/countryofbirth,http://dbpedia.org/ontology/birthPlace,0,0,0,1,
3,http://dbpedia.org/property/cityofdeath,http://dbpedia.org/ontology/deathPlace,0,0,0,1,
3,http://dbpedia.org/property/countryofdeath,http://dbpedia.org/ontology/deathPlace,0,0,0,1,
3,http://dbpedia.org/property/deathPlace,http://dbpedia.org/ontology/deathPlace,0,0,0,1,
4,http://dbpedia.org/property/clubnumber,http://dbpedia.org/ontology/number,0,0,0,1,
5,http://dbpedia.org/property/clubs,http://dbpedia.org/ontology/team,0,0,0,1,
5,http://dbpedia.org/property/clubs1,http://dbpedia.org/ontology/team,0,0,0,1,
5,http://dbpedia.org/property/clubs10,http://dbpedia.org/ontology/team,0,0,0,1,
5,http://dbpedia.org/property/clubs11,http://dbpedia.org/ontology/team,0,0,0,1,
5,http://dbpedia.org/property/clubs12,http://dbpedia.org/ontology/team,0,0,0,1,
5,http://dbpedia.org/property/clubs13,http://dbpedia.org/ontology/team,0,0,0,1,
5,http://dbpedia.org/property/clubs14,http://dbpedia.org/ontology/team,0,0,0,1,
5,http://dbpedia.org/property/clubs15,http://dbpedia.org/ontology/team,0,0,0,1,
5,http://dbpedia.org/property/clubs2,http://dbpedia.org/ontology/team,0,0,0,1,
5,http://dbpedia.org/property/clubs3,http://dbpedia.org/ontology/team,0,0,0,1,
5,http://dbpedia.org/property/clubs4,http://dbpedia.org/ontology/team,0,0,0,1,
5,http://dbpedia.org/property/clubs5,http://dbpedia.org/ontology/team,0,0,0,1,
5,http://dbpedia.org/property/clubs6,http://dbpedia.org/ontology/team,0,0,0,1,
5,http://dbpedia.org/property/clubs7,http://dbpedia.org/ontology/team,0,0,0,1,
5,http://dbpedia.org/property/clubs8,http://dbpedia.org/ontology/team,0,0,0,1,
5,http://dbpedia.org/property/clubs9,http://dbpedia.org/ontology/team,0,0,0,1,
5,http://dbpedia.org/property/currentclub,http://dbpedia.org/ontology/team,0,0,0,1,
5,http://dbpedia.org/property/nationalteam,http://dbpedia.org/ontology/team,0,0,0,1,
5,http://dbpedia.org/property/nationalteam1,http://dbpedia.org/ontology/team,0,0,0,1,
5,http://dbpedia.org/property/nationalteam2,http://dbpedia.org/ontology/team,0,0,0,1,
5,http://dbpedia.org/property/nationalteam3,http://dbpedia.org/ontology/team,0,0,0,1,
5,http://dbpedia.org/property/youthclubs,http://dbpedia.org/ontology/team,0,0,0,1,
5,http://dbpedia.org/property/youthclubs1,http://dbpedia.org/ontology/team,0,0,0,1,
5,http://dbpedia.org/property/youthclubs2,http://dbpedia.org/ontology/team,0,0,0,1,
5,http://dbpedia.org/property/youthclubs3,http://dbpedia.org/ontology/team,0,0,0,1,
6,http://dbpedia.org/property/dateofdeath,http://dbpedia.org/ontology/deathDate,0,0,0,1,
6,http://dbpedia.org/property/deathDate,http://dbpedia.org/ontology/deathDate,0,0,0,1,
7,http://dbpedia.org/property/fullname,http://xmlns.com/foaf/0.1/name,0,0,0,1,
7,http://dbpedia.org/property/name,http://xmlns.com/foaf/0.1/name,0,0,0,1,
8,http://dbpedia.org/property/goals,http://dbpedia.org/ontology/numberOfGoals,0,0,0,1,
8,http://dbpedia.org/property/goals1,http://dbpedia.org/ontology/numberOfGoals,0,0,0,1,
8,http://dbpedia.org/property/goals10,http://dbpedia.org/ontology/numberOfGoals,0,0,0,1,
8,http://dbpedia.org/property/goals11,http://dbpedia.org/ontology/numberOfGoals,0,0,0,1,
8,http://dbpedia.org/property/goals12,http://dbpedia.org/ontology/numberOfGoals,0,0,0,1,
8,http://dbpedia.org/property/goals13,http://dbpedia.org/ontology/numberOfGoals,0,0,0,1,
8,http://dbpedia.org/property/goals14,http://dbpedia.org/ontology/numberOfGoals,0,0,0,1,
8,http://dbpedia.org/property/goals15,http://dbpedia.org/ontology/numberOfGoals,0,0,0,1,
8,http://dbpedia.org/property/goals2,http://dbpedia.org/ontology/numberOfGoals,0,0,0,1,
8,http://dbpedia.org/property/goals3,http://dbpedia.org/ontology/numberOfGoals,0,0,0,1,
8,http://dbpedia.org/property/goals4,http://dbpedia.org/ontology/numberOfGoals,0,0,0,1,
8,http://dbpedia.org/property/goals5,http://dbpedia.org/ontology/numberOfGoals,0,0,0,1,
8,http://dbpedia.org/property/goals6,http://dbpedia.org/ontology/numberOfGoals,0,0,0,1,
8,http://dbpedia.org/property/goals7,http://dbpedia.org/ontology/numberOfGoals,0,0,0,1,
8,http://dbpedia.org/property/goals8,http://dbpedia.org/ontology/numberOfGoals,0,0,0,1,
8,http://dbpedia.org/property/goals9,http://dbpedia.org/ontology/numberOfGoals,0,0,0,1,
8,http://dbpedia.org/property/nationalgoals,http://dbpedia.org/ontology/numberOfGoals,0,0,0,1,
8,http://dbpedia.org/property/nationalgoals1,http://dbpedia.org/ontology/numberOfGoals,0,0,0,1,
8,http://dbpedia.org/property/nationalgoals2,http://dbpedia.org/ontology/numberOfGoals,0,0,0,1,
8,http://dbpedia.org/property/nationalgoals3,http://dbpedia.org/ontology/numberOfGoals,0,0,0,1,
9,http://dbpedia.org/property/height,http://dbpedia.org/ontology/height,0,0,0,1,
10,http://dbpedia.org/property/image,http://dbpedia.org/ontology/picture,0,0,0,1,
11,http://dbpedia.org/property/managerclubs,http://dbpedia.org/ontology/managerClub,0,0,0,1,
11,http://dbpedia.org/property/managerclubs1,http://dbpedia.org/ontology/managerClub,0,0,0,1,
11,http://dbpedia.org/property/managerclubs2,http://dbpedia.org/ontology/managerClub,0,0,0,1,
11,http://dbpedia.org/property/managerclubs3,http://dbpedia.org/ontology/managerClub,0,0,0,1,
11,http://dbpedia.org/property/managerclubs4,http://dbpedia.org/ontology/managerClub,0,0,0,1,
11,http://dbpedia.org/property/managerclubs5,http://dbpedia.org/ontology/managerClub,0,0,0,1,
11,http://dbpedia.org/property/managerclubs6,http://dbpedia.org/ontology/managerClub,0,0,0,1,
11,http://dbpedia.org/property/managerclubs7,http://dbpedia.org/ontology/managerClub,0,0,0,1,
11,http://dbpedia.org/property/managerclubs8,http://dbpedia.org/ontology/managerClub,0,0,0,1,
11,http://dbpedia.org/property/managerclubs9,http://dbpedia.org/ontology/managerClub,0,0,0,1,
12,http://dbpedia.org/property/manageryears,http://dbpedia.org/ontology/years,0,0,0,1,
12,http://dbpedia.org/property/manageryears1,http://dbpedia.org/ontology/years,0,0,0,1,
12,http://dbpedia.org/property/manageryears2,http://dbpedia.org/ontology/years,0,0,0,1,
12,http://dbpedia.org/property/manageryears3,http://dbpedia.org/ontology/years,0,0,0,1,
12,http://dbpedia.org/property/manageryears4,http://dbpedia.org/ontology/years,0,0,0,1,
12,http://dbpedia.org/property/manageryears5,http://dbpedia.org/ontology/years,0,0,0,1,
12,http://dbpedia.org/property/manageryears6,http://dbpedia.org/ontology/years,0,0,0,1,
12,http://dbpedia.org/property/manageryears7,http://dbpedia.org/ontology/years,0,0,0,1,
12,http://dbpedia.org/property/manageryears8,http://dbpedia.org/ontology/years,0,0,0,1,
12,http://dbpedia.org/property/manageryears9,http://dbpedia.org/ontology/years,0,0,0,1,
12,http://dbpedia.org/property/nationalyears,http://dbpedia.org/ontology/years,0,0,0,1,
12,http://dbpedia.org/property/nationalyears1,http://dbpedia.org/ontology/years,0,0,0,1,
12,http://dbpedia.org/property/nationalyears2,http://dbpedia.org/ontology/years,0,0,0,1,
12,http://dbpedia.org/property/nationalyears3,http://dbpedia.org/ontology/years,0,0,0,1,
12,http://dbpedia.org/property/years,http://dbpedia.org/ontology/years,0,0,0,1,
12,http://dbpedia.org/property/years1,http://dbpedia.org/ontology/years,0,0,0,1,
12,http://dbpedia.org/property/years10,http://dbpedia.org/ontology/years,0,0,0,1,
12,http://dbpedia.org/property/years11,http://dbpedia.org/ontology/years,0,0,0,1,
12,http://dbpedia.org/property/years12,http://dbpedia.org/ontology/years,0,0,0,1,
12,http://dbpedia.org/property/years13,http://dbpedia.org/ontology/years,0,0,0,1,
12,http://dbpedia.org/property/years14,http://dbpedia.org/ontology/years,0,0,0,1,
12,http://dbpedia.org/property/years15,http://dbpedia.org/ontology/years,0,0,0,1,
12,http://dbpedia.org/property/years2,http://dbpedia.org/ontology/years,0,0,0,1,
12,http://dbpedia.org/property/years3,http://dbpedia.org/ontology/years,0,0,0,1,
12,http://dbpedia.org/property/years4,http://dbpedia.org/ontology/years,0,0,0,1,
12,http://dbpedia.org/property/years5,http://dbpedia.org/ontology/years,0,0,0,1,
12,http://dbpedia.org/property/years6,http://dbpedia.org/ontology/years,0,0,0,1,
12,http://dbpedia.org/property/years7,http://dbpedia.org/ontology/years,0,0,0,1,
12,http://dbpedia.org/property/years8,http://dbpedia.org/ontology/years,0,0,0,1,
12,http://dbpedia.org/property/years9,http://dbpedia.org/ontology/years,0,0,0,1,
12,http://dbpedia.org/property/youthyears,http://dbpedia.org/ontology/years,0,0,0,1,
12,http://dbpedia.org/property/youthyears1,http://dbpedia.org/ontology/years,0,0,0,1,
12,http://dbpedia.org/property/youthyears2,http://dbpedia.org/ontology/years,0,0,0,1,
12,http://dbpedia.org/property/youthyears3,http://dbpedia.org/ontology/years,0,0,0,1,
13,http://dbpedia.org/property/playername,http://dbpedia.org/ontology/commonName,0,0,0,1,
14,http://dbpedia.org/property/position,http://dbpedia.org/ontology/position,0,0,0,1,
