0,http://dbpedia.org/property/album,http://dbpedia.org/ontology/album,0,0,0,1,
1,http://dbpedia.org/property/altartist,http://dbpedia.org/ontology/artist,0,0,0,1,
1,http://dbpedia.org/property/artist,http://dbpedia.org/ontology/artist,0,0,0,1,
2,http://dbpedia.org/property/composer,http://dbpedia.org/ontology/composer,0,0,0,1,
3,http://dbpedia.org/property/englishTitle,http://dbpedia.org/ontology/title,0,0,0,1,
3,http://dbpedia.org/property/title,http://dbpedia.org/ontology/title,0,0,0,1,
4,http://dbpedia.org/property/genre,http://dbpedia.org/ontology/genre,0,0,0,1,
5,http://dbpedia.org/property/label,http://dbpedia.org/ontology/recordLabel,0,0,0,1,
6,http://dbpedia.org/property/language,http://dbpedia.org/ontology/language,0,0,0,1,
7,http://dbpedia.org/property/length,http://dbpedia.org/ontology/runtime,0,0,0,1,
8,http://dbpedia.org/property/name,http://xmlns.com/foaf/0.1/name,0,0,0,1,
9,http://dbpedia.org/property/next,http://dbpedia.org/ontology/subsequentWork,0,0,0,1,
10,http://dbpedia.org/property/prev,http://dbpedia.org/ontology/previousWork,0,0,0,1,
11,http://dbpedia.org/property/producer,http://dbpedia.org/ontology/producer,0,0,0,1,
12,http://dbpedia.org/property/published,http://dbpedia.org/ontology/publicationDate,0,0,0,1,
13,http://dbpedia.org/property/recorded,http://dbpedia.org/ontology/recordedIn,0,0,0,1,
14,http://dbpedia.org/property/released,http://dbpedia.org/ontology/releaseDate,0,0,0,1,
15,http://dbpedia.org/property/trackNo,http://dbpedia.org/ontology/trackNumber,0,0,0,1,
16,http://dbpedia.org/property/type,http://dbpedia.org/ontology/type,0,0,0,1,
17,http://dbpedia.org/property/writer,http://dbpedia.org/ontology/writer,0,0,0,1,
