0,http://dbpedia.org/property/booster,http://dbpedia.org/ontology/booster,0,0,0,1,
1,http://dbpedia.org/property/callsign,http://dbpedia.org/ontology/callSign,0,0,0,1,
2,http://dbpedia.org/property/cmpEvaDuration,http://dbpedia.org/ontology/cmpEvaDuration,0,0,0,1,
3,http://dbpedia.org/property/commandModule,http://dbpedia.org/ontology/commandModule,0,0,0,1,
4,http://dbpedia.org/property/crewCaption,http://dbpedia.org/ontology/crewMember,0,0,0,1,
4,http://dbpedia.org/property/crewcaption,http://dbpedia.org/ontology/crewMember,0,0,0,1,
5,http://dbpedia.org/property/crewSize,http://dbpedia.org/ontology/crewSize,0,0,0,1,
5,http://dbpedia.org/property/numberofcrew,http://dbpedia.org/ontology/crewSize,0,0,0,1,
6,http://dbpedia.org/property/distance,http://dbpedia.org/ontology/distanceTraveled,0,0,0,1,
6,http://dbpedia.org/property/distanceTraveled,http://dbpedia.org/ontology/distanceTraveled,0,0,0,1,
7,http://dbpedia.org/property/duration,http://dbpedia.org/ontology/missionDuration,0,0,0,1,
7,http://dbpedia.org/property/missionDuration,http://dbpedia.org/ontology/missionDuration,0,0,0,1,
8,http://dbpedia.org/property/inclination,http://dbpedia.org/ontology/orbitalInclination,0,0,0,1,
9,http://dbpedia.org/property/landing,http://dbpedia.org/ontology/landingDate,0,0,0,1,
9,http://dbpedia.org/property/landingdate,http://dbpedia.org/ontology/landingDate,0,0,0,1,
10,http://dbpedia.org/property/landingvehicle,http://dbpedia.org/ontology/landingVehicle,0,0,0,1,
11,http://dbpedia.org/property/launchDate,http://dbpedia.org/ontology/launchDate,0,0,0,1,
11,http://dbpedia.org/property/launchdate,http://dbpedia.org/ontology/launchDate,0,0,0,1,
12,http://dbpedia.org/property/launchPad,http://dbpedia.org/ontology/launchPad,0,0,0,1,
13,http://dbpedia.org/property/launchvehicle,http://dbpedia.org/ontology/launchVehicle,0,0,0,1,
14,http://dbpedia.org/property/lunarEvaDuration,http://dbpedia.org/ontology/lunarEvaTime,0,0,0,1,
15,http://dbpedia.org/property/lunarModule,http://dbpedia.org/ontology/lunarModule,0,0,0,1,
16,http://dbpedia.org/property/lunarRover,http://dbpedia.org/ontology/lunarRover,0,0,0,1,
17,http://dbpedia.org/property/lunarSampleMass,http://dbpedia.org/ontology/lunarSampleMass,0,0,0,1,
18,http://dbpedia.org/property/lunarSurfaceTime,http://dbpedia.org/ontology/lunarSurfaceTime,0,0,0,1,
19,http://dbpedia.org/property/mass,http://dbpedia.org/ontology/mass,0,0,0,1,
20,http://dbpedia.org/property/missionName,http://xmlns.com/foaf/0.1/name,0,0,0,1,
20,http://dbpedia.org/property/name,http://xmlns.com/foaf/0.1/name,0,0,0,1,
21,http://dbpedia.org/property/next,http://dbpedia.org/ontology/nextMission,0,0,0,1,
21,http://dbpedia.org/property/nextMission,http://dbpedia.org/ontology/nextMission,0,0,0,1,
22,http://dbpedia.org/property/orbits,http://dbpedia.org/ontology/numberOfOrbits,0,0,0,1,
23,http://dbpedia.org/property/previous,http://dbpedia.org/ontology/previousMission,0,0,0,1,
23,http://dbpedia.org/property/previousMission,http://dbpedia.org/ontology/previousMission,0,0,0,1,
24,http://dbpedia.org/property/serviceModule,http://dbpedia.org/ontology/serviceModule,0,0,0,1,
25,http://dbpedia.org/property/shuttleName,http://dbpedia.org/ontology/shuttle,0,0,0,1,
26,http://dbpedia.org/property/spacecraftName,http://dbpedia.org/ontology/spacecraft,0,0,0,1,
27,http://dbpedia.org/property/spacewalkBegin,http://dbpedia.org/ontology/spacewalkBegin,0,0,0,1,
28,http://dbpedia.org/property/spacewalkEnd,http://dbpedia.org/ontology/spacewalkEnd,0,0,0,1,
29,http://dbpedia.org/property/stationevalength,http://dbpedia.org/ontology/stationEvaDuration,0,0,0,1,
30,http://dbpedia.org/property/stationvisitlength,http://dbpedia.org/ontology/stationVisitDuration,0,0,0,1,
31,http://dbpedia.org/property/timeLunarOrbits,http://dbpedia.org/ontology/lunarOrbitTime,0,0,0,1,
