0,http://dbpedia.org/property/contract,http://dbpedia.org/ontology/contractAward,0,0,0,1,
1,http://dbpedia.org/property/country,http://dbpedia.org/ontology/country,0,0,0,1,
2,http://dbpedia.org/property/crews,http://dbpedia.org/ontology/crews,0,0,0,1,
3,http://dbpedia.org/property/deployed,http://dbpedia.org/ontology/satellitesDeployed,0,0,0,1,
4,http://dbpedia.org/property/distance,http://dbpedia.org/ontology/distance,0,0,0,1,
5,http://dbpedia.org/property/dockingsIss,http://dbpedia.org/ontology/issDockings,0,0,0,1,
6,http://dbpedia.org/property/dockingsMir,http://dbpedia.org/ontology/mirDockings,0,0,0,1,
7,http://dbpedia.org/property/firstDate,http://dbpedia.org/ontology/firstFlightEndDate,0,0,0,1,
8,http://dbpedia.org/property/firstFlight,http://dbpedia.org/ontology/firstFlight,0,0,0,1,
9,http://dbpedia.org/property/lastDate,http://dbpedia.org/ontology/lastFlightEndDate,0,0,0,1,
10,http://dbpedia.org/property/lastFlight,http://dbpedia.org/ontology/lastFlight,0,0,0,1,
11,http://dbpedia.org/property/missions,http://dbpedia.org/ontology/missions,0,0,0,1,
12,http://dbpedia.org/property/name,http://xmlns.com/foaf/0.1/name,0,0,0,1,
13,http://dbpedia.org/property/namedAfter,http://dbpedia.org/ontology/namedAfter,0,0,0,1,
14,http://dbpedia.org/property/number,http://dbpedia.org/ontology/number,0,0,0,1,
15,http://dbpedia.org/property/orbits,http://dbpedia.org/ontology/orbits,0,0,0,1,
16,http://dbpedia.org/property/status,http://dbpedia.org/ontology/status,0,0,0,1,
17,http://dbpedia.org/property/time,http://dbpedia.org/ontology/timeInSpace,0,0,0,1,
