0,http://dbpedia.org/property/alliance,http://dbpedia.org/ontology/family,0,0,0,1,
0,http://dbpedia.org/property/familia,http://dbpedia.org/ontology/family,0,0,0,1,
0,http://dbpedia.org/property/subfamilia,http://dbpedia.org/ontology/family,0,0,0,1,
0,http://dbpedia.org/property/subtribus,http://dbpedia.org/ontology/family,0,0,0,1,
0,http://dbpedia.org/property/superfamilia,http://dbpedia.org/ontology/family,0,0,0,1,
0,http://dbpedia.org/property/supertribus,http://dbpedia.org/ontology/family,0,0,0,1,
0,http://dbpedia.org/property/tribus,http://dbpedia.org/ontology/family,0,0,0,1,
0,http://dbpedia.org/property/unrankedFamilia,http://dbpedia.org/ontology/family,0,0,0,1,
1,http://dbpedia.org/property/binomial,http://dbpedia.org/ontology/binomial,0,0,0,1,
2,http://dbpedia.org/property/binomialAuthority,http://dbpedia.org/ontology/binomialAuthority,0,0,0,1,
3,http://dbpedia.org/property/class,http://dbpedia.org/ontology/class,0,0,0,1,
3,http://dbpedia.org/property/classis,http://dbpedia.org/ontology/class,0,0,0,1,
3,http://dbpedia.org/property/infraclassis,http://dbpedia.org/ontology/class,0,0,0,1,
3,http://dbpedia.org/property/subclassis,http://dbpedia.org/ontology/class,0,0,0,1,
3,http://dbpedia.org/property/superclassis,http://dbpedia.org/ontology/class,0,0,0,1,
3,http://dbpedia.org/property/unrankedClassis,http://dbpedia.org/ontology/class,0,0,0,1,
3,http://dbpedia.org/property/unrankedInfraclassis,http://dbpedia.org/ontology/class,0,0,0,1,
3,http://dbpedia.org/property/unrankedSubclassis,http://dbpedia.org/ontology/class,0,0,0,1,
4,http://dbpedia.org/property/color,http://dbpedia.org/ontology/colour,0,0,0,1,
5,http://dbpedia.org/property/divisio,http://dbpedia.org/ontology/division,0,0,0,1,
5,http://dbpedia.org/property/subdivisio,http://dbpedia.org/ontology/division,0,0,0,1,
5,http://dbpedia.org/property/superdivisio,http://dbpedia.org/ontology/division,0,0,0,1,
5,http://dbpedia.org/property/unrankedDivisio,http://dbpedia.org/ontology/division,0,0,0,1,
6,http://dbpedia.org/property/domain,http://dbpedia.org/ontology/domain,0,0,0,1,
6,http://dbpedia.org/property/superdomain,http://dbpedia.org/ontology/domain,0,0,0,1,
6,http://dbpedia.org/property/superregnum,http://dbpedia.org/ontology/domain,0,0,0,1,
6,http://dbpedia.org/property/unrankedSuperdomain,http://dbpedia.org/ontology/domain,0,0,0,1,
7,http://dbpedia.org/property/genus,http://dbpedia.org/ontology/genus,0,0,0,1,
7,http://dbpedia.org/property/subgenus,http://dbpedia.org/ontology/genus,0,0,0,1,
7,http://dbpedia.org/property/unrankedGenus,http://dbpedia.org/ontology/genus,0,0,0,1,
8,http://dbpedia.org/property/infraordo,http://dbpedia.org/ontology/order,0,0,0,1,
8,http://dbpedia.org/property/magnordo,http://dbpedia.org/ontology/order,0,0,0,1,
8,http://dbpedia.org/property/ordo,http://dbpedia.org/ontology/order,0,0,0,1,
8,http://dbpedia.org/property/parvordo,http://dbpedia.org/ontology/order,0,0,0,1,
8,http://dbpedia.org/property/subordo,http://dbpedia.org/ontology/order,0,0,0,1,
8,http://dbpedia.org/property/superordo,http://dbpedia.org/ontology/order,0,0,0,1,
8,http://dbpedia.org/property/unrankedOrdo,http://dbpedia.org/ontology/order,0,0,0,1,
9,http://dbpedia.org/property/infraphylum,http://dbpedia.org/ontology/phylum,0,0,0,1,
9,http://dbpedia.org/property/microphylum,http://dbpedia.org/ontology/phylum,0,0,0,1,
9,http://dbpedia.org/property/nanophylum,http://dbpedia.org/ontology/phylum,0,0,0,1,
9,http://dbpedia.org/property/phylum,http://dbpedia.org/ontology/phylum,0,0,0,1,
9,http://dbpedia.org/property/subphylum,http://dbpedia.org/ontology/phylum,0,0,0,1,
9,http://dbpedia.org/property/superphylum,http://dbpedia.org/ontology/phylum,0,0,0,1,
9,http://dbpedia.org/property/unrankedPhylum,http://dbpedia.org/ontology/phylum,0,0,0,1,
10,http://dbpedia.org/property/name,http://xmlns.com/foaf/0.1/name,0,0,0,1,
11,http://dbpedia.org/property/regnum,http://dbpedia.org/ontology/kingdom,0,0,0,1,
11,http://dbpedia.org/property/subregnum,http://dbpedia.org/ontology/kingdom,0,0,0,1,
11,http://dbpedia.org/property/unrankedRegnum,http://dbpedia.org/ontology/kingdom,0,0,0,1,
12,http://dbpedia.org/property/species,http://dbpedia.org/ontology/species,0,0,0,1,
12,http://dbpedia.org/property/speciesComplex,http://dbpedia.org/ontology/species,0,0,0,1,
12,http://dbpedia.org/property/speciesGroup,http://dbpedia.org/ontology/species,0,0,0,1,
12,http://dbpedia.org/property/speciesSubgroup,http://dbpedia.org/ontology/species,0,0,0,1,
12,http://dbpedia.org/property/subspecies,http://dbpedia.org/ontology/species,0,0,0,1,
12,http://dbpedia.org/property/variety,http://dbpedia.org/ontology/species,0,0,0,1,
13,http://dbpedia.org/property/status,http://dbpedia.org/ontology/conservationStatus,0,0,0,1,
14,http://dbpedia.org/property/statusSystem,http://dbpedia.org/ontology/conservationStatusSystem,0,0,0,1,
15,http://dbpedia.org/property/synonyms,http://dbpedia.org/ontology/synonym,0,0,0,1,
