0,http://dbpedia.org/property/ball,http://dbpedia.org/ontology/equipment,0,0,0,1,
0,http://dbpedia.org/property/equipment,http://dbpedia.org/ontology/equipment,0,0,0,1,
1,http://dbpedia.org/property/category,http://dbpedia.org/ontology/category,0,0,0,1,
2,http://dbpedia.org/property/name,http://xmlns.com/foaf/0.1/name,0,0,0,1,
3,http://dbpedia.org/property/nickname,http://xmlns.com/foaf/0.1/nick,0,0,0,1,
4,http://dbpedia.org/property/team,http://dbpedia.org/ontology/teamSize,0,0,0,1,
5,http://dbpedia.org/property/union,http://dbpedia.org/ontology/sportGoverningBody,0,0,0,1,
