0,http://dbpedia.org/property/ceo,http://dbpedia.org/ontology/ceo,0,0,0,1,
1,http://dbpedia.org/property/champion,http://dbpedia.org/ontology/team,0,0,0,1,
1,http://dbpedia.org/property/mostChamps,http://dbpedia.org/ontology/team,0,0,0,1,
1,http://dbpedia.org/property/teams,http://dbpedia.org/ontology/team,0,0,0,1,
2,http://dbpedia.org/property/country,http://dbpedia.org/ontology/country,0,0,0,1,
3,http://dbpedia.org/property/currentSeason,http://dbpedia.org/ontology/currentSeason,0,0,0,1,
4,http://dbpedia.org/property/director,http://dbpedia.org/ontology/director,0,0,0,1,
5,http://dbpedia.org/property/fame,http://dbpedia.org/ontology/knownFor,0,0,0,1,
6,http://dbpedia.org/property/founded,http://dbpedia.org/ontology/formationDate,0,0,0,1,
7,http://dbpedia.org/property/founder,http://dbpedia.org/ontology/foundingPerson,0,0,0,1,
8,http://dbpedia.org/property/inaugural,http://dbpedia.org/ontology/foundingYear,0,0,0,1,
9,http://dbpedia.org/property/lastSeason,http://dbpedia.org/ontology/lastSeason,0,0,0,1,
10,http://dbpedia.org/property/motto,http://dbpedia.org/ontology/motto,0,0,0,1,
11,http://dbpedia.org/property/title,http://dbpedia.org/ontology/title,0,0,0,1,
12,http://dbpedia.org/property/website,http://xmlns.com/foaf/0.1/homepage,0,0,0,1,
