0,http://dbpedia.org/property/acreage,http://dbpedia.org/ontology/areaTotal,0,0,0,1,
1,http://dbpedia.org/property/architect,http://dbpedia.org/ontology/architect,0,0,0,1,
2,http://dbpedia.org/property/brokeGround,http://dbpedia.org/ontology/buildingStartDate,0,0,0,1,
3,http://dbpedia.org/property/built,http://dbpedia.org/ontology/buildingEndDate,0,0,0,1,
4,http://dbpedia.org/property/capacity,http://dbpedia.org/ontology/seatingCapacity,0,0,0,1,
5,http://dbpedia.org/property/closed,http://dbpedia.org/ontology/dateOfAbandonment,0,0,0,1,
6,http://dbpedia.org/property/constructionCost,http://dbpedia.org/ontology/cost,0,0,0,1,
6,http://dbpedia.org/property/cost,http://dbpedia.org/ontology/cost,0,0,0,1,
7,http://dbpedia.org/property/demolished,http://dbpedia.org/ontology/demolitionDate,0,0,0,1,
8,http://dbpedia.org/property/formerNames,http://dbpedia.org/ontology/formerName,0,0,0,1,
9,http://dbpedia.org/property/fullname,http://xmlns.com/foaf/0.1/name,0,0,0,1,
9,http://dbpedia.org/property/name,http://xmlns.com/foaf/0.1/name,0,0,0,1,
9,http://dbpedia.org/property/stadiumName,http://xmlns.com/foaf/0.1/name,0,0,0,1,
10,http://dbpedia.org/property/generalContractor,http://dbpedia.org/ontology/builder,0,0,0,1,
10,http://dbpedia.org/property/mainContractors,http://dbpedia.org/ontology/builder,0,0,0,1,
11,http://dbpedia.org/property/location,http://dbpedia.org/ontology/location,0,0,0,1,
12,http://dbpedia.org/property/nickname,http://xmlns.com/foaf/0.1/nick,0,0,0,1,
13,http://dbpedia.org/property/opened,http://dbpedia.org/ontology/openingDate,0,0,0,1,
14,http://dbpedia.org/property/operator,http://dbpedia.org/ontology/operator,0,0,0,1,
15,http://dbpedia.org/property/owner,http://dbpedia.org/ontology/owner,0,0,0,1,
16,http://dbpedia.org/property/renovated,http://dbpedia.org/ontology/rebuildingDate,0,0,0,1,
17,http://dbpedia.org/property/servicesEngineer,http://dbpedia.org/ontology/engineer,0,0,0,1,
17,http://dbpedia.org/property/structuralEngineer,http://dbpedia.org/ontology/engineer,0,0,0,1,
18,http://dbpedia.org/property/tenants,http://dbpedia.org/ontology/tenant,0,0,0,1,
19,http://dbpedia.org/property/website,http://xmlns.com/foaf/0.1/homepage,0,0,0,1,
