0,http://dbpedia.org/property/arguedate,http://dbpedia.org/ontology/argueDate,0,0,0,1,
0,http://dbpedia.org/property/arguedatea,http://dbpedia.org/ontology/argueDate,0,0,0,1,
0,http://dbpedia.org/property/arguedateb,http://dbpedia.org/ontology/argueDate,0,0,0,1,
0,http://dbpedia.org/property/rearguedate,http://dbpedia.org/ontology/argueDate,0,0,0,1,
0,http://dbpedia.org/property/rearguedate2,http://dbpedia.org/ontology/argueDate,0,0,0,1,
0,http://dbpedia.org/property/rearguedatea,http://dbpedia.org/ontology/argueDate,0,0,0,1,
0,http://dbpedia.org/property/rearguedatea2,http://dbpedia.org/ontology/argueDate,0,0,0,1,
0,http://dbpedia.org/property/rearguedateb,http://dbpedia.org/ontology/argueDate,0,0,0,1,
0,http://dbpedia.org/property/rearguedateb2,http://dbpedia.org/ontology/argueDate,0,0,0,1,
1,http://dbpedia.org/property/decidedate,http://dbpedia.org/ontology/decideDate,0,0,0,1,
2,http://dbpedia.org/property/fullname,http://xmlns.com/foaf/0.1/name,0,0,0,1,
