0,http://dbpedia.org/property/airdate,http://dbpedia.org/ontology/releaseDate,0,0,0,1,
1,http://dbpedia.org/property/date,http://dbpedia.org/ontology/publicationDate,0,0,0,1,
2,http://dbpedia.org/property/director,http://dbpedia.org/ontology/director,0,0,0,1,
3,http://dbpedia.org/property/editor,http://dbpedia.org/ontology/editor,0,0,0,1,
4,http://dbpedia.org/property/episode,http://dbpedia.org/ontology/episodeNumber,0,0,0,1,
5,http://dbpedia.org/property/executiveProducer,http://dbpedia.org/ontology/executiveProducer,0,0,0,1,
6,http://dbpedia.org/property/following,http://dbpedia.org/ontology/subsequentWork,0,0,0,1,
6,http://dbpedia.org/property/next,http://dbpedia.org/ontology/subsequentWork,0,0,0,1,
7,http://dbpedia.org/property/guests,http://dbpedia.org/ontology/guest,0,0,0,1,
8,http://dbpedia.org/property/length,http://dbpedia.org/ontology/runtime,0,0,0,1,
9,http://dbpedia.org/property/music,http://dbpedia.org/ontology/musicComposer,0,0,0,1,
10,http://dbpedia.org/property/photographer,http://dbpedia.org/ontology/photographer,0,0,0,1,
11,http://dbpedia.org/property/preceding,http://dbpedia.org/ontology/previousWork,0,0,0,1,
11,http://dbpedia.org/property/prev,http://dbpedia.org/ontology/previousWork,0,0,0,1,
12,http://dbpedia.org/property/producer,http://dbpedia.org/ontology/producer,0,0,0,1,
13,http://dbpedia.org/property/season,http://dbpedia.org/ontology/seasonNumber,0,0,0,1,
14,http://dbpedia.org/property/serialName,http://xmlns.com/foaf/0.1/name,0,0,0,1,
14,http://dbpedia.org/property/title,http://xmlns.com/foaf/0.1/name,0,0,0,1,
15,http://dbpedia.org/property/series,http://dbpedia.org/ontology/series,0,0,0,1,
15,http://dbpedia.org/property/seriesName,http://dbpedia.org/ontology/series,0,0,0,1,
16,http://dbpedia.org/property/show,http://dbpedia.org/ontology/show,0,0,0,1,
17,http://dbpedia.org/property/type,http://dbpedia.org/ontology/type,0,0,0,1,
18,http://dbpedia.org/property/writer,http://dbpedia.org/ontology/writer,0,0,0,1,
