0,http://dbpedia.org/property/alternateTitles,http://xmlns.com/foaf/0.1/name,0,0,0,1,
0,http://dbpedia.org/property/showName,http://xmlns.com/foaf/0.1/name,0,0,0,1,
0,http://dbpedia.org/property/showName2,http://xmlns.com/foaf/0.1/name,0,0,0,1,
1,http://dbpedia.org/property/audioFormat,http://dbpedia.org/ontology/format,0,0,0,1,
1,http://dbpedia.org/property/format,http://dbpedia.org/ontology/format,0,0,0,1,
1,http://dbpedia.org/property/pictureFormat,http://dbpedia.org/ontology/format,0,0,0,1,
2,http://dbpedia.org/property/channel,http://dbpedia.org/ontology/channel,0,0,0,1,
3,http://dbpedia.org/property/cinematography,http://dbpedia.org/ontology/person,0,0,0,1,
4,http://dbpedia.org/property/co-producer,http://dbpedia.org/ontology/coProducer,0,0,0,1,
5,http://dbpedia.org/property/coExec,http://dbpedia.org/ontology/coExecutiveProducer,0,0,0,1,
6,http://dbpedia.org/property/company,http://dbpedia.org/ontology/company,0,0,0,1,
7,http://dbpedia.org/property/composer,http://dbpedia.org/ontology/composer,0,0,0,1,
7,http://dbpedia.org/property/themeMusicComposer,http://dbpedia.org/ontology/composer,0,0,0,1,
8,http://dbpedia.org/property/country,http://dbpedia.org/ontology/country,0,0,0,1,
9,http://dbpedia.org/property/creatDirector,http://dbpedia.org/ontology/creativeDirector,0,0,0,1,
9,http://dbpedia.org/property/creativeDirector,http://dbpedia.org/ontology/creativeDirector,0,0,0,1,
10,http://dbpedia.org/property/creator,http://dbpedia.org/ontology/creator,0,0,0,1,
11,http://dbpedia.org/property/developer,http://dbpedia.org/ontology/developer,0,0,0,1,
12,http://dbpedia.org/property/director,http://dbpedia.org/ontology/director,0,0,0,1,
13,http://dbpedia.org/property/distributor,http://dbpedia.org/ontology/distributor,0,0,0,1,
14,http://dbpedia.org/property/editor,http://dbpedia.org/ontology/editor,0,0,0,1,
15,http://dbpedia.org/property/endtheme,http://dbpedia.org/ontology/endingTheme,0,0,0,1,
16,http://dbpedia.org/property/executiveProducer,http://dbpedia.org/ontology/executiveProducer,0,0,0,1,
17,http://dbpedia.org/property/firstAired,http://dbpedia.org/ontology/releaseDate,0,0,0,1,
17,http://dbpedia.org/property/firstRun,http://dbpedia.org/ontology/releaseDate,0,0,0,1,
18,http://dbpedia.org/property/followedBy,http://dbpedia.org/ontology/subsequentWork,0,0,0,1,
19,http://dbpedia.org/property/genre,http://dbpedia.org/ontology/genre,0,0,0,1,
20,http://dbpedia.org/property/imdbId,http://dbpedia.org/ontology/imdbId,0,0,0,1,
21,http://dbpedia.org/property/judges,http://dbpedia.org/ontology/showJudge,0,0,0,1,
22,http://dbpedia.org/property/language,http://dbpedia.org/ontology/language,0,0,0,1,
23,http://dbpedia.org/property/lastAired,http://dbpedia.org/ontology/completionDate,0,0,0,1,
24,http://dbpedia.org/property/location,http://dbpedia.org/ontology/location,0,0,0,1,
25,http://dbpedia.org/property/narrated,http://dbpedia.org/ontology/narrator,0,0,0,1,
26,http://dbpedia.org/property/network,http://dbpedia.org/ontology/network,0,0,0,1,
27,http://dbpedia.org/property/numEpisodes,http://dbpedia.org/ontology/numberOfEpisodes,0,0,0,1,
28,http://dbpedia.org/property/numSeasons,http://dbpedia.org/ontology/numberOfSeasons,0,0,0,1,
28,http://dbpedia.org/property/numSeries,http://dbpedia.org/ontology/numberOfSeasons,0,0,0,1,
29,http://dbpedia.org/property/officialWebsite,http://xmlns.com/foaf/0.1/homepage,0,0,0,1,
29,http://dbpedia.org/property/productionWebsite,http://xmlns.com/foaf/0.1/homepage,0,0,0,1,
29,http://dbpedia.org/property/website,http://xmlns.com/foaf/0.1/homepage,0,0,0,1,
30,http://dbpedia.org/property/opentheme,http://dbpedia.org/ontology/openingTheme,0,0,0,1,
31,http://dbpedia.org/property/precededBy,http://dbpedia.org/ontology/previousWork,0,0,0,1,
32,http://dbpedia.org/property/presenter,http://dbpedia.org/ontology/presenter,0,0,0,1,
33,http://dbpedia.org/property/producer,http://dbpedia.org/ontology/producer,0,0,0,1,
34,http://dbpedia.org/property/related,http://dbpedia.org/ontology/related,0,0,0,1,
35,http://dbpedia.org/property/runtime,http://dbpedia.org/ontology/runtime,0,0,0,1,
36,http://dbpedia.org/property/starring,http://dbpedia.org/ontology/starring,0,0,0,1,
37,http://dbpedia.org/property/status,http://dbpedia.org/ontology/status,0,0,0,1,
38,http://dbpedia.org/property/storyEditor,http://dbpedia.org/ontology/storyEditor,0,0,0,1,
39,http://dbpedia.org/property/tvComId,http://dbpedia.org/ontology/tvComId,0,0,0,1,
40,http://dbpedia.org/property/voices,http://dbpedia.org/ontology/voice,0,0,0,1,
41,http://dbpedia.org/property/writer,http://dbpedia.org/ontology/author,0,0,0,1,
