0,http://dbpedia.org/property/affiliation,http://dbpedia.org/ontology/affiliation,0,0,0,1,
1,http://dbpedia.org/property/country,http://dbpedia.org/ontology/country,0,0,0,1,
2,http://dbpedia.org/property/founded,http://dbpedia.org/ontology/formationDate,0,0,0,1,
3,http://dbpedia.org/property/fullName,http://xmlns.com/foaf/0.1/name,0,0,0,1,
3,http://dbpedia.org/property/name,http://xmlns.com/foaf/0.1/name,0,0,0,1,
4,http://dbpedia.org/property/website,http://xmlns.com/foaf/0.1/homepage,0,0,0,1,
