0,http://dbpedia.org/property/diameter,http://dbpedia.org/ontology/diameter,0,0,0,1,
1,http://dbpedia.org/property/height,http://dbpedia.org/ontology/height,0,0,0,1,
2,http://dbpedia.org/property/length,http://dbpedia.org/ontology/length,0,0,0,1,
3,http://dbpedia.org/property/name,http://xmlns.com/foaf/0.1/name,0,0,0,1,
4,http://dbpedia.org/property/origin,http://dbpedia.org/ontology/origin,0,0,0,1,
5,http://dbpedia.org/property/type,http://dbpedia.org/ontology/type,0,0,0,1,
6,http://dbpedia.org/property/wars,http://dbpedia.org/ontology/usedInWar,0,0,0,1,
7,http://dbpedia.org/property/weight,http://dbpedia.org/ontology/weight,0,0,0,1,
8,http://dbpedia.org/property/width,http://dbpedia.org/ontology/width,0,0,0,1,
