0,http://dbpedia.org/property/country,http://dbpedia.org/ontology/location,0,0,0,1,
1,http://dbpedia.org/property/grapes,http://dbpedia.org/ontology/growingGrape,0,0,0,1,
2,http://dbpedia.org/property/name,http://xmlns.com/foaf/0.1/name,0,0,0,1,
2,http://dbpedia.org/property/officialName,http://xmlns.com/foaf/0.1/name,0,0,0,1,
2,http://dbpedia.org/property/otherName,http://xmlns.com/foaf/0.1/name,0,0,0,1,
3,http://dbpedia.org/property/partOf,http://dbpedia.org/ontology/isPartOfWineRegion,0,0,0,1,
4,http://dbpedia.org/property/planted,http://dbpedia.org/ontology/areaTotal,0,0,0,1,
4,http://dbpedia.org/property/totalSize,http://dbpedia.org/ontology/areaTotal,0,0,0,1,
5,http://dbpedia.org/property/similar,http://dbpedia.org/ontology/similar,0,0,0,1,
6,http://dbpedia.org/property/subRegions,http://dbpedia.org/ontology/subregion,0,0,0,1,
7,http://dbpedia.org/property/type,http://dbpedia.org/ontology/type,0,0,0,1,
8,http://dbpedia.org/property/varietals,http://dbpedia.org/ontology/varietals,0,0,0,1,
9,http://dbpedia.org/property/vineyards,http://dbpedia.org/ontology/numberOfVineyards,0,0,0,1,
10,http://dbpedia.org/property/wineProduced,http://dbpedia.org/ontology/wineProduced,0,0,0,1,
11,http://dbpedia.org/property/wineYears,http://dbpedia.org/ontology/wineYear,0,0,0,1,
12,http://dbpedia.org/property/wineries,http://dbpedia.org/ontology/numberOfWineries,0,0,0,1,
