0,http://dbpedia.org/property/brand,http://dbpedia.org/ontology/brand,0,0,0,1,
1,http://dbpedia.org/property/city,http://dbpedia.org/ontology/location,0,0,0,1,
1,http://dbpedia.org/property/venue,http://dbpedia.org/ontology/location,0,0,0,1,
2,http://dbpedia.org/property/date,http://dbpedia.org/ontology/date,0,0,0,1,
3,http://dbpedia.org/property/lastevent,http://dbpedia.org/ontology/previousEvent,0,0,0,1,
4,http://dbpedia.org/property/name,http://xmlns.com/foaf/0.1/name,0,0,0,1,
5,http://dbpedia.org/property/nextevent,http://dbpedia.org/ontology/followingEvent,0,0,0,1,
6,http://dbpedia.org/property/promotion,http://dbpedia.org/ontology/promotion,0,0,0,1,
