0,http://dbpedia.org/property/catalogued,http://dbpedia.org/ontology/cosparId,0,0,0,1,
1,http://dbpedia.org/property/failed,http://dbpedia.org/ontology/failedLaunches,0,0,0,1,
2,http://dbpedia.org/property/first,http://dbpedia.org/ontology/firstLaunch,0,0,0,1,
3,http://dbpedia.org/property/firstflight,http://dbpedia.org/ontology/countryWithFirstSpaceflight,0,0,0,1,
4,http://dbpedia.org/property/firstlaunch,http://dbpedia.org/ontology/countryWithFirstSatelliteLaunched,0,0,0,1,
5,http://dbpedia.org/property/firstsat,http://dbpedia.org/ontology/countryWithFirstSatellite,0,0,0,1,
6,http://dbpedia.org/property/firsttrav,http://dbpedia.org/ontology/countryWithFirstAstronaut,0,0,0,1,
7,http://dbpedia.org/property/last,http://dbpedia.org/ontology/lastLaunch,0,0,0,1,
8,http://dbpedia.org/property/maidens,http://dbpedia.org/ontology/maidenFlightRocket,0,0,0,1,
9,http://dbpedia.org/property/orbital,http://dbpedia.org/ontology/orbitalFlights,0,0,0,1,
10,http://dbpedia.org/property/partial,http://dbpedia.org/ontology/partialFailedLaunches,0,0,0,1,
11,http://dbpedia.org/property/retired,http://dbpedia.org/ontology/retiredRocket,0,0,0,1,
12,http://dbpedia.org/property/suborbital,http://dbpedia.org/ontology/suborbitalFlights,0,0,0,1,
13,http://dbpedia.org/property/success,http://dbpedia.org/ontology/successfulLaunches,0,0,0,1,
14,http://dbpedia.org/property/total,http://dbpedia.org/ontology/totalLaunches,0,0,0,1,
15,http://dbpedia.org/property/totalcrew,http://dbpedia.org/ontology/totalTravellers,0,0,0,1,
