r1,r2,cov,conf,score
http://dbpedia.org/property/cover,http://dbpedia.org/ontology/picture,0,0,0,1
http://dbpedia.org/property/jstor,http://dbpedia.org/ontology/jstor,0,0,0,1
http://dbpedia.org/property/oclc,http://dbpedia.org/ontology/oclc,0,0,0,1
http://dbpedia.org/property/issn,http://dbpedia.org/ontology/issn,0,0,0,1
http://dbpedia.org/property/license,http://dbpedia.org/ontology/license,0,0,0,1
http://dbpedia.org/property/discipline,http://dbpedia.org/ontology/academicDiscipline,0,0,0,1
http://dbpedia.org/property/lccn,http://dbpedia.org/ontology/lccn,0,0,0,1
http://dbpedia.org/property/language,http://dbpedia.org/ontology/language,0,0,0,1
http://dbpedia.org/property/publisher,http://dbpedia.org/ontology/publisher,0,0,0,1
http://dbpedia.org/property/abbreviation,http://dbpedia.org/ontology/abbreviation,0,0,0,1
http://dbpedia.org/property/impact,http://dbpedia.org/ontology/impactFactor,0,0,0,1
http://dbpedia.org/property/coden,http://dbpedia.org/ontology/coden,0,0,0,1
http://dbpedia.org/property/website,http://xmlns.com/foaf/0.1/homepage,0,0,0,1
http://dbpedia.org/property/openaccess,http://dbpedia.org/ontology/openAccessContent,0,0,0,1
http://dbpedia.org/property/country,http://dbpedia.org/ontology/country,0,0,0,1
http://dbpedia.org/property/impact-year,http://dbpedia.org/ontology/impactFactorAsOf,0,0,0,1
http://dbpedia.org/property/formerNames,http://dbpedia.org/ontology/formerName,0,0,0,1
http://dbpedia.org/property/peer-reviewed,http://dbpedia.org/ontology/isPeerReviewed,0,0,0,1
http://dbpedia.org/property/eissn,http://dbpedia.org/ontology/issn,0,0,0,1
http://dbpedia.org/property/title,http://xmlns.com/foaf/0.1/name,0,0,0,1
http://dbpedia.org/property/editor,http://dbpedia.org/ontology/editor,0,0,0,1
http://dbpedia.org/property/frequency,http://dbpedia.org/ontology/frequencyOfPublication,0,0,0,1
