r1,r2,cov,conf,score
http://dbpedia.org/property/name,http://xmlns.com/foaf/0.1/name,0,0,0,1
http://dbpedia.org/property/height,http://dbpedia.org/ontology/height,0,0,0,1
http://dbpedia.org/property/birth,http://dbpedia.org/ontology/birthDate,0,0,0,1
http://dbpedia.org/property/homepage,http://xmlns.com/foaf/0.1/homepage,0,0,0,1
http://dbpedia.org/property/death,http://dbpedia.org/ontology/deathDate,0,0,0,1
http://dbpedia.org/property/ethnicity,http://dbpedia.org/ontology/ethnicity,0,0,0,1
http://dbpedia.org/property/nationality,http://dbpedia.org/ontology/nationality,0,0,0,1
http://dbpedia.org/property/deathDate,http://dbpedia.org/ontology/deathDate,0,0,0,1
http://dbpedia.org/property/birthName,http://dbpedia.org/ontology/birthName,0,0,0,1
http://dbpedia.org/property/deathPlace,http://dbpedia.org/ontology/deathPlace,0,0,0,1
http://dbpedia.org/property/films,http://dbpedia.org/ontology/numberOfFilms,0,0,0,1
http://dbpedia.org/property/birthPlace,http://dbpedia.org/ontology/birthPlace,0,0,0,1
http://dbpedia.org/property/website,http://xmlns.com/foaf/0.1/homepage,0,0,0,1
http://dbpedia.org/property/birthDate,http://dbpedia.org/ontology/birthDate,0,0,0,1
http://dbpedia.org/property/location,http://dbpedia.org/ontology/birthPlace,0,0,0,1
http://dbpedia.org/property/weight,http://dbpedia.org/ontology/weight,0,0,0,1
http://dbpedia.org/property/spouse,http://dbpedia.org/ontology/spouse,0,0,0,1
http://dbpedia.org/property/numberOfFilms,http://dbpedia.org/ontology/numberOfFilms,0,0,0,1
http://dbpedia.org/property/birthname,http://dbpedia.org/ontology/birthName,0,0,0,1
