r1,r2,cov,conf,score
http://dbpedia.org/property/type,http://dbpedia.org/ontology/type,0,0,0,1
http://dbpedia.org/property/retired,http://dbpedia.org/ontology/retired,0,0,0,1
http://dbpedia.org/property/name,http://xmlns.com/foaf/0.1/name,0,0,0,1
http://dbpedia.org/property/numberBuilt,http://dbpedia.org/ontology/numberBuilt,0,0,0,1
http://dbpedia.org/property/unitCost,http://dbpedia.org/ontology/unitCost,0,0,0,1
http://dbpedia.org/property/manufacturer,http://dbpedia.org/ontology/manufacturer,0,0,0,1
http://dbpedia.org/property/variantsWithTheirOwnArticles,http://dbpedia.org/ontology/successor,0,0,0,1
http://dbpedia.org/property/programCost,http://dbpedia.org/ontology/programCost,0,0,0,1
http://dbpedia.org/property/introduction,http://dbpedia.org/ontology/introductionDate,0,0,0,1
http://dbpedia.org/property/developedFrom,http://dbpedia.org/ontology/predecessor,0,0,0,1
http://dbpedia.org/property/nationalOrigin,http://dbpedia.org/ontology/origin,0,0,0,1
http://dbpedia.org/property/designer,http://dbpedia.org/ontology/designer,0,0,0,1
