r1,r2,cov,conf,score
http://dbpedia.org/property/airline,http://xmlns.com/foaf/0.1/name,0,0,0,1
http://dbpedia.org/property/headquarters,http://dbpedia.org/ontology/headquarter,0,0,0,1
http://dbpedia.org/property/parent,http://dbpedia.org/ontology/parentCompany,0,0,0,1
http://dbpedia.org/property/focusCities,http://dbpedia.org/ontology/targetAirport,0,0,0,1
http://dbpedia.org/property/secondaryHubs,http://dbpedia.org/ontology/hubAirport,0,0,0,1
http://dbpedia.org/property/lounge,http://dbpedia.org/ontology/lounge,0,0,0,1
http://dbpedia.org/property/founded,http://dbpedia.org/ontology/formationDate,0,0,0,1
http://dbpedia.org/property/website,http://xmlns.com/foaf/0.1/homepage,0,0,0,1
http://dbpedia.org/property/alliance,http://dbpedia.org/ontology/alliance,0,0,0,1
http://dbpedia.org/property/destinations,http://dbpedia.org/ontology/destination,0,0,0,1
http://dbpedia.org/property/commenced,http://dbpedia.org/ontology/openingDate,0,0,0,1
http://dbpedia.org/property/hubs,http://dbpedia.org/ontology/hubAirport,0,0,0,1
http://dbpedia.org/property/ceased,http://dbpedia.org/ontology/closingDate,0,0,0,1
http://dbpedia.org/property/revenue,http://dbpedia.org/ontology/revenue,0,0,0,1
