r1,r2,cov,conf,score
http://dbpedia.org/property/vein,http://dbpedia.org/ontology/vein,0,0,0,1
http://dbpedia.org/property/name,http://xmlns.com/foaf/0.1/name,0,0,0,1
http://dbpedia.org/property/meshnumber,http://dbpedia.org/ontology/meshNumber,0,0,0,1
http://dbpedia.org/property/graypage,http://dbpedia.org/ontology/grayPage,0,0,0,1
http://dbpedia.org/property/artery,http://dbpedia.org/ontology/artery,0,0,0,1
http://dbpedia.org/property/graysubject,http://dbpedia.org/ontology/graySubject,0,0,0,1
http://dbpedia.org/property/nerve,http://dbpedia.org/ontology/nerve,0,0,0,1
http://dbpedia.org/property/dorlandssuf,http://dbpedia.org/ontology/dorlandsSuffix,0,0,0,1
http://dbpedia.org/property/lymph,http://dbpedia.org/ontology/lymph,0,0,0,1
http://dbpedia.org/property/meshname,http://dbpedia.org/ontology/meshName,0,0,0,1
http://dbpedia.org/property/precursor,http://dbpedia.org/ontology/precursor,0,0,0,1
http://dbpedia.org/property/dorlandspre,http://dbpedia.org/ontology/dorlandsPrefix,0,0,0,1
