r1,r2,cov,conf,score
http://dbpedia.org/property/significantBuildings,http://dbpedia.org/ontology/significantBuilding,0,0,0,1
http://dbpedia.org/property/name,http://xmlns.com/foaf/0.1/name,0,0,0,1
http://dbpedia.org/property/significantProjects,http://dbpedia.org/ontology/significantProject,0,0,0,1
http://dbpedia.org/property/birthDate,http://dbpedia.org/ontology/birthDate,0,0,0,1
http://dbpedia.org/property/almaMatter,http://dbpedia.org/ontology/almaMater,0,0,0,1
http://dbpedia.org/property/awards,http://dbpedia.org/ontology/award,0,0,0,1
http://dbpedia.org/property/nationality,http://dbpedia.org/ontology/nationality,0,0,0,1
http://dbpedia.org/property/deathDate,http://dbpedia.org/ontology/deathDate,0,0,0,1
http://dbpedia.org/property/significantDesign,http://dbpedia.org/ontology/significantDesign,0,0,0,1
http://dbpedia.org/property/deathPlace,http://dbpedia.org/ontology/deathPlace,0,0,0,1
http://dbpedia.org/property/birthPlace,http://dbpedia.org/ontology/birthPlace,0,0,0,1
