r1,r2,cov,conf,score
http://dbpedia.org/property/chinesename,http://xmlns.com/foaf/0.1/name,0,0,0,1
http://dbpedia.org/property/tonyaward,http://dbpedia.org/ontology/tonyAward,0,0,0,1
http://dbpedia.org/property/emmyaward,http://dbpedia.org/ontology/emmyAward,0,0,0,1
http://dbpedia.org/property/goldenhorseawards,http://dbpedia.org/ontology/award,0,0,0,1
http://dbpedia.org/property/birthdate,http://dbpedia.org/ontology/birthDate,0,0,0,1
http://dbpedia.org/property/baftaaward,http://dbpedia.org/ontology/baftaAward,0,0,0,1
http://dbpedia.org/property/associatedact,http://dbpedia.org/ontology/associatedAct,0,0,0,1
http://dbpedia.org/property/label,http://dbpedia.org/ontology/recordLabel,0,0,0,1
http://dbpedia.org/property/instrument,http://dbpedia.org/ontology/instrument,0,0,0,1
http://dbpedia.org/property/pinyinchinesename,http://xmlns.com/foaf/0.1/name,0,0,0,1
http://dbpedia.org/property/afiaward,http://dbpedia.org/ontology/afiAward,0,0,0,1
http://dbpedia.org/property/goldenglobeaward,http://dbpedia.org/ontology/goldenGlobeAward,0,0,0,1
http://dbpedia.org/property/hkfcsawards,http://dbpedia.org/ontology/award,0,0,0,1
http://dbpedia.org/property/mtvasiaawards,http://dbpedia.org/ontology/award,0,0,0,1
http://dbpedia.org/property/location,http://dbpedia.org/ontology/birthPlace,0,0,0,1
http://dbpedia.org/property/othername,http://dbpedia.org/ontology/alias,0,0,0,1
http://dbpedia.org/property/field,http://dbpedia.org/ontology/field,0,0,0,1
http://dbpedia.org/property/children,http://dbpedia.org/ontology/child,0,0,0,1
http://dbpedia.org/property/birthname,http://dbpedia.org/ontology/birthName,0,0,0,1
http://dbpedia.org/property/cesaraward,http://dbpedia.org/ontology/cesarAward,0,0,0,1
http://dbpedia.org/property/restingplace,http://dbpedia.org/ontology/restingPlace,0,0,0,1
http://dbpedia.org/property/filmfareaward,http://dbpedia.org/ontology/filmFareAward,0,0,0,1
http://dbpedia.org/property/academyaward,http://dbpedia.org/ontology/academyAward,0,0,0,1
http://dbpedia.org/property/goyaaward,http://dbpedia.org/ontology/goyaAward,0,0,0,1
http://dbpedia.org/property/influencedby,http://dbpedia.org/ontology/influencedBy,0,0,0,1
http://dbpedia.org/property/goldenmelodyawards,http://dbpedia.org/ontology/award,0,0,0,1
http://dbpedia.org/property/partner,http://dbpedia.org/ontology/partner,0,0,0,1
http://dbpedia.org/property/grammyaward,http://dbpedia.org/ontology/grammyAward,0,0,0,1
http://dbpedia.org/property/simpchinesename,http://xmlns.com/foaf/0.1/name,0,0,0,1
http://dbpedia.org/property/awards,http://dbpedia.org/ontology/award,0,0,0,1
http://dbpedia.org/property/goldenbauhiniaawards,http://dbpedia.org/ontology/award,0,0,0,1
http://dbpedia.org/property/voicetype,http://dbpedia.org/ontology/voiceType,0,0,0,1
http://dbpedia.org/property/influences,http://dbpedia.org/ontology/influencedBy,0,0,0,1
http://dbpedia.org/property/pastmembers,http://dbpedia.org/ontology/pastMember,0,0,0,1
http://dbpedia.org/property/deathplace,http://dbpedia.org/ontology/deathPlace,0,0,0,1
http://dbpedia.org/property/deathdate,http://dbpedia.org/ontology/deathDate,0,0,0,1
http://dbpedia.org/property/goldenroosterawards,http://dbpedia.org/ontology/award,0,0,0,1
http://dbpedia.org/property/occupation,http://dbpedia.org/ontology/occupation,0,0,0,1
http://dbpedia.org/property/spouse,http://dbpedia.org/ontology/spouse,0,0,0,1
http://dbpedia.org/property/influenced,http://dbpedia.org/ontology/influenced,0,0,0,1
http://dbpedia.org/property/ntsawards,http://dbpedia.org/ontology/award,0,0,0,1
http://dbpedia.org/property/name,http://xmlns.com/foaf/0.1/name,0,0,0,1
http://dbpedia.org/property/hongkongfilmwards,http://dbpedia.org/ontology/award,0,0,0,1
http://dbpedia.org/property/nationality,http://dbpedia.org/ontology/nationality,0,0,0,1
http://dbpedia.org/property/training,http://dbpedia.org/ontology/training,0,0,0,1
http://dbpedia.org/property/influencedBy,http://dbpedia.org/ontology/influencedBy,0,0,0,1
http://dbpedia.org/property/parents,http://dbpedia.org/ontology/parent,0,0,0,1
http://dbpedia.org/property/currentmembers,http://dbpedia.org/ontology/currentMember,0,0,0,1
http://dbpedia.org/property/movement,http://dbpedia.org/ontology/movement,0,0,0,1
http://dbpedia.org/property/website,http://xmlns.com/foaf/0.1/homepage,0,0,0,1
http://dbpedia.org/property/genre,http://dbpedia.org/ontology/genre,0,0,0,1
http://dbpedia.org/property/tradchinesename,http://xmlns.com/foaf/0.1/name,0,0,0,1
http://dbpedia.org/property/jyutpingchinesename,http://xmlns.com/foaf/0.1/name,0,0,0,1
