r1,r2,cov,conf,score
http://dbpedia.org/property/name,http://xmlns.com/foaf/0.1/name,0,0,0,1
http://dbpedia.org/property/selection,http://dbpedia.org/ontology/selection,0,0,0,1
http://dbpedia.org/property/time,http://dbpedia.org/ontology/timeInSpace,0,0,0,1
http://dbpedia.org/property/placeDeath,http://dbpedia.org/ontology/deathPlace,0,0,0,1
http://dbpedia.org/property/currentOccupation,http://dbpedia.org/ontology/occupation,0,0,0,1
http://dbpedia.org/property/nationality,http://dbpedia.org/ontology/nationality,0,0,0,1
http://dbpedia.org/property/dateBirth,http://dbpedia.org/ontology/birthDate,0,0,0,1
http://dbpedia.org/property/previousOccupation,http://dbpedia.org/ontology/occupation,0,0,0,1
http://dbpedia.org/property/type,http://dbpedia.org/ontology/type,0,0,0,1
http://dbpedia.org/property/placeBirth,http://dbpedia.org/ontology/birthPlace,0,0,0,1
http://dbpedia.org/property/mission,http://dbpedia.org/ontology/mission,0,0,0,1
http://dbpedia.org/property/status,http://dbpedia.org/ontology/status,0,0,0,1
http://dbpedia.org/property/dateofret,http://dbpedia.org/ontology/retired,0,0,0,1
http://dbpedia.org/property/occupation,http://dbpedia.org/ontology/occupation,0,0,0,1
http://dbpedia.org/property/dateDeath,http://dbpedia.org/ontology/deathDate,0,0,0,1
