r1,r2,cov,conf,score
http://dbpedia.org/property/name,http://xmlns.com/foaf/0.1/name,0,0,0,1
http://dbpedia.org/property/height,http://dbpedia.org/ontology/height,0,0,0,1
http://dbpedia.org/property/birthplace,http://dbpedia.org/ontology/birthPlace,0,0,0,1
http://dbpedia.org/property/fullname,http://xmlns.com/foaf/0.1/name,0,0,0,1
http://dbpedia.org/property/birthdate,http://dbpedia.org/ontology/birthDate,0,0,0,1
http://dbpedia.org/property/currentteam,http://dbpedia.org/ontology/team,0,0,0,1
http://dbpedia.org/property/deathDate,http://dbpedia.org/ontology/deathDate,0,0,0,1
http://dbpedia.org/property/nationality,http://dbpedia.org/ontology/stateOfOrigin,0,0,0,1
http://dbpedia.org/property/deathPlace,http://dbpedia.org/ontology/deathPlace,0,0,0,1
http://dbpedia.org/property/birthPlace,http://dbpedia.org/ontology/birthPlace,0,0,0,1
http://dbpedia.org/property/website,http://xmlns.com/foaf/0.1/homepage,0,0,0,1
http://dbpedia.org/property/nickname,http://xmlns.com/foaf/0.1/nick,0,0,0,1
http://dbpedia.org/property/birthDate,http://dbpedia.org/ontology/birthDate,0,0,0,1
http://dbpedia.org/property/dateofdeath,http://dbpedia.org/ontology/deathDate,0,0,0,1
http://dbpedia.org/property/deathdate,http://dbpedia.org/ontology/deathDate,0,0,0,1
http://dbpedia.org/property/deathplace,http://dbpedia.org/ontology/deathPlace,0,0,0,1
http://dbpedia.org/property/dateofbirth,http://dbpedia.org/ontology/birthDate,0,0,0,1
http://dbpedia.org/property/weight,http://dbpedia.org/ontology/weight,0,0,0,1
http://dbpedia.org/property/residence,http://dbpedia.org/ontology/residence,0,0,0,1
