r1,r2,cov,conf,score
http://dbpedia.org/property/birthplace,http://dbpedia.org/ontology/birthPlace,0,0,0,1
http://dbpedia.org/property/debutteam,http://dbpedia.org/ontology/debutTeam,0,0,0,1
http://dbpedia.org/property/fullname,http://xmlns.com/foaf/0.1/name,0,0,0,1
http://dbpedia.org/property/birthdate,http://dbpedia.org/ontology/birthDate,0,0,0,1
http://dbpedia.org/property/teams,http://dbpedia.org/ontology/team,0,0,0,1
http://dbpedia.org/property/currentteam,http://dbpedia.org/ontology/team,0,0,0,1
http://dbpedia.org/property/deathPlace,http://dbpedia.org/ontology/deathPlace,0,0,0,1
http://dbpedia.org/property/finalyear,http://dbpedia.org/ontology/activeYearsEndYear,0,0,0,1
http://dbpedia.org/property/birthPlace,http://dbpedia.org/ontology/birthPlace,0,0,0,1
http://dbpedia.org/property/team,http://dbpedia.org/ontology/team,0,0,0,1
http://dbpedia.org/property/birthDate,http://dbpedia.org/ontology/birthDate,0,0,0,1
http://dbpedia.org/property/dateofdeath,http://dbpedia.org/ontology/deathDate,0,0,0,1
http://dbpedia.org/property/deathplace,http://dbpedia.org/ontology/deathPlace,0,0,0,1
http://dbpedia.org/property/deathdate,http://dbpedia.org/ontology/deathDate,0,0,0,1
http://dbpedia.org/property/draftyear,http://dbpedia.org/ontology/draftYear,0,0,0,1
http://dbpedia.org/property/dateofbirth,http://dbpedia.org/ontology/birthDate,0,0,0,1
http://dbpedia.org/property/lastname,http://xmlns.com/foaf/0.1/surname,0,0,0,1
http://dbpedia.org/property/weight,http://dbpedia.org/ontology/weight,0,0,0,1
http://dbpedia.org/property/suppdraftround,http://dbpedia.org/ontology/supplementalDraftRound,0,0,0,1
http://dbpedia.org/property/undraftedyear,http://dbpedia.org/ontology/undraftedYear,0,0,0,1
http://dbpedia.org/property/name,http://xmlns.com/foaf/0.1/name,0,0,0,1
http://dbpedia.org/property/position,http://dbpedia.org/ontology/position,0,0,0,1
http://dbpedia.org/property/currentposition,http://dbpedia.org/ontology/position,0,0,0,1
http://dbpedia.org/property/weightLbs,http://dbpedia.org/ontology/weight,0,0,0,1
http://dbpedia.org/property/suppdraftyear,http://dbpedia.org/ontology/supplementalDraftYear,0,0,0,1
http://dbpedia.org/property/fullName,http://xmlns.com/foaf/0.1/name,0,0,0,1
http://dbpedia.org/property/highSchool,http://dbpedia.org/ontology/highschool,0,0,0,1
http://dbpedia.org/property/deathDate,http://dbpedia.org/ontology/deathDate,0,0,0,1
http://dbpedia.org/property/draftround,http://dbpedia.org/ontology/draftRound,0,0,0,1
http://dbpedia.org/property/firstname,http://xmlns.com/foaf/0.1/givenName,0,0,0,1
http://dbpedia.org/property/draftpick,http://dbpedia.org/ontology/draftPick,0,0,0,1
http://dbpedia.org/property/college,http://dbpedia.org/ontology/college,0,0,0,1
http://dbpedia.org/property/status,http://dbpedia.org/ontology/status,0,0,0,1
http://dbpedia.org/property/number,http://dbpedia.org/ontology/number,0,0,0,1
http://dbpedia.org/property/currentnumber,http://dbpedia.org/ontology/number,0,0,0,1
http://dbpedia.org/property/position5,http://dbpedia.org/ontology/position,0,0,0,1
http://dbpedia.org/property/debutyear,http://dbpedia.org/ontology/activeYearsStartYear,0,0,0,1
http://dbpedia.org/property/position2,http://dbpedia.org/ontology/position,0,0,0,1
http://dbpedia.org/property/position1,http://dbpedia.org/ontology/position,0,0,0,1
http://dbpedia.org/property/position4,http://dbpedia.org/ontology/position,0,0,0,1
http://dbpedia.org/property/pastteams,http://dbpedia.org/ontology/formerTeam,0,0,0,1
http://dbpedia.org/property/playingteams,http://dbpedia.org/ontology/team,0,0,0,1
http://dbpedia.org/property/position3,http://dbpedia.org/ontology/position,0,0,0,1
http://dbpedia.org/property/espn,http://dbpedia.org/ontology/espnId,0,0,0,1
