r1,r2,cov,conf,score
http://dbpedia.org/property/name,http://xmlns.com/foaf/0.1/name,0,0,0,1
http://dbpedia.org/property/height,http://dbpedia.org/ontology/height,0,0,0,1
http://dbpedia.org/property/bodyStyle,http://dbpedia.org/ontology/bodyStyle,0,0,0,1
http://dbpedia.org/property/productionStart,http://dbpedia.org/ontology/productionStartYear,0,0,0,1
http://dbpedia.org/property/related,http://dbpedia.org/ontology/relatedMeanOfTransportation,0,0,0,1
http://dbpedia.org/property/vehicles,http://dbpedia.org/ontology/vehicle,0,0,0,1
http://dbpedia.org/property/parentCompany,http://dbpedia.org/ontology/parentCompany,0,0,0,1
http://dbpedia.org/property/length,http://dbpedia.org/ontology/length,0,0,0,1
http://dbpedia.org/property/aka,http://xmlns.com/foaf/0.1/name,0,0,0,1
http://dbpedia.org/property/layout,http://dbpedia.org/ontology/layout,0,0,0,1
http://dbpedia.org/property/successor,http://dbpedia.org/ontology/successor,0,0,0,1
http://dbpedia.org/property/fuelCapacity,http://dbpedia.org/ontology/fuelCapacity,0,0,0,1
http://dbpedia.org/property/transmission,http://dbpedia.org/ontology/transmission,0,0,0,1
http://dbpedia.org/property/wheelbase,http://dbpedia.org/ontology/wheelbase,0,0,0,1
http://dbpedia.org/property/productionEnd,http://dbpedia.org/ontology/productionEndYear,0,0,0,1
http://dbpedia.org/property/class,http://dbpedia.org/ontology/class,0,0,0,1
http://dbpedia.org/property/platform,http://dbpedia.org/ontology/automobilePlatform,0,0,0,1
http://dbpedia.org/property/assembly,http://dbpedia.org/ontology/assembly,0,0,0,1
http://dbpedia.org/property/manufacturer,http://dbpedia.org/ontology/manufacturer,0,0,0,1
http://dbpedia.org/property/weight,http://dbpedia.org/ontology/weight,0,0,0,1
http://dbpedia.org/property/engine,http://dbpedia.org/ontology/configuration,0,0,0,1
http://dbpedia.org/property/predecessor,http://dbpedia.org/ontology/predecessor,0,0,0,1
http://dbpedia.org/property/designer,http://dbpedia.org/ontology/designCompany,0,0,0,1
http://dbpedia.org/property/width,http://dbpedia.org/ontology/width,0,0,0,1
