r1,r2,cov,conf,score
http://dbpedia.org/property/nickname,http://xmlns.com/foaf/0.1/nick,0,0,0,1
http://dbpedia.org/property/height,http://dbpedia.org/ontology/height,0,0,0,1
http://dbpedia.org/property/playername,http://xmlns.com/foaf/0.1/name,0,0,0,1
http://dbpedia.org/property/weight,http://dbpedia.org/ontology/weight,0,0,0,1
http://dbpedia.org/property/placeOfDeath,http://dbpedia.org/ontology/deathPlace,0,0,0,1
http://dbpedia.org/property/coach,http://dbpedia.org/ontology/coach,0,0,0,1
http://dbpedia.org/property/dateOfBirth,http://dbpedia.org/ontology/birthDate,0,0,0,1
http://dbpedia.org/property/event,http://dbpedia.org/ontology/event,0,0,0,1
http://dbpedia.org/property/birthName,http://xmlns.com/foaf/0.1/name,0,0,0,1
http://dbpedia.org/property/dateOfDeath,http://dbpedia.org/ontology/deathDate,0,0,0,1
http://dbpedia.org/property/placeOfBirth,http://dbpedia.org/ontology/birthPlace,0,0,0,1
