r1,r2,cov,conf,score
http://dbpedia.org/property/name,http://xmlns.com/foaf/0.1/name,0,0,0,1
http://dbpedia.org/property/position,http://dbpedia.org/ontology/position,0,0,0,1
http://dbpedia.org/property/debutteam,http://dbpedia.org/ontology/formerTeam,0,0,0,1
http://dbpedia.org/property/birthplace,http://dbpedia.org/ontology/birthPlace,0,0,0,1
http://dbpedia.org/property/awards,http://dbpedia.org/ontology/award,0,0,0,1
http://dbpedia.org/property/birthdate,http://dbpedia.org/ontology/birthDate,0,0,0,1
http://dbpedia.org/property/teams,http://dbpedia.org/ontology/team,0,0,0,1
http://dbpedia.org/property/deathDate,http://dbpedia.org/ontology/deathDate,0,0,0,1
http://dbpedia.org/property/deathPlace,http://dbpedia.org/ontology/deathPlace,0,0,0,1
http://dbpedia.org/property/birthPlace,http://dbpedia.org/ontology/birthPlace,0,0,0,1
http://dbpedia.org/property/throws,http://dbpedia.org/ontology/throwingSide,0,0,0,1
http://dbpedia.org/property/stat1value,http://dbpedia.org/ontology/statisticValue,0,0,0,1
http://dbpedia.org/property/team,http://dbpedia.org/ontology/team,0,0,0,1
http://dbpedia.org/property/number,http://dbpedia.org/ontology/number,0,0,0,1
http://dbpedia.org/property/bats,http://dbpedia.org/ontology/battingSide,0,0,0,1
http://dbpedia.org/property/birthDate,http://dbpedia.org/ontology/birthDate,0,0,0,1
http://dbpedia.org/property/deathplace,http://dbpedia.org/ontology/deathPlace,0,0,0,1
http://dbpedia.org/property/deathdate,http://dbpedia.org/ontology/deathDate,0,0,0,1
http://dbpedia.org/property/statyear,http://dbpedia.org/ontology/statisticYear,0,0,0,1
http://dbpedia.org/property/finalteam,http://dbpedia.org/ontology/formerTeam,0,0,0,1
http://dbpedia.org/property/positionplain,http://dbpedia.org/ontology/position,0,0,0,1
http://dbpedia.org/property/stat1label,http://dbpedia.org/ontology/statisticLabel,0,0,0,1
