r1,r2,cov,conf,score
http://dbpedia.org/property/distributor,http://dbpedia.org/ontology/distributor,0,0,0,1
http://dbpedia.org/property/introduced,http://dbpedia.org/ontology/introduced,0,0,0,1
http://dbpedia.org/property/name,http://xmlns.com/foaf/0.1/name,0,0,0,1
http://dbpedia.org/property/website,http://xmlns.com/foaf/0.1/homepage,0,0,0,1
http://dbpedia.org/property/variants,http://dbpedia.org/ontology/hasVariant,0,0,0,1
http://dbpedia.org/property/manufacturer,http://dbpedia.org/ontology/manufacturer,0,0,0,1
http://dbpedia.org/property/related,http://dbpedia.org/ontology/related,0,0,0,1
http://dbpedia.org/property/origin,http://dbpedia.org/ontology/origin,0,0,0,1
http://dbpedia.org/property/discontinued,http://dbpedia.org/ontology/discontinued,0,0,0,1
