r1,r2,cov,conf,score
http://dbpedia.org/property/name,http://xmlns.com/foaf/0.1/name,0,0,0,1
http://dbpedia.org/property/pages,http://dbpedia.org/ontology/numberOfPages,0,0,0,1
http://dbpedia.org/property/mediaType,http://dbpedia.org/ontology/mediaType,0,0,0,1
http://dbpedia.org/property/englishPubDate,http://dbpedia.org/ontology/publicationDate,0,0,0,1
http://dbpedia.org/property/subject,http://dbpedia.org/ontology/nonFictionSubject,0,0,0,1
http://dbpedia.org/property/oclc,http://dbpedia.org/ontology/oclc,0,0,0,1
http://dbpedia.org/property/pubDate,http://dbpedia.org/ontology/publicationDate,0,0,0,1
http://dbpedia.org/property/followedBy,http://dbpedia.org/ontology/subsequentWork,0,0,0,1
http://dbpedia.org/property/congress,http://dbpedia.org/ontology/lcc,0,0,0,1
http://dbpedia.org/property/language,http://dbpedia.org/ontology/language,0,0,0,1
http://dbpedia.org/property/author,http://dbpedia.org/ontology/author,0,0,0,1
http://dbpedia.org/property/publisher,http://dbpedia.org/ontology/publisher,0,0,0,1
http://dbpedia.org/property/titleOrig,http://xmlns.com/foaf/0.1/name,0,0,0,1
http://dbpedia.org/property/translator,http://dbpedia.org/ontology/translator,0,0,0,1
http://dbpedia.org/property/country,http://dbpedia.org/ontology/country,0,0,0,1
http://dbpedia.org/property/genre,http://dbpedia.org/ontology/literaryGenre,0,0,0,1
http://dbpedia.org/property/series,http://dbpedia.org/ontology/series,0,0,0,1
http://dbpedia.org/property/illustrator,http://dbpedia.org/ontology/illustrator,0,0,0,1
http://dbpedia.org/property/precededBy,http://dbpedia.org/ontology/previousWork,0,0,0,1
http://dbpedia.org/property/isbn,http://dbpedia.org/ontology/isbn,0,0,0,1
http://dbpedia.org/property/dewey,http://dbpedia.org/ontology/dcc,0,0,0,1
http://dbpedia.org/property/coverArtist,http://dbpedia.org/ontology/coverArtist,0,0,0,1
