r1,r2,cov,conf,score
http://dbpedia.org/property/name,http://xmlns.com/foaf/0.1/name,0,0,0,1
http://dbpedia.org/property/father,http://dbpedia.org/ontology/parent,0,0,0,1
http://dbpedia.org/property/mother,http://dbpedia.org/ontology/parent,0,0,0,1
http://dbpedia.org/property/fullName,http://xmlns.com/foaf/0.1/name,0,0,0,1
http://dbpedia.org/property/deathDate,http://dbpedia.org/ontology/deathDate,0,0,0,1
http://dbpedia.org/property/dateOfDeath,http://dbpedia.org/ontology/deathDate,0,0,0,1
http://dbpedia.org/property/deathPlace,http://dbpedia.org/ontology/deathPlace,0,0,0,1
http://dbpedia.org/property/birthPlace,http://dbpedia.org/ontology/birthPlace,0,0,0,1
http://dbpedia.org/property/successor,http://dbpedia.org/ontology/successor,0,0,0,1
http://dbpedia.org/property/birthDate,http://dbpedia.org/ontology/birthDate,0,0,0,1
http://dbpedia.org/property/placeOfBurial,http://dbpedia.org/ontology/restingPlace,0,0,0,1
http://dbpedia.org/property/occupation,http://dbpedia.org/ontology/occupation,0,0,0,1
http://dbpedia.org/property/placeOfDeath,http://dbpedia.org/ontology/deathPlace,0,0,0,1
http://dbpedia.org/property/spouse,http://dbpedia.org/ontology/spouse,0,0,0,1
http://dbpedia.org/property/dateOfBirth,http://dbpedia.org/ontology/birthDate,0,0,0,1
http://dbpedia.org/property/title,http://dbpedia.org/ontology/title,0,0,0,1
http://dbpedia.org/property/predecessor,http://dbpedia.org/ontology/predecessor,0,0,0,1
http://dbpedia.org/property/placeOfBirth,http://dbpedia.org/ontology/birthPlace,0,0,0,1
http://dbpedia.org/property/royalAnthem,http://dbpedia.org/ontology/royalAnthem,0,0,0,1
