r1,r2,cov,conf,score
http://dbpedia.org/property/homepage,http://xmlns.com/foaf/0.1/homepage,0,0,0,1
http://dbpedia.org/property/owner,http://dbpedia.org/ontology/owningCompany,0,0,0,1
http://dbpedia.org/property/formerCallsigns,http://dbpedia.org/ontology/formerCallsign,0,0,0,1
http://dbpedia.org/property/affiliation,http://dbpedia.org/ontology/broadcastNetwork,0,0,0,1
http://dbpedia.org/property/logo,http://xmlns.com/foaf/0.1/logo,0,0,0,1
http://dbpedia.org/property/dissolved,http://dbpedia.org/ontology/lastAirDate,0,0,0,1
http://dbpedia.org/property/available,http://dbpedia.org/ontology/broadcastArea,0,0,0,1
http://dbpedia.org/property/language,http://dbpedia.org/ontology/language,0,0,0,1
http://dbpedia.org/property/keyPeople,http://dbpedia.org/ontology/keyPerson,0,0,0,1
http://dbpedia.org/property/airdate,http://dbpedia.org/ontology/firstAirDate,0,0,0,1
http://dbpedia.org/property/launchDate,http://dbpedia.org/ontology/firstAirDate,0,0,0,1
http://dbpedia.org/property/callsignMeaning,http://dbpedia.org/ontology/callsignMeaning,0,0,0,1
http://dbpedia.org/property/pictureFormat,http://dbpedia.org/ontology/pictureFormat,0,0,0,1
http://dbpedia.org/property/type,http://dbpedia.org/ontology/type,0,0,0,1
http://dbpedia.org/property/callsigns,http://dbpedia.org/ontology/callSign,0,0,0,1
http://dbpedia.org/property/formerNames,http://dbpedia.org/ontology/formerName,0,0,0,1
http://dbpedia.org/property/network,http://dbpedia.org/ontology/broadcastNetwork,0,0,0,1
http://dbpedia.org/property/location,http://dbpedia.org/ontology/location,0,0,0,1
http://dbpedia.org/property/branding,http://dbpedia.org/ontology/alias,0,0,0,1
http://dbpedia.org/property/affiliations,http://dbpedia.org/ontology/broadcastNetwork,0,0,0,1
http://dbpedia.org/property/broadcastArea,http://dbpedia.org/ontology/broadcastArea,0,0,0,1
http://dbpedia.org/property/name,http://xmlns.com/foaf/0.1/name,0,0,0,1
http://dbpedia.org/property/motto,http://dbpedia.org/ontology/motto,0,0,0,1
http://dbpedia.org/property/parent,http://dbpedia.org/ontology/parentOrganisation,0,0,0,1
http://dbpedia.org/property/city,http://dbpedia.org/ontology/locationCity,0,0,0,1
http://dbpedia.org/property/established,http://dbpedia.org/ontology/formationDate,0,0,0,1
http://dbpedia.org/property/founded,http://dbpedia.org/ontology/formationDate,0,0,0,1
http://dbpedia.org/property/formerAffiliations,http://dbpedia.org/ontology/formerBroadcastNetwork,0,0,0,1
http://dbpedia.org/property/website,http://xmlns.com/foaf/0.1/homepage,0,0,0,1
http://dbpedia.org/property/country,http://dbpedia.org/ontology/country,0,0,0,1
http://dbpedia.org/property/founder,http://dbpedia.org/ontology/foundedBy,0,0,0,1
http://dbpedia.org/property/web,http://xmlns.com/foaf/0.1/homepage,0,0,0,1
http://dbpedia.org/property/analog,http://dbpedia.org/ontology/analogChannel,0,0,0,1
http://dbpedia.org/property/slogan,http://dbpedia.org/ontology/slogan,0,0,0,1
http://dbpedia.org/property/digital,http://dbpedia.org/ontology/digitalChannel,0,0,0,1
http://dbpedia.org/property/foundation,http://dbpedia.org/ontology/formationDate,0,0,0,1
http://dbpedia.org/property/shareMarket,http://dbpedia.org/ontology/shareOfAudience,0,0,0,1
http://dbpedia.org/property/area,http://dbpedia.org/ontology/broadcastArea,0,0,0,1
