r1,r2,cov,conf,score
http://dbpedia.org/property/locationCity,http://dbpedia.org/ontology/city,0,0,0,1
http://dbpedia.org/property/dateDemolished,http://dbpedia.org/ontology/demolitionDate,0,0,0,1
http://dbpedia.org/property/architecturalStyle,http://dbpedia.org/ontology/architecturalStyle,0,0,0,1
http://dbpedia.org/property/owner,http://dbpedia.org/ontology/owner,0,0,0,1
http://dbpedia.org/property/awards,http://dbpedia.org/ontology/award,0,0,0,1
http://dbpedia.org/property/elevationinfoot,http://dbpedia.org/ontology/elevation,0,0,0,1,0.5
http://dbpedia.org/property/cost,http://dbpedia.org/ontology/cost,0,0,0,1
http://dbpedia.org/property/buildingType,http://dbpedia.org/ontology/type,0,0,0,1
http://dbpedia.org/property/architect,http://dbpedia.org/ontology/architect,0,0,0,1
http://dbpedia.org/property/inaugurationDate,http://dbpedia.org/ontology/openingDate,0,0,0,1
http://dbpedia.org/property/nativeName,http://xmlns.com/foaf/0.1/name,0,0,0,1
http://dbpedia.org/property/floorCount,http://dbpedia.org/ontology/floorCount,0,0,0,1
http://dbpedia.org/property/rebuildingdate,http://dbpedia.org/ontology/rebuildingDate,0,0,0,1
http://dbpedia.org/property/buildingName,http://xmlns.com/foaf/0.1/name,0,0,0,1
http://dbpedia.org/property/formerNames,http://dbpedia.org/ontology/formerName,0,0,0,1
http://dbpedia.org/property/nativeBuildingName,http://xmlns.com/foaf/0.1/name,0,0,0,1
http://dbpedia.org/property/owningorganisation,http://dbpedia.org/ontology/owningOrganisation,0,0,0,1
http://dbpedia.org/property/location,http://dbpedia.org/ontology/location,0,0,0,1
http://dbpedia.org/property/constructionStartDate,http://dbpedia.org/ontology/buildingStartDate,0,0,0,1
http://dbpedia.org/property/closingDate,http://dbpedia.org/ontology/dateOfAbandonment,0,0,0,1
http://dbpedia.org/property/name,http://xmlns.com/foaf/0.1/name,0,0,0,1
http://dbpedia.org/property/height,http://dbpedia.org/ontology/height,0,0,0,1
http://dbpedia.org/property/structuralSystem,http://dbpedia.org/ontology/structuralSystem,0,0,0,1
http://dbpedia.org/property/destructionDate,http://dbpedia.org/ontology/destructionDate,0,0,0,1
http://dbpedia.org/property/elevationinmeters,http://dbpedia.org/ontology/elevation,0,0,0,1,0.5
http://dbpedia.org/property/opening,http://dbpedia.org/ontology/openingDate,0,0,0,1
http://dbpedia.org/property/visitorstotal,http://dbpedia.org/ontology/visitorsTotal,0,0,0,1
http://dbpedia.org/property/locationTown,http://dbpedia.org/ontology/location,0,0,0,1
http://dbpedia.org/property/website,http://xmlns.com/foaf/0.1/homepage,0,0,0,1
http://dbpedia.org/property/startDate,http://dbpedia.org/ontology/buildingStartDate,0,0,0,1
http://dbpedia.org/property/address,http://dbpedia.org/ontology/address,0,0,0,1
http://dbpedia.org/property/architecturalbureau,http://dbpedia.org/ontology/architectualBureau,0,0,0,1
http://dbpedia.org/property/buildingenddate,http://dbpedia.org/ontology/buildingEndDate,0,0,0,1
http://dbpedia.org/property/floorArea,http://dbpedia.org/ontology/floorArea,0,0,0,1
http://dbpedia.org/property/demolitionDate,http://dbpedia.org/ontology/demolitionDate,0,0,0,1
http://dbpedia.org/property/visitorsperyear,http://dbpedia.org/ontology/visitorsPerYear,0,0,0,1
http://dbpedia.org/property/completionDate,http://dbpedia.org/ontology/buildingEndDate,0,0,0,1
http://dbpedia.org/property/locationCountry,http://dbpedia.org/ontology/country,0,0,0,1
http://dbpedia.org/property/currentTenants,http://dbpedia.org/ontology/tenant,0,0,0,1
http://dbpedia.org/property/width,http://dbpedia.org/ontology/width,0,0,0,1
