r1,r2,cov,conf,score
http://dbpedia.org/property/name,http://xmlns.com/foaf/0.1/name,0,0,0,1
http://dbpedia.org/property/teamOwners,http://dbpedia.org/ontology/owner,0,0,0,1
http://dbpedia.org/property/owner,http://dbpedia.org/ontology/owner,0,0,0,1
http://dbpedia.org/property/division,http://dbpedia.org/ontology/league,0,0,0,1
http://dbpedia.org/property/teamPresidents,http://dbpedia.org/ontology/president,0,0,0,1
http://dbpedia.org/property/location,http://dbpedia.org/ontology/location,0,0,0,1
http://dbpedia.org/property/coach,http://dbpedia.org/ontology/coach,0,0,0,1
http://dbpedia.org/property/chairman,http://dbpedia.org/ontology/chairman,0,0,0,1
http://dbpedia.org/property/president,http://dbpedia.org/ontology/president,0,0,0,1
http://dbpedia.org/property/generalManager,http://dbpedia.org/ontology/generalManager,0,0,0,1
http://dbpedia.org/property/field,http://dbpedia.org/ontology/homeStadium,0,0,0,1
http://dbpedia.org/property/nicknames,http://xmlns.com/foaf/0.1/name,0,0,0,1
http://dbpedia.org/property/founded,http://dbpedia.org/ontology/foundingYear,0,0,0,1
