r1,r2,cov,conf,score
http://dbpedia.org/property/branch,http://dbpedia.org/ontology/riverBranch,0,0,0,1
http://dbpedia.org/property/name,http://xmlns.com/foaf/0.1/name,0,0,0,1
http://dbpedia.org/property/dateConst,http://dbpedia.org/ontology/dateConstruction,0,0,0,1
http://dbpedia.org/property/engineer,http://dbpedia.org/ontology/principalEngineer,0,0,0,1
http://dbpedia.org/property/dateClosed,http://dbpedia.org/ontology/dateClosed,0,0,0,1
http://dbpedia.org/property/dateRest,http://dbpedia.org/ontology/restoreDate,0,0,0,1
http://dbpedia.org/property/mName,http://xmlns.com/foaf/0.1/name,0,0,0,1
http://dbpedia.org/property/oStart,http://dbpedia.org/ontology/originalStartPoint,0,0,0,1
http://dbpedia.org/property/oName,http://xmlns.com/foaf/0.1/name,0,0,0,1
http://dbpedia.org/property/dateAct,http://dbpedia.org/ontology/dateAct,0,0,0,1
http://dbpedia.org/property/elev,http://dbpedia.org/ontology/elevation,0,0,0,1
http://dbpedia.org/property/company,http://dbpedia.org/ontology/company,0,0,0,1
http://dbpedia.org/property/end,http://dbpedia.org/ontology/endPoint,0,0,0,1
http://dbpedia.org/property/originalmaximumboatlength,http://dbpedia.org/ontology/originalMaximumBoatLength,0,0,0,1
http://dbpedia.org/property/join,http://dbpedia.org/ontology/hasJunctionWith,0,0,0,1
http://dbpedia.org/property/oEnd,http://dbpedia.org/ontology/originalEndPoint,0,0,0,1
http://dbpedia.org/property/originalmaximumboatbeam,http://dbpedia.org/ontology/originalMaximumBoatBeam,0,0,0,1
http://dbpedia.org/property/dateUse,http://dbpedia.org/ontology/dateUse,0,0,0,1
http://dbpedia.org/property/start,http://dbpedia.org/ontology/startPoint,0,0,0,1
http://dbpedia.org/property/dateComp,http://dbpedia.org/ontology/dateCompleted,0,0,0,1
http://dbpedia.org/property/branchOf,http://dbpedia.org/ontology/riverBranchOf,0,0,0,1
http://dbpedia.org/property/maximumboatlength,http://dbpedia.org/ontology/maximumBoatLength,0,0,0,1
http://dbpedia.org/property/dateExt,http://dbpedia.org/ontology/dateExtended,0,0,0,1
http://dbpedia.org/property/aEngineer,http://dbpedia.org/ontology/engineer,0,0,0,1
http://dbpedia.org/property/maximumboatbeam,http://dbpedia.org/ontology/maximumBoatBeam,0,0,0,1
