r1,r2,cov,conf,score
http://dbpedia.org/property/name,http://xmlns.com/foaf/0.1/name,0,0,0,1
http://dbpedia.org/property/iupacname,http://dbpedia.org/ontology/iupacName,0,0,0,1
http://dbpedia.org/property/meltingpt,http://dbpedia.org/ontology/meltingPoint,0,0,0,1
http://dbpedia.org/property/casno,http://dbpedia.org/ontology/casNumber,0,0,0,1
http://dbpedia.org/property/boilingpt,http://dbpedia.org/ontology/boilingPoint,0,0,0,1
http://dbpedia.org/property/density,http://dbpedia.org/ontology/density,0,0,0,1
http://dbpedia.org/property/unii,http://dbpedia.org/ontology/fdaUniiCode,0,0,0,1
http://dbpedia.org/property/meltingPointC,http://dbpedia.org/ontology/meltingPoint,0,0,0,1
http://dbpedia.org/property/imagefile,http://xmlns.com/foaf/0.1/thumbnail,0,0,0,1
http://dbpedia.org/property/boilingPointC,http://dbpedia.org/ontology/boilingPoint,0,0,0,1
http://dbpedia.org/property/meltingPointF,http://dbpedia.org/ontology/meltingPoint,0,0,0,1
http://dbpedia.org/property/boilingPointF,http://dbpedia.org/ontology/boilingPoint,0,0,0,1
http://dbpedia.org/property/pubchem,http://dbpedia.org/ontology/pubchem,0,0,0,1
http://dbpedia.org/property/inchi,http://dbpedia.org/ontology/inchi,0,0,0,1
http://dbpedia.org/property/boilingPointK,http://dbpedia.org/ontology/boilingPoint,0,0,0,1
http://dbpedia.org/property/meltingPointK,http://dbpedia.org/ontology/meltingPoint,0,0,0,1
