r1,r2,cov,conf,score
http://dbpedia.org/property/name,http://xmlns.com/foaf/0.1/name,0,0,0,1
http://dbpedia.org/property/datePlace,http://dbpedia.org/ontology/deathPlace,0,0,0,1
http://dbpedia.org/property/tournamentRecord,http://dbpedia.org/ontology/tournamentRecord,0,0,0,1
http://dbpedia.org/property/coachingRecords,http://dbpedia.org/ontology/coachingRecord,0,0,0,1
http://dbpedia.org/property/birthDate,http://dbpedia.org/ontology/birthDate,0,0,0,1
http://dbpedia.org/property/currentRecord,http://dbpedia.org/ontology/currentRecord,0,0,0,1
http://dbpedia.org/property/coachTeams,http://dbpedia.org/ontology/coachedTeam,0,0,0,1
http://dbpedia.org/property/deathDate,http://dbpedia.org/ontology/deathDate,0,0,0,1
http://dbpedia.org/property/bowlRecord,http://dbpedia.org/ontology/bowlRecord,0,0,0,1
http://dbpedia.org/property/overallRecord,http://dbpedia.org/ontology/overallRecord,0,0,0,1
http://dbpedia.org/property/birthPlace,http://dbpedia.org/ontology/birthPlace,0,0,0,1
