r1,r2,cov,conf,score
http://dbpedia.org/property/name,http://xmlns.com/foaf/0.1/name,0,0,0,1
http://dbpedia.org/property/colours,http://dbpedia.org/ontology/officialSchoolColour,0,0,0,1
http://dbpedia.org/property/homepage,http://xmlns.com/foaf/0.1/homepage,0,0,0,1
http://dbpedia.org/property/graduates,http://dbpedia.org/ontology/numberOfGraduateStudents,0,0,0,1
http://dbpedia.org/property/undergraduates,http://dbpedia.org/ontology/numberOfUndergraduateStudents,0,0,0,1
http://dbpedia.org/property/motto,http://dbpedia.org/ontology/motto,0,0,0,1
http://dbpedia.org/property/fullName,http://xmlns.com/foaf/0.1/name,0,0,0,1
http://dbpedia.org/property/head,http://dbpedia.org/ontology/head,0,0,0,1
http://dbpedia.org/property/oldNames,http://dbpedia.org/ontology/formerName,0,0,0,1
http://dbpedia.org/property/nameLatin,http://xmlns.com/foaf/0.1/name,0,0,0,1
http://dbpedia.org/property/established,http://dbpedia.org/ontology/foundingDate,0,0,0,1
http://dbpedia.org/property/sisterCollege,http://dbpedia.org/ontology/sisterCollege,0,0,0,1
