r1,r2,cov,conf,score
http://dbpedia.org/property/locationCity,http://dbpedia.org/ontology/locationCity,0,0,0,1
http://dbpedia.org/property/homepage,http://xmlns.com/foaf/0.1/homepage,0,0,0,1
http://dbpedia.org/property/owner,http://dbpedia.org/ontology/owningCompany,0,0,0,1
http://dbpedia.org/property/areaServed,http://dbpedia.org/ontology/regionServed,0,0,0,1
http://dbpedia.org/property/aum,http://dbpedia.org/ontology/assetUnderManagement,0,0,0,1
http://dbpedia.org/property/subsid,http://dbpedia.org/ontology/subsidiary,0,0,0,1
http://dbpedia.org/property/language,http://dbpedia.org/ontology/language,0,0,0,1
http://dbpedia.org/property/keyPeople,http://dbpedia.org/ontology/keyPerson,0,0,0,1
http://dbpedia.org/property/url,http://xmlns.com/foaf/0.1/homepage,0,0,0,1
http://dbpedia.org/property/launchDate,http://dbpedia.org/ontology/formationDate,0,0,0,1
http://dbpedia.org/property/type,http://dbpedia.org/ontology/type,0,0,0,1
http://dbpedia.org/property/companyType,http://dbpedia.org/ontology/type,0,0,0,1
http://dbpedia.org/property/netIncome,http://dbpedia.org/ontology/netIncome,0,0,0,1
http://dbpedia.org/property/equity,http://dbpedia.org/ontology/equity,0,0,0,1
http://dbpedia.org/property/currentStatus,http://dbpedia.org/ontology/currentStatus,0,0,0,1
http://dbpedia.org/property/location,http://dbpedia.org/ontology/location,0,0,0,1
http://dbpedia.org/property/numEmployees,http://dbpedia.org/ontology/numberOfEmployees,0,0,0,1
http://dbpedia.org/property/predecessor,http://dbpedia.org/ontology/predecessor,0,0,0,1
http://dbpedia.org/property/divisions,http://dbpedia.org/ontology/division,0,0,0,1
http://dbpedia.org/property/name,http://xmlns.com/foaf/0.1/name,0,0,0,1
http://dbpedia.org/property/assets,http://dbpedia.org/ontology/assets,0,0,0,1
http://dbpedia.org/property/production,http://dbpedia.org/ontology/production,0,0,0,1
http://dbpedia.org/property/parent,http://dbpedia.org/ontology/parentCompany,0,0,0,1
http://dbpedia.org/property/services,http://dbpedia.org/ontology/service,0,0,0,1
http://dbpedia.org/property/defunct,http://dbpedia.org/ontology/extinctionYear,0,0,0,1
http://dbpedia.org/property/industry,http://dbpedia.org/ontology/industry,0,0,0,1
http://dbpedia.org/property/products,http://dbpedia.org/ontology/product,0,0,0,1
http://dbpedia.org/property/fate,http://dbpedia.org/ontology/fate,0,0,0,1
http://dbpedia.org/property/companyName,http://xmlns.com/foaf/0.1/name,0,0,0,1
http://dbpedia.org/property/successor,http://dbpedia.org/ontology/successor,0,0,0,1
http://dbpedia.org/property/companySlogan,http://dbpedia.org/ontology/slogan,0,0,0,1
http://dbpedia.org/property/genre,http://dbpedia.org/ontology/genre,0,0,0,1
http://dbpedia.org/property/founder,http://dbpedia.org/ontology/foundedBy,0,0,0,1
http://dbpedia.org/property/locations,http://dbpedia.org/ontology/numberOfLocations,0,0,0,1
http://dbpedia.org/property/intl,http://dbpedia.org/ontology/internationally,0,0,0,1
http://dbpedia.org/property/foundation,http://dbpedia.org/ontology/foundationPlace,0,0,0,1
http://dbpedia.org/property/operatingIncome,http://dbpedia.org/ontology/operatingIncome,0,0,0,1
http://dbpedia.org/property/marketcap,http://dbpedia.org/ontology/marketCapitalisation,0,0,0,1
http://dbpedia.org/property/revenue,http://dbpedia.org/ontology/revenue,0,0,0,1
http://dbpedia.org/property/locationCountry,http://dbpedia.org/ontology/locationCountry,0,0,0,1
