r1,r2,cov,conf,score
http://dbpedia.org/property/nationalAnthem,http://dbpedia.org/ontology/anthem,0,0,0,1
http://dbpedia.org/property/currency,http://dbpedia.org/ontology/currency,0,0,0,1
http://dbpedia.org/property/nativeName,http://xmlns.com/foaf/0.1/name,0,0,0,1
http://dbpedia.org/property/officialLanguages,http://dbpedia.org/ontology/language,0,0,0,1
http://dbpedia.org/property/largestCity,http://dbpedia.org/ontology/largestCity,0,0,0,1
http://dbpedia.org/property/regionalLanguages,http://dbpedia.org/ontology/language,0,0,0,1
http://dbpedia.org/property/ethnicGroupsYear,http://dbpedia.org/ontology/ethnicGroupsInYear,0,0,0,1
http://dbpedia.org/property/establishedDate1,http://dbpedia.org/ontology/foundingDate,0,0,0,1
http://dbpedia.org/property/establishedDate2,http://dbpedia.org/ontology/foundingDate,0,0,0,1
http://dbpedia.org/property/demonym,http://dbpedia.org/ontology/demonym,0,0,0,1
http://dbpedia.org/property/percentWater,http://dbpedia.org/ontology/percentageOfAreaWater,0,0,0,1
http://dbpedia.org/property/nationalMotto,http://dbpedia.org/ontology/motto,0,0,0,1
http://dbpedia.org/property/commonName,http://xmlns.com/foaf/0.1/name,0,0,0,1
http://dbpedia.org/property/largestSettlement,http://dbpedia.org/ontology/largestSettlement,0,0,0,1
http://dbpedia.org/property/establishedDate9,http://dbpedia.org/ontology/foundingDate,0,0,0,1
http://dbpedia.org/property/yearStart,http://dbpedia.org/ontology/foundingYear,0,0,0,1
http://dbpedia.org/property/capital,http://dbpedia.org/ontology/capital,0,0,0,1
http://dbpedia.org/property/ethnicGroups,http://dbpedia.org/ontology/ethnicGroup,0,0,0,1
http://dbpedia.org/property/populationDensityKm2,http://dbpedia.org/ontology/populationDensity,0,0,0,1
http://dbpedia.org/property/yearEnd,http://dbpedia.org/ontology/dissolutionYear,0,0,0,1
http://dbpedia.org/property/leaderName5,http://dbpedia.org/ontology/leaderName,0,0,0,1
http://dbpedia.org/property/leaderName4,http://dbpedia.org/ontology/leaderName,0,0,0,1
http://dbpedia.org/property/conventionalLongName,http://dbpedia.org/ontology/longName,0,0,0,1
http://dbpedia.org/property/areaKm2,http://dbpedia.org/ontology/areaTotal,0,0,0,1
http://dbpedia.org/property/languages,http://dbpedia.org/ontology/language,0,0,0,1
http://dbpedia.org/property/leaderTitle3,http://dbpedia.org/ontology/leaderTitle,0,0,0,1
http://dbpedia.org/property/leaderTitle4,http://dbpedia.org/ontology/leaderTitle,0,0,0,1
http://dbpedia.org/property/areaSqMi,http://dbpedia.org/ontology/areaTotal,0,0,0,1
http://dbpedia.org/property/leaderTitle5,http://dbpedia.org/ontology/leaderTitle,0,0,0,1
http://dbpedia.org/property/populationDensitySqMi,http://dbpedia.org/ontology/populationDensity,0,0,0,1
http://dbpedia.org/property/leaderName1,http://dbpedia.org/ontology/leaderName,0,0,0,1
http://dbpedia.org/property/leaderTitle1,http://dbpedia.org/ontology/leaderTitle,0,0,0,1
http://dbpedia.org/property/leaderName3,http://dbpedia.org/ontology/leaderName,0,0,0,1
http://dbpedia.org/property/governmentType,http://dbpedia.org/ontology/governmentType,0,0,0,1
http://dbpedia.org/property/royalAnthem,http://dbpedia.org/ontology/anthem,0,0,0,1
http://dbpedia.org/property/leaderTitle2,http://dbpedia.org/ontology/leaderTitle,0,0,0,1
http://dbpedia.org/property/leaderName2,http://dbpedia.org/ontology/leaderName,0,0,0,1
