r1,r2,cov,conf,score
http://dbpedia.org/property/monthofbirth,http://dbpedia.org/ontology/birthDate,0,0,0,1
http://dbpedia.org/property/cricketTeam,http://dbpedia.org/ontology/team,0,0,0,1
http://dbpedia.org/property/name,http://xmlns.com/foaf/0.1/name,0,0,0,1
http://dbpedia.org/property/debutDate,http://dbpedia.org/ontology/activeYearsStartDate,0,0,0,1
http://dbpedia.org/property/playername,http://xmlns.com/foaf/0.1/name,0,0,0,1
http://dbpedia.org/property/placeofbirth,http://dbpedia.org/ontology/birthPlace,0,0,0,1
http://dbpedia.org/property/fullname,http://xmlns.com/foaf/0.1/name,0,0,0,1
http://dbpedia.org/property/dayofdeath,http://dbpedia.org/ontology/deathDate,0,0,0,1
http://dbpedia.org/property/dayofbirth,http://dbpedia.org/ontology/birthDate,0,0,0,1
http://dbpedia.org/property/countryofdeath,http://dbpedia.org/ontology/deathPlace,0,0,0,1
http://dbpedia.org/property/nationality,http://dbpedia.org/ontology/nationality,0,0,0,1
http://dbpedia.org/property/yearofbirth,http://dbpedia.org/ontology/birthDate,0,0,0,1
http://dbpedia.org/property/countryofbirth,http://dbpedia.org/ontology/birthPlace,0,0,0,1
http://dbpedia.org/property/nickname,http://xmlns.com/foaf/0.1/nick,0,0,0,1
http://dbpedia.org/property/lastYear,http://dbpedia.org/ontology/activeYearsEndYear,0,0,0,1
http://dbpedia.org/property/country,http://dbpedia.org/ontology/country,0,0,0,1
http://dbpedia.org/property/debutYear,http://dbpedia.org/ontology/activeYearsStartYear,0,0,0,1
http://dbpedia.org/property/monthofdeath,http://dbpedia.org/ontology/deathDate,0,0,0,1
http://dbpedia.org/property/fcs,http://dbpedia.org/ontology/fc,0,0,0,1
http://dbpedia.org/property/placeofdeath,http://dbpedia.org/ontology/deathPlace,0,0,0,1
http://dbpedia.org/property/fcRuns,http://dbpedia.org/ontology/fcRuns,0,0,0,1
http://dbpedia.org/property/yearofdeath,http://dbpedia.org/ontology/deathDate,0,0,0,1
http://dbpedia.org/property/lastDate,http://dbpedia.org/ontology/activeYearsEndDate,0,0,0,1
