r1,r2,cov,conf,score
http://dbpedia.org/property/meltingPoint,http://dbpedia.org/ontology/meltingPoint,0,0,0,1
http://dbpedia.org/property/unii,http://dbpedia.org/ontology/fdaUniiCode,0,0,0,1
http://dbpedia.org/property/casSupplemental,http://dbpedia.org/ontology/casSupplemental,0,0,0,1
http://dbpedia.org/property/iupacName,http://dbpedia.org/ontology/iupacName,0,0,0,1
http://dbpedia.org/property/casNumber,http://dbpedia.org/ontology/casNumber,0,0,0,1
http://dbpedia.org/property/drugbank,http://dbpedia.org/ontology/drugbank,0,0,0,1
http://dbpedia.org/property/atcPrefix,http://dbpedia.org/ontology/atcPrefix,0,0,0,1
http://dbpedia.org/property/atcSupplemental,http://dbpedia.org/ontology/atcSupplemental,0,0,0,1
http://dbpedia.org/property/meltingHigh,http://dbpedia.org/ontology/meltingPoint,0,0,0,1
http://dbpedia.org/property/atcSuffix,http://dbpedia.org/ontology/atcSuffix,0,0,0,1
http://dbpedia.org/property/chebi,http://dbpedia.org/ontology/chEBI,0,0,0,1
http://dbpedia.org/property/pubchem,http://dbpedia.org/ontology/pubchem,0,0,0,1
http://dbpedia.org/property/drugName,http://xmlns.com/foaf/0.1/name,0,0,0,1
http://dbpedia.org/property/bioavailability,http://dbpedia.org/ontology/bioavailability,0,0,0,1
http://dbpedia.org/property/boilingPoint,http://dbpedia.org/ontology/boilingPoint,0,0,0,1
