r1,r2,cov,conf,score
http://dbpedia.org/property/genre,http://dbpedia.org/ontology/genre,0,0,0,1
http://dbpedia.org/property/prevLink,http://dbpedia.org/ontology/previousWork,0,0,0,1
http://dbpedia.org/property/languages,http://dbpedia.org/ontology/language,0,0,0,1
http://dbpedia.org/property/nextLink,http://dbpedia.org/ontology/subsequentWork,0,0,0,1
http://dbpedia.org/property/language,http://dbpedia.org/ontology/language,0,0,0,1
http://dbpedia.org/property/song,http://xmlns.com/foaf/0.1/name,0,0,0,1
http://dbpedia.org/property/year,http://dbpedia.org/ontology/publicationDate,0,0,0,1
