r1,r2,cov,conf,score
http://dbpedia.org/property/name,http://xmlns.com/foaf/0.1/name,0,0,0,1
http://dbpedia.org/property/distributor,http://dbpedia.org/ontology/distributor,0,0,0,1
http://dbpedia.org/property/cinematography,http://dbpedia.org/ontology/cinematography,0,0,0,1
http://dbpedia.org/property/producer,http://dbpedia.org/ontology/producer,0,0,0,1
http://dbpedia.org/property/runtime,http://dbpedia.org/ontology/runtime,0,0,0,1
http://dbpedia.org/property/music,http://dbpedia.org/ontology/musicComposer,0,0,0,1
http://dbpedia.org/property/screenplay,http://dbpedia.org/ontology/writer,0,0,0,1
http://dbpedia.org/property/starring,http://dbpedia.org/ontology/starring,0,0,0,1
http://dbpedia.org/property/narrator,http://dbpedia.org/ontology/narrator,0,0,0,1
http://dbpedia.org/property/language,http://dbpedia.org/ontology/language,0,0,0,1
http://dbpedia.org/property/basedOn,http://dbpedia.org/ontology/basedOn,0,0,0,1
http://dbpedia.org/property/director,http://dbpedia.org/ontology/director,0,0,0,1
http://dbpedia.org/property/writer,http://dbpedia.org/ontology/writer,0,0,0,1
http://dbpedia.org/property/budget,http://dbpedia.org/ontology/budget,0,0,0,1
http://dbpedia.org/property/website,http://xmlns.com/foaf/0.1/homepage,0,0,0,1
http://dbpedia.org/property/imdbId,http://dbpedia.org/ontology/imdbId,0,0,0,1
http://dbpedia.org/property/country,http://dbpedia.org/ontology/country,0,0,0,1
http://dbpedia.org/property/editing,http://dbpedia.org/ontology/editing,0,0,0,1
http://dbpedia.org/property/amgId,http://dbpedia.org/ontology/amgid,0,0,0,1
http://dbpedia.org/property/gross,http://dbpedia.org/ontology/gross,0,0,0,1
http://dbpedia.org/property/released,http://dbpedia.org/ontology/releaseDate,0,0,0,1
