r1,r2,cov,conf,score
http://dbpedia.org/property/image,http://dbpedia.org/ontology/picture,0,0,0,1
http://dbpedia.org/property/name,http://xmlns.com/foaf/0.1/name,0,0,0,1
http://dbpedia.org/property/course,http://dbpedia.org/ontology/type,0,0,0,1
http://dbpedia.org/property/country,http://dbpedia.org/ontology/origin,0,0,0,1
http://dbpedia.org/property/served,http://dbpedia.org/ontology/servingTemperature,0,0,0,1
http://dbpedia.org/property/calories,http://dbpedia.org/ontology/approximateCalories,0,0,0,1
http://dbpedia.org/property/variations,http://dbpedia.org/ontology/hasVariant,0,0,0,1
http://dbpedia.org/property/mainIngredient,http://dbpedia.org/ontology/ingredient,0,0,0,1
http://dbpedia.org/property/region,http://dbpedia.org/ontology/origin,0,0,0,1
http://dbpedia.org/property/creator,http://dbpedia.org/ontology/creatorOfDish,0,0,0,1
http://dbpedia.org/property/alternateName,http://dbpedia.org/ontology/alias,0,0,0,1
