r1,r2,cov,conf,score
http://dbpedia.org/property/fastestLaps,http://dbpedia.org/ontology/fastestLap,0,0,0,1
http://dbpedia.org/property/name,http://xmlns.com/foaf/0.1/name,0,0,0,1
http://dbpedia.org/property/podiums,http://dbpedia.org/ontology/podiums,0,0,0,1
http://dbpedia.org/property/wins,http://dbpedia.org/ontology/wins,0,0,0,1
http://dbpedia.org/property/championships,http://dbpedia.org/ontology/championships,0,0,0,1
http://dbpedia.org/property/careerPoints,http://dbpedia.org/ontology/careerPoints,0,0,0,1
http://dbpedia.org/property/nationality,http://dbpedia.org/ontology/nationality,0,0,0,1
http://dbpedia.org/property/races,http://dbpedia.org/ontology/races,0,0,0,1
http://dbpedia.org/property/firstRace,http://dbpedia.org/ontology/firstRace,0,0,0,1
http://dbpedia.org/property/team,http://dbpedia.org/ontology/team,0,0,0,1
http://dbpedia.org/property/lastSeason,http://dbpedia.org/ontology/lastSeason,0,0,0,1
http://dbpedia.org/property/lastPosition,http://dbpedia.org/ontology/lastPosition,0,0,0,1
http://dbpedia.org/property/firstWin,http://dbpedia.org/ontology/firstWin,0,0,0,1
http://dbpedia.org/property/lastWin,http://dbpedia.org/ontology/lastWin,0,0,0,1
http://dbpedia.org/property/carnumber,http://dbpedia.org/ontology/carNumber,0,0,0,1
http://dbpedia.org/property/lastRace,http://dbpedia.org/ontology/lastRace,0,0,0,1
http://dbpedia.org/property/teamFor2007,http://dbpedia.org/ontology/formerTeam,0,0,0,1
http://dbpedia.org/property/poles,http://dbpedia.org/ontology/poles,0,0,0,1
