r1,r2,cov,conf,score
http://dbpedia.org/property/name,http://xmlns.com/foaf/0.1/name,0,0,0,1
http://dbpedia.org/property/nickname,http://xmlns.com/foaf/0.1/nick,0,0,0,1
http://dbpedia.org/property/height,http://dbpedia.org/ontology/height,0,0,0,1
http://dbpedia.org/property/fullname,http://xmlns.com/foaf/0.1/name,0,0,0,1
http://dbpedia.org/property/placeofbirth,http://dbpedia.org/ontology/birthPlace,0,0,0,1
http://dbpedia.org/property/clubs,http://dbpedia.org/ontology/formerTeam,0,0,0,1
http://dbpedia.org/property/clposition,http://dbpedia.org/ontology/position,0,0,0,1
http://dbpedia.org/property/sport,http://dbpedia.org/ontology/sport,0,0,0,1
http://dbpedia.org/property/dod,http://dbpedia.org/ontology/deathDate,0,0,0,1
http://dbpedia.org/property/club,http://dbpedia.org/ontology/team,0,0,0,1
http://dbpedia.org/property/irish,http://xmlns.com/foaf/0.1/name,0,0,0,1
http://dbpedia.org/property/dob,http://dbpedia.org/ontology/birthDate,0,0,0,1
