r1,r2,cov,conf,score
http://dbpedia.org/property/date,http://dbpedia.org/ontology/publicationDate,0,0,0,1
http://dbpedia.org/property/genre,http://dbpedia.org/ontology/genre,0,0,0,1
http://dbpedia.org/property/subtitle,http://dbpedia.org/ontology/subtitle,0,0,0,1
http://dbpedia.org/property/playingtime,http://dbpedia.org/ontology/playingTime,0,0,0,1
http://dbpedia.org/property/manufacturer,http://dbpedia.org/ontology/manufacturer,0,0,0,1
http://dbpedia.org/property/illustrator,http://dbpedia.org/ontology/illustrator,0,0,0,1
http://dbpedia.org/property/publisher,http://dbpedia.org/ontology/publisher,0,0,0,1
http://dbpedia.org/property/title,http://xmlns.com/foaf/0.1/name,0,0,0,1
http://dbpedia.org/property/setuptime,http://dbpedia.org/ontology/setupTime,0,0,0,1
http://dbpedia.org/property/designer,http://dbpedia.org/ontology/designer,0,0,0,1
