r1,r2,cov,conf,score
http://dbpedia.org/property/award3,http://dbpedia.org/ontology/award,0,0,0,1
http://dbpedia.org/property/award4,http://dbpedia.org/ontology/award,0,0,0,1
http://dbpedia.org/property/award1,http://dbpedia.org/ontology/award,0,0,0,1
http://dbpedia.org/property/auswins,http://dbpedia.org/ontology/winsAtAus,0,0,0,1
http://dbpedia.org/property/award2,http://dbpedia.org/ontology/award,0,0,0,1
http://dbpedia.org/property/birthplace,http://dbpedia.org/ontology/birthPlace,0,0,0,1
http://dbpedia.org/property/nwidewins,http://dbpedia.org/ontology/winsAtNWIDE,0,0,0,1
http://dbpedia.org/property/birthdate,http://dbpedia.org/ontology/birthDate,0,0,0,1
http://dbpedia.org/property/fullname,http://xmlns.com/foaf/0.1/name,0,0,0,1
http://dbpedia.org/property/japwins,http://dbpedia.org/ontology/winsAtJapan,0,0,0,1
http://dbpedia.org/property/nickname,http://xmlns.com/foaf/0.1/nick,0,0,0,1
http://dbpedia.org/property/otherwins,http://dbpedia.org/ontology/winsAtOtherTournaments,0,0,0,1
http://dbpedia.org/property/deathdate,http://dbpedia.org/ontology/deathDate,0,0,0,1
http://dbpedia.org/property/deathplace,http://dbpedia.org/ontology/deathPlace,0,0,0,1
http://dbpedia.org/property/weight,http://dbpedia.org/ontology/weight,0,0,0,1
http://dbpedia.org/property/eurowins,http://dbpedia.org/ontology/winsInEurope,0,0,0,1
http://dbpedia.org/property/award10,http://dbpedia.org/ontology/award,0,0,0,1
http://dbpedia.org/property/prowins,http://dbpedia.org/ontology/winsAtProTournaments,0,0,0,1
http://dbpedia.org/property/award9,http://dbpedia.org/ontology/award,0,0,0,1
http://dbpedia.org/property/lagtwins,http://dbpedia.org/ontology/winsAtLAGT,0,0,0,1
http://dbpedia.org/property/award8,http://dbpedia.org/ontology/award,0,0,0,1
http://dbpedia.org/property/pgawins,http://dbpedia.org/ontology/winsAtPGA,0,0,0,1
http://dbpedia.org/property/award7,http://dbpedia.org/ontology/award,0,0,0,1
http://dbpedia.org/property/award6,http://dbpedia.org/ontology/award,0,0,0,1
http://dbpedia.org/property/chalwins,http://dbpedia.org/ontology/winsAtChallenges,0,0,0,1
http://dbpedia.org/property/award5,http://dbpedia.org/ontology/award,0,0,0,1
http://dbpedia.org/property/majorwins,http://dbpedia.org/ontology/winsAtMajors,0,0,0,1
http://dbpedia.org/property/name,http://xmlns.com/foaf/0.1/name,0,0,0,1
http://dbpedia.org/property/klpgawins,http://dbpedia.org/ontology/winsAtKLPGA,0,0,0,1
http://dbpedia.org/property/height,http://dbpedia.org/ontology/height,0,0,0,1
http://dbpedia.org/property/asiawins,http://dbpedia.org/ontology/winsAtAsia,0,0,0,1
http://dbpedia.org/property/nationality,http://dbpedia.org/ontology/nationality,0,0,0,1
http://dbpedia.org/property/college,http://dbpedia.org/ontology/college,0,0,0,1
http://dbpedia.org/property/lpgawins,http://dbpedia.org/ontology/winsAtLPGA,0,0,0,1
http://dbpedia.org/property/letwins,http://dbpedia.org/ontology/winsAtLET,0,0,0,1
http://dbpedia.org/property/seneurowins,http://dbpedia.org/ontology/winsAtSenEuro,0,0,0,1
http://dbpedia.org/property/partner,http://dbpedia.org/ontology/partner,0,0,0,1
http://dbpedia.org/property/alpgwins,http://dbpedia.org/ontology/winsAtAlpg,0,0,0,1
http://dbpedia.org/property/champwins,http://dbpedia.org/ontology/winsAtChampionships,0,0,0,1
http://dbpedia.org/property/jlpgawins,http://dbpedia.org/ontology/winsAtJLPGA,0,0,0,1
