r1,r2,cov,conf,score
http://dbpedia.org/property/preceding,http://dbpedia.org/ontology/predecessor,0,0,0,1
http://dbpedia.org/property/child3Agency,http://dbpedia.org/ontology/childOrganisation,0,0,0,1
http://dbpedia.org/property/headquarters,http://dbpedia.org/ontology/location,0,0,0,1
http://dbpedia.org/property/logo,http://xmlns.com/foaf/0.1/logo,0,0,0,1
http://dbpedia.org/property/dissolved,http://dbpedia.org/ontology/extinctionYear,0,0,0,1
http://dbpedia.org/property/parentAgency,http://dbpedia.org/ontology/parentOrganisation,0,0,0,1
http://dbpedia.org/property/agencyType,http://dbpedia.org/ontology/type,0,0,0,1
http://dbpedia.org/property/chief1Name,http://dbpedia.org/ontology/leader,0,0,0,1
http://dbpedia.org/property/budget,http://dbpedia.org/ontology/budget,0,0,0,1
http://dbpedia.org/property/type,http://dbpedia.org/ontology/type,0,0,0,1
http://dbpedia.org/property/child8Agency,http://dbpedia.org/ontology/childOrganisation,0,0,0,1
http://dbpedia.org/property/child4Agency,http://dbpedia.org/ontology/childOrganisation,0,0,0,1
http://dbpedia.org/property/child2Agency,http://dbpedia.org/ontology/childOrganisation,0,0,0,1
http://dbpedia.org/property/superseding,http://dbpedia.org/ontology/successor,0,0,0,1
http://dbpedia.org/property/employees,http://dbpedia.org/ontology/numberOfEmployees,0,0,0,1
http://dbpedia.org/property/jurisdiction,http://dbpedia.org/ontology/jurisdiction,0,0,0,1
http://dbpedia.org/property/minister1Name,http://dbpedia.org/ontology/leader,0,0,0,1
http://dbpedia.org/property/formed,http://dbpedia.org/ontology/formationYear,0,0,0,1
http://dbpedia.org/property/child6Agency,http://dbpedia.org/ontology/childOrganisation,0,0,0,1
http://dbpedia.org/property/nativenameA,http://xmlns.com/foaf/0.1/name,0,0,0,1
http://dbpedia.org/property/child9Agency,http://dbpedia.org/ontology/childOrganisation,0,0,0,1
http://dbpedia.org/property/child5Agency,http://dbpedia.org/ontology/childOrganisation,0,0,0,1
http://dbpedia.org/property/website,http://xmlns.com/foaf/0.1/homepage,0,0,0,1
http://dbpedia.org/property/child1Agency,http://dbpedia.org/ontology/childOrganisation,0,0,0,1
http://dbpedia.org/property/nativenameR,http://xmlns.com/foaf/0.1/name,0,0,0,1
http://dbpedia.org/property/agencyName,http://xmlns.com/foaf/0.1/name,0,0,0,1
http://dbpedia.org/property/seal,http://xmlns.com/foaf/0.1/logo,0,0,0,1
http://dbpedia.org/property/nativename,http://xmlns.com/foaf/0.1/name,0,0,0,1
http://dbpedia.org/property/child7Agency,http://dbpedia.org/ontology/childOrganisation,0,0,0,1
http://dbpedia.org/property/parentDepartment,http://dbpedia.org/ontology/parentOrganisation,0,0,0,1
