r1,r2,cov,conf,score
http://dbpedia.org/property/poleDriver,http://dbpedia.org/ontology/poleDriver,0,0,0,1
http://dbpedia.org/property/thirdCountry,http://dbpedia.org/ontology/thirdDriverCountry,0,0,0,1
http://dbpedia.org/property/fastDriver,http://dbpedia.org/ontology/fastestDriver,0,0,0,1
http://dbpedia.org/property/poleTeam,http://dbpedia.org/ontology/poleDriverTeam,0,0,0,1
http://dbpedia.org/property/date,http://dbpedia.org/ontology/date,0,0,0,1
http://dbpedia.org/property/type,http://dbpedia.org/ontology/type,0,0,0,1
http://dbpedia.org/property/firstTeam,http://dbpedia.org/ontology/firstDriverTeam,0,0,0,1
http://dbpedia.org/property/distanceLaps,http://dbpedia.org/ontology/distanceLaps,0,0,0,1
http://dbpedia.org/property/secondTeam,http://dbpedia.org/ontology/secondTeam,0,0,0,1
http://dbpedia.org/property/distanceMi,http://dbpedia.org/ontology/distance,0,0,0,1,0.5
http://dbpedia.org/property/fastCountry,http://dbpedia.org/ontology/fastestDriverCountry,0,0,0,1
http://dbpedia.org/property/location,http://dbpedia.org/ontology/location,0,0,0,1
http://dbpedia.org/property/poleCountry,http://dbpedia.org/ontology/poleDriverCountry,0,0,0,1
http://dbpedia.org/property/fastTeam,http://dbpedia.org/ontology/fastestDriverTeam,0,0,0,1
http://dbpedia.org/property/thirdDriver,http://dbpedia.org/ontology/thirdDriver,0,0,0,1
http://dbpedia.org/property/distanceKm,http://dbpedia.org/ontology/distance,0,0,0,1,0.5
http://dbpedia.org/property/courseMi,http://dbpedia.org/ontology/course,0,0,0,1,0.5
http://dbpedia.org/property/firstCountry,http://dbpedia.org/ontology/firstDriverCountry,0,0,0,1
http://dbpedia.org/property/secondCountry,http://dbpedia.org/ontology/secondDriverCountry,0,0,0,1
http://dbpedia.org/property/secondDriver,http://dbpedia.org/ontology/secondDriver,0,0,0,1
http://dbpedia.org/property/country,http://dbpedia.org/ontology/country,0,0,0,1
http://dbpedia.org/property/firstDriver,http://dbpedia.org/ontology/firstDriver,0,0,0,1
http://dbpedia.org/property/officialName,http://xmlns.com/foaf/0.1/name,0,0,0,1
http://dbpedia.org/property/thirdTeam,http://dbpedia.org/ontology/thirdTeam,0,0,0,1
http://dbpedia.org/property/year,http://dbpedia.org/ontology/date,0,0,0,1
http://dbpedia.org/property/courseKm,http://dbpedia.org/ontology/course,0,0,0,1,0.5
