r1,r2,cov,conf,score
http://dbpedia.org/property/website,http://xmlns.com/foaf/0.1/homepage,0,0,0,1
http://dbpedia.org/property/colour,http://dbpedia.org/ontology/colour,0,0,0,1
http://dbpedia.org/property/logo,http://xmlns.com/foaf/0.1/logo,0,0,0,1
http://dbpedia.org/property/coach,http://dbpedia.org/ontology/coach,0,0,0,1
http://dbpedia.org/property/city,http://dbpedia.org/ontology/city,0,0,0,1
http://dbpedia.org/property/league,http://dbpedia.org/ontology/league,0,0,0,1
http://dbpedia.org/property/color,http://dbpedia.org/ontology/colour,0,0,0,1
http://dbpedia.org/property/founded,http://dbpedia.org/ontology/foundingYear,0,0,0,1
http://dbpedia.org/property/team,http://dbpedia.org/ontology/team,0,0,0,1
