r1,r2,cov,conf,score
http://dbpedia.org/property/type,http://dbpedia.org/ontology/type,0,0,0,1
http://dbpedia.org/property/date,http://dbpedia.org/ontology/date,0,0,0,1
http://dbpedia.org/property/nickname,http://xmlns.com/foaf/0.1/nick,0,0,0,1
http://dbpedia.org/property/holidayName,http://xmlns.com/foaf/0.1/name,0,0,0,1
http://dbpedia.org/property/observedby,http://dbpedia.org/ontology/country,0,0,0,1
http://dbpedia.org/property/relatedto,http://dbpedia.org/ontology/similar,0,0,0,1
http://dbpedia.org/property/officialName,http://xmlns.com/foaf/0.1/name,0,0,0,1
http://dbpedia.org/property/significance,http://dbpedia.org/ontology/meaning,0,0,0,1
