r1,r2,cov,conf,score
http://dbpedia.org/property/height,http://dbpedia.org/ontology/height,0,0,0,1
http://dbpedia.org/property/floors,http://dbpedia.org/ontology/floorCount,0,0,0,1
http://dbpedia.org/property/owner,http://dbpedia.org/ontology/owner,0,0,0,1
http://dbpedia.org/property/hotelName,http://xmlns.com/foaf/0.1/name,0,0,0,1
http://dbpedia.org/property/developer,http://dbpedia.org/ontology/developer,0,0,0,1
http://dbpedia.org/property/architect,http://dbpedia.org/ontology/architect,0,0,0,1
http://dbpedia.org/property/numberOfRestaurants,http://dbpedia.org/ontology/numberOfRestaurants,0,0,0,1
http://dbpedia.org/property/numberOfSuites,http://dbpedia.org/ontology/numberOfSuites,0,0,0,1
http://dbpedia.org/property/parking,http://dbpedia.org/ontology/numberOfParkingSpaces,0,0,0,1
http://dbpedia.org/property/chain,http://dbpedia.org/ontology/chain,0,0,0,1
http://dbpedia.org/property/numberOfRooms,http://dbpedia.org/ontology/numberOfRooms,0,0,0,1
http://dbpedia.org/property/address,http://dbpedia.org/ontology/address,0,0,0,1
http://dbpedia.org/property/operator,http://dbpedia.org/ontology/tenant,0,0,0,1
http://dbpedia.org/property/location,http://dbpedia.org/ontology/location,0,0,0,1
http://dbpedia.org/property/closingDate,http://dbpedia.org/ontology/closingDate,0,0,0,1
http://dbpedia.org/property/openingDate,http://dbpedia.org/ontology/openingDate,0,0,0,1
http://dbpedia.org/property/floorArea,http://dbpedia.org/ontology/floorArea,0,0,0,1
