r1,r2,cov,conf,score
http://dbpedia.org/property/name,http://xmlns.com/foaf/0.1/name,0,0,0,1
http://dbpedia.org/property/education,http://dbpedia.org/ontology/education,0,0,0,1
http://dbpedia.org/property/ethnic,http://dbpedia.org/ontology/ethnicity,0,0,0,1
http://dbpedia.org/property/relatives,http://dbpedia.org/ontology/relative,0,0,0,1
http://dbpedia.org/property/deathDate,http://dbpedia.org/ontology/deathDate,0,0,0,1
http://dbpedia.org/property/url,http://xmlns.com/foaf/0.1/homepage,0,0,0,1
http://dbpedia.org/property/deathPlace,http://dbpedia.org/ontology/deathPlace,0,0,0,1
http://dbpedia.org/property/birthPlace,http://dbpedia.org/ontology/birthPlace,0,0,0,1
http://dbpedia.org/property/alias,http://dbpedia.org/ontology/alias,0,0,0,1
http://dbpedia.org/property/birthDate,http://dbpedia.org/ontology/birthDate,0,0,0,1
http://dbpedia.org/property/networth,http://dbpedia.org/ontology/networth,0,0,0,1
http://dbpedia.org/property/occupation,http://dbpedia.org/ontology/occupation,0,0,0,1
http://dbpedia.org/property/religion,http://dbpedia.org/ontology/religion,0,0,0,1
http://dbpedia.org/property/spouse,http://dbpedia.org/ontology/spouse,0,0,0,1
http://dbpedia.org/property/title,http://dbpedia.org/ontology/title,0,0,0,1
http://dbpedia.org/property/children,http://dbpedia.org/ontology/child,0,0,0,1
http://dbpedia.org/property/birthname,http://dbpedia.org/ontology/birthName,0,0,0,1
http://dbpedia.org/property/salary,http://dbpedia.org/ontology/salary,0,0,0,1
