r1,r2,cov,conf,score
http://dbpedia.org/property/name,http://xmlns.com/foaf/0.1/name,0,0,0,1
http://dbpedia.org/property/numAttorneys,http://dbpedia.org/ontology/numberOfLawyers,0,0,0,1
http://dbpedia.org/property/homepage,http://xmlns.com/foaf/0.1/homepage,0,0,0,1
http://dbpedia.org/property/headquarters,http://dbpedia.org/ontology/headquarter,0,0,0,1
http://dbpedia.org/property/practiceAreas,http://dbpedia.org/ontology/service,0,0,0,1
http://dbpedia.org/property/logo,http://xmlns.com/foaf/0.1/logo,0,0,0,1
http://dbpedia.org/property/firmName,http://xmlns.com/foaf/0.1/name,0,0,0,1
http://dbpedia.org/property/dissolved,http://dbpedia.org/ontology/closingYear,0,0,0,1
http://dbpedia.org/property/numLawyers,http://dbpedia.org/ontology/numberOfLawyers,0,0,0,1
http://dbpedia.org/property/numOffices,http://dbpedia.org/ontology/numberOfOffices,0,0,0,1
http://dbpedia.org/property/keyPeople,http://dbpedia.org/ontology/keyPerson,0,0,0,1
http://dbpedia.org/property/companyType,http://dbpedia.org/ontology/type,0,0,0,1
http://dbpedia.org/property/founder,http://dbpedia.org/ontology/foundedBy,0,0,0,1
http://dbpedia.org/property/dateFounded,http://dbpedia.org/ontology/foundingYear,0,0,0,1
http://dbpedia.org/property/numEmployees,http://dbpedia.org/ontology/numberOfEmployees,0,0,0,1
http://dbpedia.org/property/slogan,http://dbpedia.org/ontology/slogan,0,0,0,1
http://dbpedia.org/property/revenue,http://dbpedia.org/ontology/revenue,0,0,0,1
