r1,r2,cov,conf,score
http://dbpedia.org/property/name,http://xmlns.com/foaf/0.1/name,0,0,0,1
http://dbpedia.org/property/height,http://dbpedia.org/ontology/height,0,0,0,1
http://dbpedia.org/property/rebuilder,http://dbpedia.org/ontology/rebuilder,0,0,0,1
http://dbpedia.org/property/enginetype,http://dbpedia.org/ontology/engineType,0,0,0,1
http://dbpedia.org/property/builder,http://dbpedia.org/ontology/builder,0,0,0,1
http://dbpedia.org/property/retiredate,http://dbpedia.org/ontology/retired,0,0,0,1
http://dbpedia.org/property/currentowner,http://dbpedia.org/ontology/owner,0,0,0,1
http://dbpedia.org/property/topspeed,http://dbpedia.org/ontology/topSpeed,0,0,0,1
http://dbpedia.org/property/rebuilddate,http://dbpedia.org/ontology/rebuildDate,0,0,0,1
http://dbpedia.org/property/powertype,http://dbpedia.org/ontology/powerType,0,0,0,1
http://dbpedia.org/property/length,http://dbpedia.org/ontology/length,0,0,0,1
http://dbpedia.org/property/nicknames,http://xmlns.com/foaf/0.1/name,0,0,0,1
http://dbpedia.org/property/deliverydate,http://dbpedia.org/ontology/deliveryDate,0,0,0,1
http://dbpedia.org/property/restoredate,http://dbpedia.org/ontology/restoreDate,0,0,0,1
http://dbpedia.org/property/totalproduction,http://dbpedia.org/ontology/numberBuilt,0,0,0,1
http://dbpedia.org/property/boiler,http://dbpedia.org/ontology/boiler,0,0,0,1
http://dbpedia.org/property/weight,http://dbpedia.org/ontology/weight,0,0,0,1
http://dbpedia.org/property/cylindercount,http://dbpedia.org/ontology/cylinderCount,0,0,0,1
http://dbpedia.org/property/boilerpressure,http://dbpedia.org/ontology/boilerPressure,0,0,0,1
http://dbpedia.org/property/designer,http://dbpedia.org/ontology/designer,0,0,0,1
http://dbpedia.org/property/width,http://dbpedia.org/ontology/width,0,0,0,1
http://dbpedia.org/property/officialname,http://xmlns.com/foaf/0.1/name,0,0,0,1
