r1,r2,cov,conf,score
http://dbpedia.org/property/branch,http://dbpedia.org/ontology/militaryBranch,0,0,0,1
http://dbpedia.org/property/name,http://xmlns.com/foaf/0.1/name,0,0,0,1
http://dbpedia.org/property/placeofburialLabel,http://dbpedia.org/ontology/noteOnPlaceOfBurial,0,0,0,1
http://dbpedia.org/property/awards,http://dbpedia.org/ontology/award,0,0,0,1
http://dbpedia.org/property/placeofbirth,http://dbpedia.org/ontology/birthPlace,0,0,0,1
http://dbpedia.org/property/born,http://dbpedia.org/ontology/birthDate,0,0,0,1
http://dbpedia.org/property/laterwork,http://dbpedia.org/ontology/occupation,0,0,0,1
http://dbpedia.org/property/unit,http://dbpedia.org/ontology/militaryUnit,0,0,0,1
http://dbpedia.org/property/died,http://dbpedia.org/ontology/deathDate,0,0,0,1
http://dbpedia.org/property/rank,http://dbpedia.org/ontology/militaryRank,0,0,0,1
http://dbpedia.org/property/placeofburial,http://dbpedia.org/ontology/restingPlace,0,0,0,1
http://dbpedia.org/property/nickname,http://xmlns.com/foaf/0.1/nick,0,0,0,1
http://dbpedia.org/property/commands,http://dbpedia.org/ontology/militaryCommand,0,0,0,1
http://dbpedia.org/property/placeofdeath,http://dbpedia.org/ontology/deathPlace,0,0,0,1
http://dbpedia.org/property/allegiance,http://dbpedia.org/ontology/allegiance,0,0,0,1
http://dbpedia.org/property/battles,http://dbpedia.org/ontology/battle,0,0,0,1
http://dbpedia.org/property/servicenumber,http://dbpedia.org/ontology/serviceNumber,0,0,0,1
http://dbpedia.org/property/relations,http://dbpedia.org/ontology/relation,0,0,0,1
