r1,r2,cov,conf,score
http://dbpedia.org/property/aircraftHelicopterCargo,http://dbpedia.org/ontology/aircraftHelicopterCargo,0,0,0,1
http://dbpedia.org/property/notableCommanders,http://dbpedia.org/ontology/notableCommander,0,0,0,1
http://dbpedia.org/property/conscription,http://dbpedia.org/ontology/ageRange,0,0,0,1
http://dbpedia.org/property/battleHonours,http://dbpedia.org/ontology/battleHonours,0,0,0,1
http://dbpedia.org/property/nativeName,http://xmlns.com/foaf/0.1/name,0,0,0,1
http://dbpedia.org/property/type,http://dbpedia.org/ontology/type,0,0,0,1
http://dbpedia.org/property/identificationSymbol,http://dbpedia.org/ontology/identificationSymbol,0,0,0,1
http://dbpedia.org/property/manpowerAge,http://dbpedia.org/ontology/ageRange,0,0,0,1
http://dbpedia.org/property/allegiance,http://dbpedia.org/ontology/country,0,0,0,1
http://dbpedia.org/property/battles,http://dbpedia.org/ontology/battle,0,0,0,1
http://dbpedia.org/property/colors,http://dbpedia.org/ontology/colour,0,0,0,1
http://dbpedia.org/property/branch,http://dbpedia.org/ontology/militaryBranch,0,0,0,1
http://dbpedia.org/property/aircraftHelicopter,http://dbpedia.org/ontology/aircraftHelicopter,0,0,0,1
http://dbpedia.org/property/aircraftElectronic,http://dbpedia.org/ontology/aircraftElectronic,0,0,0,1
http://dbpedia.org/property/image2,http://dbpedia.org/ontology/picture,0,0,0,1
http://dbpedia.org/property/aircraftHelicopterObservation,http://dbpedia.org/ontology/aircraftHelicopterObservation,0,0,0,1
http://dbpedia.org/property/role,http://dbpedia.org/ontology/role,0,0,0,1
http://dbpedia.org/property/founded,http://dbpedia.org/ontology/foundingDate,0,0,0,1
http://dbpedia.org/property/aircraftTrainer,http://dbpedia.org/ontology/aircraftTrainer,0,0,0,1
http://dbpedia.org/property/march,http://dbpedia.org/ontology/march,0,0,0,1
http://dbpedia.org/property/aircraftHelicopterUtility,http://dbpedia.org/ontology/aircraftHelicopterUtility,0,0,0,1
http://dbpedia.org/property/flyingHours,http://dbpedia.org/ontology/flyingHours,0,0,0,1
http://dbpedia.org/property/unitName,http://xmlns.com/foaf/0.1/name,0,0,0,1
http://dbpedia.org/property/patron,http://dbpedia.org/ontology/patron,0,0,0,1
http://dbpedia.org/property/aircraftTransport,http://dbpedia.org/ontology/aircraftTransport,0,0,0,1
http://dbpedia.org/property/commander3,http://dbpedia.org/ontology/thirdCommander,0,0,0,1
http://dbpedia.org/property/commander2,http://dbpedia.org/ontology/secondCommander,0,0,0,1
http://dbpedia.org/property/commander1,http://dbpedia.org/ontology/commander,0,0,0,1
http://dbpedia.org/property/anniversaries,http://dbpedia.org/ontology/anniversary,0,0,0,1
http://dbpedia.org/property/commander4,http://dbpedia.org/ontology/fourthCommander,0,0,0,1
http://dbpedia.org/property/manpowerData,http://dbpedia.org/ontology/date,0,0,0,1
http://dbpedia.org/property/aircraftFighter,http://dbpedia.org/ontology/aircraftFighter,0,0,0,1
http://dbpedia.org/property/nickname,http://xmlns.com/foaf/0.1/nick,0,0,0,1
http://dbpedia.org/property/aircraftHelicopterMultirole,http://dbpedia.org/ontology/aircraftHelicopterMultirole,0,0,0,1
http://dbpedia.org/property/aircraftHelicopterTransport,http://dbpedia.org/ontology/aircraftHelicopterTransport,0,0,0,1
http://dbpedia.org/property/name,http://xmlns.com/foaf/0.1/name,0,0,0,1
http://dbpedia.org/property/disbanded,http://dbpedia.org/ontology/disbanded,0,0,0,1
http://dbpedia.org/property/mascot,http://dbpedia.org/ontology/mascot,0,0,0,1
http://dbpedia.org/property/motto,http://dbpedia.org/ontology/motto,0,0,0,1
http://dbpedia.org/property/garrison,http://dbpedia.org/ontology/garrison,0,0,0,1
http://dbpedia.org/property/identificationSymbol3,http://dbpedia.org/ontology/identificationSymbol,0,0,0,1
http://dbpedia.org/property/aircraftInterceptor,http://dbpedia.org/ontology/aircraftInterceptor,0,0,0,1
http://dbpedia.org/property/identificationSymbol2,http://dbpedia.org/ontology/identificationSymbol,0,0,0,1
http://dbpedia.org/property/age,http://dbpedia.org/ontology/ageRange,0,0,0,1
http://dbpedia.org/property/aircraftPatrol,http://dbpedia.org/ontology/aircraftPatrol,0,0,0,1
http://dbpedia.org/property/identificationSymbol4,http://dbpedia.org/ontology/identificationSymbol,0,0,0,1
http://dbpedia.org/property/image,http://dbpedia.org/ontology/picture,0,0,0,1
http://dbpedia.org/property/website,http://xmlns.com/foaf/0.1/homepage,0,0,0,1
http://dbpedia.org/property/commandStructure,http://dbpedia.org/ontology/commandStructure,0,0,0,1
http://dbpedia.org/property/country,http://dbpedia.org/ontology/country,0,0,0,1
http://dbpedia.org/property/size,http://dbpedia.org/ontology/militaryUnitSize,0,0,0,1
http://dbpedia.org/property/aircraftBomber,http://dbpedia.org/ontology/aircraftBomber,0,0,0,1
http://dbpedia.org/property/aircraftRecon,http://dbpedia.org/ontology/aircraftRecon,0,0,0,1
http://dbpedia.org/property/aircraftAttack,http://dbpedia.org/ontology/aircraftAttack,0,0,0,1
http://dbpedia.org/property/aircraftHelicopterAttack,http://dbpedia.org/ontology/aircraftHelicopterAttack,0,0,0,1
