r1,r2,cov,conf,score
http://dbpedia.org/property/commander3,http://dbpedia.org/ontology/commander,0,0,0,1
http://dbpedia.org/property/notes,http://dbpedia.org/ontology/notes,0,0,0,1
http://dbpedia.org/property/conflict,http://xmlns.com/foaf/0.1/name,0,0,0,1
http://dbpedia.org/property/commander2,http://dbpedia.org/ontology/commander,0,0,0,1
http://dbpedia.org/property/commander1,http://dbpedia.org/ontology/commander,0,0,0,1
http://dbpedia.org/property/territory,http://dbpedia.org/ontology/territory,0,0,0,1
http://dbpedia.org/property/combatant3,http://dbpedia.org/ontology/combatant,0,0,0,1
http://dbpedia.org/property/combatant2,http://dbpedia.org/ontology/combatant,0,0,0,1
http://dbpedia.org/property/combatant1,http://dbpedia.org/ontology/combatant,0,0,0,1
http://dbpedia.org/property/place,http://dbpedia.org/ontology/place,0,0,0,1
http://dbpedia.org/property/partof,http://dbpedia.org/ontology/isPartOfMilitaryConflict,0,0,0,1
http://dbpedia.org/property/casualties1,http://dbpedia.org/ontology/causalties,0,0,0,1
http://dbpedia.org/property/date,http://dbpedia.org/ontology/date,0,0,0,1
http://dbpedia.org/property/result,http://dbpedia.org/ontology/result,0,0,0,1
http://dbpedia.org/property/status,http://dbpedia.org/ontology/status,0,0,0,1
http://dbpedia.org/property/strength3,http://dbpedia.org/ontology/strength,0,0,0,1
http://dbpedia.org/property/strength2,http://dbpedia.org/ontology/strength,0,0,0,1
http://dbpedia.org/property/strength1,http://dbpedia.org/ontology/strength,0,0,0,1
