r1,r2,cov,conf,score
http://dbpedia.org/property/name,http://xmlns.com/foaf/0.1/name,0,0,0,1
http://dbpedia.org/property/firstAscent,http://dbpedia.org/ontology/firstAscentPerson,0,0,0,1
http://dbpedia.org/property/elevationM,http://dbpedia.org/ontology/elevation,0,0,0,1,0.5
http://dbpedia.org/property/topo,http://dbpedia.org/ontology/nationalTopographicSystemMapNumber,0,0,0,1
http://dbpedia.org/property/otherName,http://xmlns.com/foaf/0.1/name,0,0,0,1
http://dbpedia.org/property/lastEruption,http://dbpedia.org/ontology/eruptionYear,0,0,0,1
http://dbpedia.org/property/prominenceM,http://dbpedia.org/ontology/prominence,0,0,0,1,0.5
http://dbpedia.org/property/type,http://dbpedia.org/ontology/type,0,0,0,1
http://dbpedia.org/property/elevationFt,http://dbpedia.org/ontology/elevation,0,0,0,1,0.5
http://dbpedia.org/property/range,http://dbpedia.org/ontology/mountainRange,0,0,0,1
http://dbpedia.org/property/prominenceFt,http://dbpedia.org/ontology/prominence,0,0,0,1,0.5
http://dbpedia.org/property/parentPeak,http://dbpedia.org/ontology/parentMountainPeak,0,0,0,1
http://dbpedia.org/property/region,http://dbpedia.org/ontology/region,0,0,0,1
http://dbpedia.org/property/location,http://dbpedia.org/ontology/locatedInArea,0,0,0,1
http://dbpedia.org/property/elevation,http://dbpedia.org/ontology/elevation,0,0,0,1,0.5
http://dbpedia.org/property/prominence,http://dbpedia.org/ontology/prominence,0,0,0,1,0.5
