r1,r2,cov,conf,score
http://dbpedia.org/property/name,http://xmlns.com/foaf/0.1/name,0,0,0,1
http://dbpedia.org/property/instruments,http://dbpedia.org/ontology/instrument,0,0,0,1
http://dbpedia.org/property/derivatives,http://dbpedia.org/ontology/derivative,0,0,0,1
http://dbpedia.org/property/subgenres,http://dbpedia.org/ontology/musicSubgenre,0,0,0,1
http://dbpedia.org/property/fusiongenres,http://dbpedia.org/ontology/musicFusionGenre,0,0,0,1
http://dbpedia.org/property/stylisticOrigins,http://dbpedia.org/ontology/stylisticOrigin,0,0,0,1
