r1,r2,cov,conf,score
http://dbpedia.org/property/website,http://xmlns.com/foaf/0.1/homepage,0,0,0,1
http://dbpedia.org/property/musicFestivalName,http://xmlns.com/foaf/0.1/name,0,0,0,1
http://dbpedia.org/property/dates,http://dbpedia.org/ontology/date,0,0,0,1
http://dbpedia.org/property/genre,http://dbpedia.org/ontology/genre,0,0,0,1
http://dbpedia.org/property/yearsActive,http://dbpedia.org/ontology/endDate,0,0,0,1
http://dbpedia.org/property/location,http://dbpedia.org/ontology/location,0,0,0,1
