r1,r2,cov,conf,score
http://dbpedia.org/property/name,http://xmlns.com/foaf/0.1/name,0,0,0,1
http://dbpedia.org/property/founders,http://dbpedia.org/ontology/foundedBy,0,0,0,1
http://dbpedia.org/property/headquarters,http://dbpedia.org/ontology/headquarter,0,0,0,1
http://dbpedia.org/property/circulation,http://dbpedia.org/ontology/circulation,0,0,0,1
http://dbpedia.org/property/sisterNewspapers,http://dbpedia.org/ontology/sisterNewspaper,0,0,0,1
http://dbpedia.org/property/chiefeditor,http://dbpedia.org/ontology/chiefEditor,0,0,0,1
http://dbpedia.org/property/owners,http://dbpedia.org/ontology/owner,0,0,0,1
http://dbpedia.org/property/language,http://dbpedia.org/ontology/language,0,0,0,1
http://dbpedia.org/property/publisher,http://dbpedia.org/ontology/publisher,0,0,0,1
http://dbpedia.org/property/assoceditor,http://dbpedia.org/ontology/associateEditor,0,0,0,1
http://dbpedia.org/property/website,http://xmlns.com/foaf/0.1/homepage,0,0,0,1
http://dbpedia.org/property/type,http://dbpedia.org/ontology/type,0,0,0,1
http://dbpedia.org/property/maneditor,http://dbpedia.org/ontology/managingEditor,0,0,0,1
http://dbpedia.org/property/founder,http://dbpedia.org/ontology/foundedBy,0,0,0,1
http://dbpedia.org/property/format,http://dbpedia.org/ontology/format,0,0,0,1
http://dbpedia.org/property/foundation,http://dbpedia.org/ontology/foundingDate,0,0,0,1
http://dbpedia.org/property/editor,http://dbpedia.org/ontology/editor,0,0,0,1
