r1,r2,cov,conf,score
http://dbpedia.org/property/name,http://xmlns.com/foaf/0.1/name,0,0,0,1
http://dbpedia.org/property/homepage,http://xmlns.com/foaf/0.1/homepage,0,0,0,1
http://dbpedia.org/property/endowment,http://dbpedia.org/ontology/endowment,0,0,0,1
http://dbpedia.org/property/keyPeople,http://dbpedia.org/ontology/keyPerson,0,0,0,1
http://dbpedia.org/property/non-profitName,http://xmlns.com/foaf/0.1/name,0,0,0,1
http://dbpedia.org/property/founded,http://dbpedia.org/ontology/foundedBy,0,0,0,1
http://dbpedia.org/property/organizationMotto,http://dbpedia.org/ontology/motto,0,0,0,1
http://dbpedia.org/property/product,http://dbpedia.org/ontology/product,0,0,0,1
http://dbpedia.org/property/founder,http://dbpedia.org/ontology/foundedBy,0,0,0,1
http://dbpedia.org/property/location,http://dbpedia.org/ontology/location,0,0,0,1
http://dbpedia.org/property/numEmployees,http://dbpedia.org/ontology/numberOfEmployees,0,0,0,1
http://dbpedia.org/property/foundedDate,http://dbpedia.org/ontology/foundingYear,0,0,0,1
http://dbpedia.org/property/revenue,http://dbpedia.org/ontology/revenue,0,0,0,1
http://dbpedia.org/property/organizationName,http://xmlns.com/foaf/0.1/name,0,0,0,1
