r1,r2,cov,conf,score
http://dbpedia.org/property/schoolTradition,http://dbpedia.org/ontology/philosophicalSchool,0,0,0,1
http://dbpedia.org/property/name,http://xmlns.com/foaf/0.1/name,0,0,0,1
http://dbpedia.org/property/birthDate,http://dbpedia.org/ontology/birthYear,0,0,0,1
http://dbpedia.org/property/notableIdeas,http://dbpedia.org/ontology/notableIdea,0,0,0,1
http://dbpedia.org/property/region,http://dbpedia.org/ontology/region,0,0,0,1
http://dbpedia.org/property/deathDate,http://dbpedia.org/ontology/deathYear,0,0,0,1
http://dbpedia.org/property/deathPlace,http://dbpedia.org/ontology/deathPlace,0,0,0,1
http://dbpedia.org/property/influenced,http://dbpedia.org/ontology/influenced,0,0,0,1
http://dbpedia.org/property/influences,http://dbpedia.org/ontology/influencedBy,0,0,0,1
http://dbpedia.org/property/birthPlace,http://dbpedia.org/ontology/birthPlace,0,0,0,1
http://dbpedia.org/property/era,http://dbpedia.org/ontology/era,0,0,0,1
http://dbpedia.org/property/mainInterests,http://dbpedia.org/ontology/mainInterest,0,0,0,1
