r1,r2,cov,conf,score
http://dbpedia.org/property/plant1,http://dbpedia.org/ontology/plant,0,0,0,1
http://dbpedia.org/property/plant2,http://dbpedia.org/ontology/plant,0,0,0,1
http://dbpedia.org/property/categoryLocal,http://dbpedia.org/ontology/type,0,0,0,1
http://dbpedia.org/property/mouthElevation,http://dbpedia.org/ontology/mouthElevation,0,0,0,1,0.5
http://dbpedia.org/property/code,http://dbpedia.org/ontology/code,0,0,0,1
http://dbpedia.org/property/nativeName,http://xmlns.com/foaf/0.1/name,0,0,0,1
http://dbpedia.org/property/ascentDate,http://dbpedia.org/ontology/ascentDate,0,0,0,1
http://dbpedia.org/property/mouthLocation,http://dbpedia.org/ontology/mouthPlace,0,0,0,1
http://dbpedia.org/property/material,http://dbpedia.org/ontology/material,0,0,0,1
http://dbpedia.org/property/tributaryRight,http://dbpedia.org/ontology/rightTributary,0,0,0,1
http://dbpedia.org/property/location,http://dbpedia.org/ontology/location,0,0,0,1
http://dbpedia.org/property/elevation,http://dbpedia.org/ontology/elevation,0,0,0,1,0.5
http://dbpedia.org/property/style,http://dbpedia.org/ontology/architecturalStyle,0,0,0,1
http://dbpedia.org/property/access,http://dbpedia.org/ontology/access,0,0,0,1
http://dbpedia.org/property/mouthElevationImperial,http://dbpedia.org/ontology/mouthElevation,0,0,0,1,0.5
http://dbpedia.org/property/depth,http://dbpedia.org/ontology/depth,0,0,0,1
http://dbpedia.org/property/populationUrban,http://dbpedia.org/ontology/populationUrban,0,0,0,1
http://dbpedia.org/property/plant8,http://dbpedia.org/ontology/plant,0,0,0,1
http://dbpedia.org/property/plant7,http://dbpedia.org/ontology/plant,0,0,0,1
http://dbpedia.org/property/plant9,http://dbpedia.org/ontology/plant,0,0,0,1
http://dbpedia.org/property/lowestRegion,http://dbpedia.org/ontology/lowestRegion,0,0,0,1
http://dbpedia.org/property/plant4,http://dbpedia.org/ontology/plant,0,0,0,1
http://dbpedia.org/property/plant3,http://dbpedia.org/ontology/plant,0,0,0,1
http://dbpedia.org/property/plant6,http://dbpedia.org/ontology/plant,0,0,0,1
http://dbpedia.org/property/plant5,http://dbpedia.org/ontology/plant,0,0,0,1
http://dbpedia.org/property/highestRegion,http://dbpedia.org/ontology/highestRegion,0,0,0,1
http://dbpedia.org/property/depthImperial,http://dbpedia.org/ontology/depth,0,0,0,1
http://dbpedia.org/property/governmentCountry,http://dbpedia.org/ontology/governmentCountry,0,0,0,1
http://dbpedia.org/property/populationDensityUrban,http://dbpedia.org/ontology/populationUrbanDensity,0,0,0,1
http://dbpedia.org/property/maximumdepth,http://dbpedia.org/ontology/maximumDepth,0,0,0,1
http://dbpedia.org/property/nickname,http://xmlns.com/foaf/0.1/nick,0,0,0,1
http://dbpedia.org/property/weight,http://dbpedia.org/ontology/weight,0,0,0,1,0.5
http://dbpedia.org/property/sourceConfluenceElevation,http://dbpedia.org/ontology/sourceConfluenceElevation,0,0,0,1,0.5
http://dbpedia.org/property/capital,http://dbpedia.org/ontology/capital,0,0,0,1
http://dbpedia.org/property/officialname,http://xmlns.com/foaf/0.1/name,0,0,0,1
http://dbpedia.org/property/governmentElevation,http://dbpedia.org/ontology/governmentElevation,0,0,0,1,0.5
http://dbpedia.org/property/period,http://dbpedia.org/ontology/geologicPeriod,0,0,0,1
http://dbpedia.org/property/postalCode,http://dbpedia.org/ontology/postalCode,0,0,0,1
http://dbpedia.org/property/geology,http://dbpedia.org/ontology/geology,0,0,0,1
http://dbpedia.org/property/length,http://dbpedia.org/ontology/length,0,0,0,1,0.5
http://dbpedia.org/property/leader,http://dbpedia.org/ontology/leader,0,0,0,1
http://dbpedia.org/property/populationDensityMetroImperial,http://dbpedia.org/ontology/populationMetroDensity,0,0,0,1
http://dbpedia.org/property/state7,http://dbpedia.org/ontology/state,0,0,0,1
http://dbpedia.org/property/state8,http://dbpedia.org/ontology/state,0,0,0,1
http://dbpedia.org/property/state5,http://dbpedia.org/ontology/state,0,0,0,1
http://dbpedia.org/property/populationDensityUrbanImperial,http://dbpedia.org/ontology/populationUrbanDensity,0,0,0,1
http://dbpedia.org/property/areaWaterImperial,http://dbpedia.org/ontology/areaWater,0,0,0,1
http://dbpedia.org/property/mouthName,http://dbpedia.org/ontology/riverMouth,0,0,0,1
http://dbpedia.org/property/state6,http://dbpedia.org/ontology/state,0,0,0,1
http://dbpedia.org/property/state3,http://dbpedia.org/ontology/state,0,0,0,1
http://dbpedia.org/property/state4,http://dbpedia.org/ontology/state,0,0,0,1
http://dbpedia.org/property/state1,http://dbpedia.org/ontology/state,0,0,0,1
http://dbpedia.org/property/tributaryLeft,http://dbpedia.org/ontology/leftTributary,0,0,0,1
http://dbpedia.org/property/district1,http://dbpedia.org/ontology/district,0,0,0,1
http://dbpedia.org/property/state2,http://dbpedia.org/ontology/state,0,0,0,1
http://dbpedia.org/property/volumeImperial,http://dbpedia.org/ontology/volume,0,0,0,1
http://dbpedia.org/property/area,http://dbpedia.org/ontology/areaTotal,0,0,0,1
http://dbpedia.org/property/prominence,http://dbpedia.org/ontology/prominence,0,0,0,1
http://dbpedia.org/property/governmentLocation,http://dbpedia.org/ontology/governmentPlace,0,0,0,1
http://dbpedia.org/property/highest,http://dbpedia.org/ontology/highestPlace,0,0,0,1
http://dbpedia.org/property/source,http://dbpedia.org/ontology/source,0,0,0,1
http://dbpedia.org/property/sourceElevation,http://dbpedia.org/ontology/sourceElevation,0,0,0,1,0.5
http://dbpedia.org/property/state,http://dbpedia.org/ontology/state,0,0,0,1
http://dbpedia.org/property/type,http://dbpedia.org/ontology/type,0,0,0,1
http://dbpedia.org/property/range,http://dbpedia.org/ontology/range,0,0,0,1
http://dbpedia.org/property/source1Country,http://dbpedia.org/ontology/sourceCountry,0,0,0,1
http://dbpedia.org/property/region,http://dbpedia.org/ontology/region,0,0,0,1
http://dbpedia.org/property/country10,http://dbpedia.org/ontology/country,0,0,0,1
http://dbpedia.org/property/country12,http://dbpedia.org/ontology/country,0,0,0,1
http://dbpedia.org/property/country11,http://dbpedia.org/ontology/country,0,0,0,1
http://dbpedia.org/property/sourceConfluenceLocation,http://dbpedia.org/ontology/sourceConfluencePlace,0,0,0,1
http://dbpedia.org/property/dischargeMin,http://dbpedia.org/ontology/minimumDischarge,0,0,0,1,0.5
http://dbpedia.org/property/dischargeAverage,http://dbpedia.org/ontology/dischargeAverage,0,0,0,1,0.5
http://dbpedia.org/property/dischargeAverageImperial,http://dbpedia.org/ontology/dischargeAverage,0,0,0,1,0.5
http://dbpedia.org/property/managementElevationImperial,http://dbpedia.org/ontology/managementElevation,0,0,0,1,0.5
http://dbpedia.org/property/animal10,http://dbpedia.org/ontology/animal,0,0,0,1
http://dbpedia.org/property/orogeny,http://dbpedia.org/ontology/orogeny,0,0,0,1
http://dbpedia.org/property/otherName1,http://dbpedia.org/ontology/synonym,0,0,0,1
http://dbpedia.org/property/sourceLocation,http://dbpedia.org/ontology/sourcePlace,0,0,0,1
http://dbpedia.org/property/weightImperial,http://dbpedia.org/ontology/weight,0,0,0,1,0.5
http://dbpedia.org/property/lowest,http://dbpedia.org/ontology/lowest,0,0,0,1
http://dbpedia.org/property/state10,http://dbpedia.org/ontology/state,0,0,0,1
http://dbpedia.org/property/state11,http://dbpedia.org/ontology/state,0,0,0,1
http://dbpedia.org/property/state12,http://dbpedia.org/ontology/state,0,0,0,1
http://dbpedia.org/property/owner,http://dbpedia.org/ontology/owningOrganisation,0,0,0,1
http://dbpedia.org/property/state13,http://dbpedia.org/ontology/state,0,0,0,1
http://dbpedia.org/property/sourceRegion,http://dbpedia.org/ontology/sourceRegion,0,0,0,1
http://dbpedia.org/property/state14,http://dbpedia.org/ontology/state,0,0,0,1
http://dbpedia.org/property/state15,http://dbpedia.org/ontology/state,0,0,0,1
http://dbpedia.org/property/watershed,http://dbpedia.org/ontology/watershed,0,0,0,1,0.5
http://dbpedia.org/property/building,http://dbpedia.org/ontology/building,0,0,0,1
http://dbpedia.org/property/city10,http://dbpedia.org/ontology/city,0,0,0,1
http://dbpedia.org/property/city11,http://dbpedia.org/ontology/city,0,0,0,1
http://dbpedia.org/property/city12,http://dbpedia.org/ontology/city,0,0,0,1
http://dbpedia.org/property/city13,http://dbpedia.org/ontology/city,0,0,0,1
http://dbpedia.org/property/city14,http://dbpedia.org/ontology/city,0,0,0,1
http://dbpedia.org/property/city15,http://dbpedia.org/ontology/city,0,0,0,1
http://dbpedia.org/property/highestState,http://dbpedia.org/ontology/highestState,0,0,0,1
http://dbpedia.org/property/widthImperial,http://dbpedia.org/ontology/width,0,0,0,1,0.5
http://dbpedia.org/property/sourceConfluenceState,http://dbpedia.org/ontology/sourceConfluenceState,0,0,0,1
http://dbpedia.org/property/plant10,http://dbpedia.org/ontology/plant,0,0,0,1
http://dbpedia.org/property/country7,http://dbpedia.org/ontology/country,0,0,0,1
http://dbpedia.org/property/country6,http://dbpedia.org/ontology/country,0,0,0,1
http://dbpedia.org/property/country9,http://dbpedia.org/ontology/country,0,0,0,1
http://dbpedia.org/property/country8,http://dbpedia.org/ontology/country,0,0,0,1
http://dbpedia.org/property/country3,http://dbpedia.org/ontology/country,0,0,0,1
http://dbpedia.org/property/country2,http://dbpedia.org/ontology/country,0,0,0,1
http://dbpedia.org/property/border,http://dbpedia.org/ontology/border,0,0,0,1
http://dbpedia.org/property/country5,http://dbpedia.org/ontology/country,0,0,0,1
http://dbpedia.org/property/country4,http://dbpedia.org/ontology/country,0,0,0,1
http://dbpedia.org/property/ascent,http://dbpedia.org/ontology/ascent,0,0,0,1
http://dbpedia.org/property/country1,http://dbpedia.org/ontology/country,0,0,0,1
http://dbpedia.org/property/highestLocation,http://dbpedia.org/ontology/highestPlace,0,0,0,1
http://dbpedia.org/property/source1Elevation,http://dbpedia.org/ontology/sourceElevation,0,0,0,1,0.5
http://dbpedia.org/property/maximumelevation,http://dbpedia.org/ontology/maximumElevation,0,0,0,1,0.5
http://dbpedia.org/property/width,http://dbpedia.org/ontology/width,0,0,0,1,0.5
http://dbpedia.org/property/areaImperial,http://dbpedia.org/ontology/areaTotal,0,0,0,1
http://dbpedia.org/property/governmentElevationImperial,http://dbpedia.org/ontology/governmentElevation,0,0,0,1,0.5
http://dbpedia.org/property/tributaryRight1,http://dbpedia.org/ontology/rightTributary,0,0,0,1
http://dbpedia.org/property/tributaryRight8,http://dbpedia.org/ontology/rightTributary,0,0,0,1
http://dbpedia.org/property/tributaryRight9,http://dbpedia.org/ontology/rightTributary,0,0,0,1
http://dbpedia.org/property/animal9,http://dbpedia.org/ontology/animal,0,0,0,1
http://dbpedia.org/property/tributaryRight6,http://dbpedia.org/ontology/rightTributary,0,0,0,1
http://dbpedia.org/property/managementBody,http://dbpedia.org/ontology/management,0,0,0,1
http://dbpedia.org/property/animal8,http://dbpedia.org/ontology/animal,0,0,0,1
http://dbpedia.org/property/tributaryRight7,http://dbpedia.org/ontology/rightTributary,0,0,0,1
http://dbpedia.org/property/animal7,http://dbpedia.org/ontology/animal,0,0,0,1
http://dbpedia.org/property/tributaryRight4,http://dbpedia.org/ontology/rightTributary,0,0,0,1
http://dbpedia.org/property/animal6,http://dbpedia.org/ontology/animal,0,0,0,1
http://dbpedia.org/property/tributaryRight5,http://dbpedia.org/ontology/rightTributary,0,0,0,1
http://dbpedia.org/property/animal5,http://dbpedia.org/ontology/animal,0,0,0,1
http://dbpedia.org/property/tributaryRight2,http://dbpedia.org/ontology/rightTributary,0,0,0,1
http://dbpedia.org/property/managementElevation,http://dbpedia.org/ontology/managementElevation,0,0,0,1,0.5
http://dbpedia.org/property/sourceCountry,http://dbpedia.org/ontology/sourceCountry,0,0,0,1
http://dbpedia.org/property/animal4,http://dbpedia.org/ontology/animal,0,0,0,1
http://dbpedia.org/property/tributaryRight3,http://dbpedia.org/ontology/rightTributary,0,0,0,1
http://dbpedia.org/property/areaUrban,http://dbpedia.org/ontology/areaUrban,0,0,0,1
http://dbpedia.org/property/nearestcity,http://dbpedia.org/ontology/nearestCity,0,0,0,1
http://dbpedia.org/property/governmentRegion,http://dbpedia.org/ontology/governmentRegion,0,0,0,1
http://dbpedia.org/property/height,http://dbpedia.org/ontology/height,0,0,0,1
http://dbpedia.org/property/city,http://dbpedia.org/ontology/city,0,0,0,1
http://dbpedia.org/property/population,http://dbpedia.org/ontology/populationTotal,0,0,0,1
http://dbpedia.org/property/government,http://dbpedia.org/ontology/government,0,0,0,1
http://dbpedia.org/property/lowestElevation,http://dbpedia.org/ontology/minimumElevation,0,0,0,1,0.5
http://dbpedia.org/property/areaMetro,http://dbpedia.org/ontology/areaMetro,0,0,0,1
http://dbpedia.org/property/biome,http://dbpedia.org/ontology/biome,0,0,0,1
http://dbpedia.org/property/capitalCountry,http://dbpedia.org/ontology/capitalCountry,0,0,0,1
http://dbpedia.org/property/visitation,http://dbpedia.org/ontology/visitorsPerYear,0,0,0,1
http://dbpedia.org/property/tributaryLeft10,http://dbpedia.org/ontology/leftTributary,0,0,0,1
http://dbpedia.org/property/tributaryLeft11,http://dbpedia.org/ontology/leftTributary,0,0,0,1
http://dbpedia.org/property/tributaryLeft12,http://dbpedia.org/ontology/leftTributary,0,0,0,1
http://dbpedia.org/property/tributaryLeft13,http://dbpedia.org/ontology/leftTributary,0,0,0,1
http://dbpedia.org/property/capitalElevation,http://dbpedia.org/ontology/capitalElevation,0,0,0,1,0.5
http://dbpedia.org/property/tributaryLeft14,http://dbpedia.org/ontology/leftTributary,0,0,0,1
http://dbpedia.org/property/populationDensity,http://dbpedia.org/ontology/populationDensity,0,0,0,1
http://dbpedia.org/property/source1ElevationImperial,http://dbpedia.org/ontology/sourceConfluenceElevation,0,0,0,1,0.5
http://dbpedia.org/property/tributaryLeft15,http://dbpedia.org/ontology/leftTributary,0,0,0,1
http://dbpedia.org/property/lowestState,http://dbpedia.org/ontology/lowestState,0,0,0,1
http://dbpedia.org/property/source1Region,http://dbpedia.org/ontology/sourceRegion,0,0,0,1
http://dbpedia.org/property/sourceElevationImperial,http://dbpedia.org/ontology/sourceElevation,0,0,0,1,0.5
http://dbpedia.org/property/populationDensityImperial,http://dbpedia.org/ontology/populationDensity,0,0,0,1
http://dbpedia.org/property/lengthImperial,http://dbpedia.org/ontology/length,0,0,0,1,0.5
http://dbpedia.org/property/discharge,http://dbpedia.org/ontology/discharge,0,0,0,1,0.5
http://dbpedia.org/property/childLeft,http://dbpedia.org/ontology/leftChild,0,0,0,1
http://dbpedia.org/property/source1,http://dbpedia.org/ontology/source,0,0,0,1
http://dbpedia.org/property/tributaryLeft9,http://dbpedia.org/ontology/leftTributary,0,0,0,1
http://dbpedia.org/property/tributaryLeft8,http://dbpedia.org/ontology/leftTributary,0,0,0,1
http://dbpedia.org/property/tributaryLeft7,http://dbpedia.org/ontology/leftTributary,0,0,0,1
http://dbpedia.org/property/tributaryLeft6,http://dbpedia.org/ontology/leftTributary,0,0,0,1
http://dbpedia.org/property/tributaryLeft5,http://dbpedia.org/ontology/leftTributary,0,0,0,1
http://dbpedia.org/property/tributaryLeft4,http://dbpedia.org/ontology/leftTributary,0,0,0,1
http://dbpedia.org/property/tributaryLeft3,http://dbpedia.org/ontology/leftTributary,0,0,0,1
http://dbpedia.org/property/tributaryLeft2,http://dbpedia.org/ontology/leftTributary,0,0,0,1
http://dbpedia.org/property/tributaryLeft1,http://dbpedia.org/ontology/leftTributary,0,0,0,1
http://dbpedia.org/property/highestElevationImperial,http://dbpedia.org/ontology/maximumElevation,0,0,0,1,0.5
http://dbpedia.org/property/mayor,http://dbpedia.org/ontology/mayor,0,0,0,1
http://dbpedia.org/property/dischargeImperial,http://dbpedia.org/ontology/discharge,0,0,0,1,0.5
http://dbpedia.org/property/areaWaterPercentage,http://dbpedia.org/ontology/percentageOfAreaWater,0,0,0,1
http://dbpedia.org/property/areawaterpercentage,http://dbpedia.org/ontology/percentageOfAreaWater,0,0,0,1
http://dbpedia.org/property/website,http://xmlns.com/foaf/0.1/homepage,0,0,0,1
http://dbpedia.org/property/country,http://dbpedia.org/ontology/country,0,0,0,1
http://dbpedia.org/property/capitalRegion,http://dbpedia.org/ontology/capitalRegion,0,0,0,1
http://dbpedia.org/property/country14,http://dbpedia.org/ontology/country,0,0,0,1
http://dbpedia.org/property/country13,http://dbpedia.org/ontology/country,0,0,0,1
http://dbpedia.org/property/areaCode,http://dbpedia.org/ontology/areaCode,0,0,0,1
http://dbpedia.org/property/country15,http://dbpedia.org/ontology/country,0,0,0,1
http://dbpedia.org/property/areaLand,http://dbpedia.org/ontology/areaLand,0,0,0,1
http://dbpedia.org/property/animal,http://dbpedia.org/ontology/animal,0,0,0,1
http://dbpedia.org/property/areaMetroImperial,http://dbpedia.org/ontology/areaMetro,0,0,0,1
http://dbpedia.org/property/populationMetro,http://dbpedia.org/ontology/populationMetro,0,0,0,1
http://dbpedia.org/property/watershedImperial,http://dbpedia.org/ontology/watershed,0,0,0,1,0.5
http://dbpedia.org/property/childRight,http://dbpedia.org/ontology/rightChild,0,0,0,1
http://dbpedia.org/property/dischargeMax,http://dbpedia.org/ontology/maximumDischarge,0,0,0,1,0.5
http://dbpedia.org/property/populationAsOf,http://dbpedia.org/ontology/populationAsOf,0,0,0,1
http://dbpedia.org/property/river,http://dbpedia.org/ontology/river,0,0,0,1
http://dbpedia.org/property/dischargeMinImperial,http://dbpedia.org/ontology/minimumDischarge,0,0,0,1,0.5
http://dbpedia.org/property/city5,http://dbpedia.org/ontology/city,0,0,0,1
http://dbpedia.org/property/city6,http://dbpedia.org/ontology/city,0,0,0,1
http://dbpedia.org/property/areaWater,http://dbpedia.org/ontology/areaWater,0,0,0,1
http://dbpedia.org/property/city3,http://dbpedia.org/ontology/city,0,0,0,1
http://dbpedia.org/property/city4,http://dbpedia.org/ontology/city,0,0,0,1
http://dbpedia.org/property/city9,http://dbpedia.org/ontology/city,0,0,0,1
http://dbpedia.org/property/city7,http://dbpedia.org/ontology/city,0,0,0,1
http://dbpedia.org/property/lowestLocation,http://dbpedia.org/ontology/lowestPlace,0,0,0,1
http://dbpedia.org/property/city8,http://dbpedia.org/ontology/city,0,0,0,1
http://dbpedia.org/property/biome1,http://dbpedia.org/ontology/biome,0,0,0,1
http://dbpedia.org/property/dischargeMaxImperial,http://dbpedia.org/ontology/maximumDischarge,0,0,0,1,0.5
http://dbpedia.org/property/sourceConfluenceRegion,http://dbpedia.org/ontology/sourceConfluenceRegion,0,0,0,1
http://dbpedia.org/property/city2,http://dbpedia.org/ontology/city,0,0,0,1
http://dbpedia.org/property/city1,http://dbpedia.org/ontology/city,0,0,0,1
http://dbpedia.org/property/public,http://dbpedia.org/ontology/publiclyAccessible,0,0,0,1
http://dbpedia.org/property/source1Location,http://dbpedia.org/ontology/sourcePlace,0,0,0,1
http://dbpedia.org/property/areaUrbanImperial,http://dbpedia.org/ontology/areaUrban,0,0,0,1
http://dbpedia.org/property/sourceName,http://dbpedia.org/ontology/source,0,0,0,1
http://dbpedia.org/property/part,http://dbpedia.org/ontology/part,0,0,0,1
http://dbpedia.org/property/timezone,http://dbpedia.org/ontology/timeZone,0,0,0,1
http://dbpedia.org/property/populationDensityMetro,http://dbpedia.org/ontology/populationMetroDensity,0,0,0,1
http://dbpedia.org/property/tributaryRight13,http://dbpedia.org/ontology/rightTributary,0,0,0,1
http://dbpedia.org/property/areaLandImperial,http://dbpedia.org/ontology/areaLand,0,0,0,1
http://dbpedia.org/property/tributaryRight14,http://dbpedia.org/ontology/rightTributary,0,0,0,1
http://dbpedia.org/property/tributaryRight15,http://dbpedia.org/ontology/rightTributary,0,0,0,1
http://dbpedia.org/property/areatotal,http://dbpedia.org/ontology/areaTotal,0,0,0,1
http://dbpedia.org/property/sourceConfluenceElevationImperial,http://dbpedia.org/ontology/sourceElevation,0,0,0,1,0.5
http://dbpedia.org/property/tributaryRight10,http://dbpedia.org/ontology/rightTributary,0,0,0,1
http://dbpedia.org/property/tributaryRight11,http://dbpedia.org/ontology/rightTributary,0,0,0,1
http://dbpedia.org/property/tributaryRight12,http://dbpedia.org/ontology/rightTributary,0,0,0,1
http://dbpedia.org/property/minimumelevation,http://dbpedia.org/ontology/minimumElevation,0,0,0,1,0.5
http://dbpedia.org/property/region1,http://dbpedia.org/ontology/region,0,0,0,1
http://dbpedia.org/property/mouthRegion,http://dbpedia.org/ontology/mouthRegion,0,0,0,1
http://dbpedia.org/property/volume,http://dbpedia.org/ontology/volume,0,0,0,1
http://dbpedia.org/property/areawater,http://dbpedia.org/ontology/areaWater,0,0,0,1
http://dbpedia.org/property/otherName,http://dbpedia.org/ontology/synonym,0,0,0,1
http://dbpedia.org/property/highestElevation,http://dbpedia.org/ontology/maximumElevation,0,0,0,1,0.5
http://dbpedia.org/property/established2,http://dbpedia.org/ontology/foundingDate,0,0,0,1
http://dbpedia.org/property/established1,http://dbpedia.org/ontology/foundingDate,0,0,0,1
http://dbpedia.org/property/district,http://dbpedia.org/ontology/district,0,0,0,1
http://dbpedia.org/property/capitalLocation,http://dbpedia.org/ontology/capitalPlace,0,0,0,1
http://dbpedia.org/property/name,http://xmlns.com/foaf/0.1/name,0,0,0,1
http://dbpedia.org/property/motto,http://dbpedia.org/ontology/motto,0,0,0,1
http://dbpedia.org/property/animal1,http://dbpedia.org/ontology/animal,0,0,0,1
http://dbpedia.org/property/animal3,http://dbpedia.org/ontology/animal,0,0,0,1
http://dbpedia.org/property/municipality,http://dbpedia.org/ontology/municipality,0,0,0,1
http://dbpedia.org/property/managementLocation,http://dbpedia.org/ontology/managementPlace,0,0,0,1
http://dbpedia.org/property/animal2,http://dbpedia.org/ontology/animal,0,0,0,1
http://dbpedia.org/property/timezoneDst,http://dbpedia.org/ontology/daylightSavingTimeZone,0,0,0,1
http://dbpedia.org/property/lowestElevationImperial,http://dbpedia.org/ontology/minimumElevation,0,0,0,1,0.5
http://dbpedia.org/property/established,http://dbpedia.org/ontology/foundingDate,0,0,0,1
http://dbpedia.org/property/arealand,http://dbpedia.org/ontology/areaLand,0,0,0,1
http://dbpedia.org/property/geology6,http://dbpedia.org/ontology/geology,0,0,0,1
http://dbpedia.org/property/plant,http://dbpedia.org/ontology/plant,0,0,0,1
http://dbpedia.org/property/capitalElevationImperial,http://dbpedia.org/ontology/capitalElevation,0,0,0,1,0.5
http://dbpedia.org/property/elevationImperial,http://dbpedia.org/ontology/elevation,0,0,0,1,0.5
http://dbpedia.org/property/mouth,http://dbpedia.org/ontology/riverMouth,0,0,0,1
http://dbpedia.org/property/category,http://dbpedia.org/ontology/type,0,0,0,1
http://dbpedia.org/property/sourceConfluence,http://dbpedia.org/ontology/sourceConfluence,0,0,0,1
http://dbpedia.org/property/mouthCountry,http://dbpedia.org/ontology/mouthCountry,0,0,0,1
http://dbpedia.org/property/geology1,http://dbpedia.org/ontology/geology,0,0,0,1
http://dbpedia.org/property/geology2,http://dbpedia.org/ontology/geology,0,0,0,1
http://dbpedia.org/property/geology3,http://dbpedia.org/ontology/geology,0,0,0,1
http://dbpedia.org/property/state9,http://dbpedia.org/ontology/state,0,0,0,1
http://dbpedia.org/property/geology4,http://dbpedia.org/ontology/geology,0,0,0,1
http://dbpedia.org/property/geology5,http://dbpedia.org/ontology/geology,0,0,0,1
