r1,r2,cov,conf,score
http://dbpedia.org/property/absMagnitude,http://dbpedia.org/ontology/absoluteMagnitude,0,0,0,1
http://dbpedia.org/property/periapsis,http://dbpedia.org/ontology/periapsis,0,0,0,1,0.5
http://dbpedia.org/property/discovered,http://dbpedia.org/ontology/discovered,0,0,0,1
http://dbpedia.org/property/volume,http://dbpedia.org/ontology/volume,0,0,0,1
http://dbpedia.org/property/albedo,http://dbpedia.org/ontology/albedo,0,0,0,1
http://dbpedia.org/property/density,http://dbpedia.org/ontology/density,0,0,0,1
http://dbpedia.org/property/surfaceArea,http://dbpedia.org/ontology/surfaceArea,0,0,0,1
http://dbpedia.org/property/minTemp1,http://dbpedia.org/ontology/minimumTemperature,0,0,0,1
http://dbpedia.org/property/apoapsis,http://dbpedia.org/ontology/apoapsis,0,0,0,1,0.5
http://dbpedia.org/property/minTemp2,http://dbpedia.org/ontology/minimumTemperature,0,0,0,1
http://dbpedia.org/property/discoverer,http://dbpedia.org/ontology/discoverer,0,0,0,1
http://dbpedia.org/property/discoveryMethod,http://dbpedia.org/ontology/detectionMethod,0,0,0,1
http://dbpedia.org/property/epoch,http://dbpedia.org/ontology/epoch,0,0,0,1
http://dbpedia.org/property/perihelion,http://dbpedia.org/ontology/periapsis,0,0,0,1,0.5
http://dbpedia.org/property/escapeVelocity,http://dbpedia.org/ontology/escapeVelocity,0,0,0,1
http://dbpedia.org/property/periastron,http://dbpedia.org/ontology/periapsis,0,0,0,1,0.5
http://dbpedia.org/property/name,http://xmlns.com/foaf/0.1/name,0,0,0,1
http://dbpedia.org/property/period,http://dbpedia.org/ontology/orbitalPeriod,0,0,0,1
http://dbpedia.org/property/meanRadius,http://dbpedia.org/ontology/meanRadius,0,0,0,1
http://dbpedia.org/property/avgSpeed,http://dbpedia.org/ontology/averageSpeed,0,0,0,1
http://dbpedia.org/property/aphelion,http://dbpedia.org/ontology/apoapsis,0,0,0,1,0.5
http://dbpedia.org/property/meanTemp1,http://dbpedia.org/ontology/meanTemperature,0,0,0,1
http://dbpedia.org/property/meanTemp2,http://dbpedia.org/ontology/meanTemperature,0,0,0,1
http://dbpedia.org/property/singleTemperature,http://dbpedia.org/ontology/temperature,0,0,0,1
http://dbpedia.org/property/rotation,http://dbpedia.org/ontology/rotationPeriod,0,0,0,1
http://dbpedia.org/property/temperatures,http://dbpedia.org/ontology/temperature,0,0,0,1
http://dbpedia.org/property/discoverySite,http://xmlns.com/foaf/0.1/homepage,0,0,0,1
http://dbpedia.org/property/altNames,http://dbpedia.org/ontology/formerName,0,0,0,1
http://dbpedia.org/property/magnitude,http://dbpedia.org/ontology/apparentMagnitude,0,0,0,1
http://dbpedia.org/property/maxTemp2,http://dbpedia.org/ontology/maximumTemperature,0,0,0,1
http://dbpedia.org/property/mass,http://dbpedia.org/ontology/mass,0,0,0,1
http://dbpedia.org/property/apoastron,http://dbpedia.org/ontology/apoapsis,0,0,0,1,0.5
http://dbpedia.org/property/maxTemp1,http://dbpedia.org/ontology/maximumTemperature,0,0,0,1
