r1,r2,cov,conf,score
http://dbpedia.org/property/name,http://xmlns.com/foaf/0.1/name,0,0,0,1
http://dbpedia.org/property/chorus,http://dbpedia.org/ontology/chorusCharacterInPlay,0,0,0,1
http://dbpedia.org/property/subject,http://dbpedia.org/ontology/subjectOfPlay,0,0,0,1
http://dbpedia.org/property/premiere,http://dbpedia.org/ontology/premiereYear,0,0,0,1
http://dbpedia.org/property/ibdbId,http://dbpedia.org/ontology/ibdbId,0,0,0,1
http://dbpedia.org/property/mute,http://dbpedia.org/ontology/muteCharacterInPlay,0,0,0,1
http://dbpedia.org/property/writer,http://dbpedia.org/ontology/author,0,0,0,1
http://dbpedia.org/property/place,http://dbpedia.org/ontology/premierePlace,0,0,0,1
http://dbpedia.org/property/setting,http://dbpedia.org/ontology/settingOfPlay,0,0,0,1
http://dbpedia.org/property/image,http://dbpedia.org/ontology/picture,0,0,0,1
http://dbpedia.org/property/iobdbId,http://dbpedia.org/ontology/iobdbId,0,0,0,1
http://dbpedia.org/property/genre,http://dbpedia.org/ontology/genre,0,0,0,1
http://dbpedia.org/property/web,http://xmlns.com/foaf/0.1/page,0,0,0,1
http://dbpedia.org/property/origLang,http://dbpedia.org/ontology/originalLanguage,0,0,0,1
http://dbpedia.org/property/series,http://dbpedia.org/ontology/series,0,0,0,1
http://dbpedia.org/property/characters,http://dbpedia.org/ontology/characterInPlay,0,0,0,1
