r1,r2,cov,conf,score
http://dbpedia.org/property/headquarters,http://dbpedia.org/ontology/headquarter,0,0,0,1
http://dbpedia.org/property/merged,http://dbpedia.org/ontology/mergedIntoParty,0,0,0,1
http://dbpedia.org/property/european,http://dbpedia.org/ontology/europeanAffiliation,0,0,0,1
http://dbpedia.org/property/split,http://dbpedia.org/ontology/splitFromParty,0,0,0,1
http://dbpedia.org/property/logo,http://xmlns.com/foaf/0.1/logo,0,0,0,1
http://dbpedia.org/property/dissolved,http://dbpedia.org/ontology/extinctionYear,0,0,0,1
http://dbpedia.org/property/president,http://dbpedia.org/ontology/president,0,0,0,1
http://dbpedia.org/property/nativeName,http://xmlns.com/foaf/0.1/name,0,0,0,1
http://dbpedia.org/property/international,http://dbpedia.org/ontology/internationalAffiliation,0,0,0,1
http://dbpedia.org/property/national,http://dbpedia.org/ontology/nationalAffiliation,0,0,0,1
http://dbpedia.org/property/colours,http://dbpedia.org/ontology/colour,0,0,0,1
http://dbpedia.org/property/affiliation1,http://dbpedia.org/ontology/affiliation,0,0,0,1
http://dbpedia.org/property/religion,http://dbpedia.org/ontology/religion,0,0,0,1
http://dbpedia.org/property/colors,http://dbpedia.org/ontology/colour,0,0,0,1
http://dbpedia.org/property/europarl,http://dbpedia.org/ontology/europeanParliamentGroup,0,0,0,1
http://dbpedia.org/property/spokesperson,http://dbpedia.org/ontology/spokesperson,0,0,0,1
http://dbpedia.org/property/chairperson,http://dbpedia.org/ontology/chairperson,0,0,0,1
http://dbpedia.org/property/secretaryGeneral,http://dbpedia.org/ontology/secretaryGeneral,0,0,0,1
http://dbpedia.org/property/name,http://xmlns.com/foaf/0.1/name,0,0,0,1
http://dbpedia.org/property/dissolution,http://dbpedia.org/ontology/extinctionYear,0,0,0,1
http://dbpedia.org/property/leader,http://dbpedia.org/ontology/leader,0,0,0,1
http://dbpedia.org/property/youthWing,http://dbpedia.org/ontology/youthWing,0,0,0,1
http://dbpedia.org/property/founded,http://dbpedia.org/ontology/formationYear,0,0,0,1
http://dbpedia.org/property/ideology,http://dbpedia.org/ontology/ideology,0,0,0,1
http://dbpedia.org/property/website,http://xmlns.com/foaf/0.1/homepage,0,0,0,1
http://dbpedia.org/property/country,http://dbpedia.org/ontology/country,0,0,0,1
http://dbpedia.org/property/foundation,http://dbpedia.org/ontology/formationYear,0,0,0,1
