r1,r2,cov,conf,score
http://dbpedia.org/property/name,http://xmlns.com/foaf/0.1/name,0,0,0,1
http://dbpedia.org/property/tertiaryFuel,http://dbpedia.org/ontology/fuel,0,0,0,1
http://dbpedia.org/property/constructionBegan,http://dbpedia.org/ontology/buildingStartDate,0,0,0,1
http://dbpedia.org/property/country,http://dbpedia.org/ontology/country,0,0,0,1
http://dbpedia.org/property/installedCapacity,http://dbpedia.org/ontology/powerOutput,0,0,0,1
http://dbpedia.org/property/status,http://dbpedia.org/ontology/status,0,0,0,1
http://dbpedia.org/property/owner,http://dbpedia.org/ontology/owner,0,0,0,1
http://dbpedia.org/property/decommissioned,http://dbpedia.org/ontology/commissioningDate,0,0,0,1
http://dbpedia.org/property/operator,http://dbpedia.org/ontology/operator,0,0,0,1
http://dbpedia.org/property/secondaryFuel,http://dbpedia.org/ontology/fuel,0,0,0,1
http://dbpedia.org/property/primaryFuel,http://dbpedia.org/ontology/fuel,0,0,0,1
http://dbpedia.org/property/commissioned,http://dbpedia.org/ontology/commissioningDate,0,0,0,1
