r1,r2,cov,conf,score
http://dbpedia.org/property/name,http://xmlns.com/foaf/0.1/name,0,0,0,1
http://dbpedia.org/property/website,http://xmlns.com/foaf/0.1/page,0,0,0,1
http://dbpedia.org/property/license,http://dbpedia.org/ontology/license,0,0,0,1
http://dbpedia.org/property/latestReleaseVersion,http://dbpedia.org/ontology/latestReleaseVersion,0,0,0,1
http://dbpedia.org/property/latestReleaseDate,http://dbpedia.org/ontology/latestReleaseDate,0,0,0,1
http://dbpedia.org/property/developer,http://dbpedia.org/ontology/developer,0,0,0,1
http://dbpedia.org/property/influencedBy,http://dbpedia.org/ontology/influencedBy,0,0,0,1
http://dbpedia.org/property/influenced,http://dbpedia.org/ontology/influenced,0,0,0,1
http://dbpedia.org/property/released,http://dbpedia.org/ontology/releaseDate,0,0,0,1
http://dbpedia.org/property/designer,http://dbpedia.org/ontology/designer,0,0,0,1
