r1,r2,cov,conf,score
http://dbpedia.org/property/name,http://xmlns.com/foaf/0.1/name,0,0,0,1
http://dbpedia.org/property/iucnCategory,http://dbpedia.org/ontology/iucnCategory,0,0,0,1
http://dbpedia.org/property/nearestTownOrCity,http://dbpedia.org/ontology/nearestCity,0,0,0,1
http://dbpedia.org/property/nearestCity,http://dbpedia.org/ontology/nearestCity,0,0,0,1
http://dbpedia.org/property/location,http://dbpedia.org/ontology/location,0,0,0,1
http://dbpedia.org/property/visitationNum,http://dbpedia.org/ontology/numberOfVisitors,0,0,0,1
http://dbpedia.org/property/nativeName,http://xmlns.com/foaf/0.1/name,0,0,0,1
http://dbpedia.org/property/area,http://dbpedia.org/ontology/areaTotal,0,0,0,1
http://dbpedia.org/property/officialSite,http://xmlns.com/foaf/0.1/homepage,0,0,0,1
