r1,r2,cov,conf,score
http://dbpedia.org/property/name,http://xmlns.com/foaf/0.1/name,0,0,0,1
http://dbpedia.org/property/entrezgene,http://dbpedia.org/ontology/entrezgene,0,0,0,1
http://dbpedia.org/property/geneid,http://dbpedia.org/ontology/entrezgene,0,0,0,1
http://dbpedia.org/property/arm,http://dbpedia.org/ontology/arm,0,0,0,1
http://dbpedia.org/property/hgncid,http://dbpedia.org/ontology/hgncid,0,0,0,1
http://dbpedia.org/property/omim,http://dbpedia.org/ontology/omim,0,0,0,1
http://dbpedia.org/property/casSupplemental,http://dbpedia.org/ontology/casSupplemental,0,0,0,1
http://dbpedia.org/property/ecnumber,http://dbpedia.org/ontology/ecNumber,0,0,0,1
http://dbpedia.org/property/locussupplementarydata,http://dbpedia.org/ontology/locusSupplementaryData,0,0,0,1
http://dbpedia.org/property/pdb,http://dbpedia.org/ontology/pdb,0,0,0,1
http://dbpedia.org/property/casNumber,http://dbpedia.org/ontology/casNumber,0,0,0,1
http://dbpedia.org/property/drugbank,http://dbpedia.org/ontology/drugbank,0,0,0,1
http://dbpedia.org/property/atcPrefix,http://dbpedia.org/ontology/atcPrefix,0,0,0,1
http://dbpedia.org/property/atcSupplemental,http://dbpedia.org/ontology/atcSupplemental,0,0,0,1
http://dbpedia.org/property/atcSuffix,http://dbpedia.org/ontology/atcSuffix,0,0,0,1
http://dbpedia.org/property/chromosome,http://dbpedia.org/ontology/chromosome,0,0,0,1
http://dbpedia.org/property/uniprot,http://dbpedia.org/ontology/uniprot,0,0,0,1
http://dbpedia.org/property/symbol,http://dbpedia.org/ontology/symbol,0,0,0,1
http://dbpedia.org/property/refseq,http://dbpedia.org/ontology/refseq,0,0,0,1
http://dbpedia.org/property/altsymbols,http://dbpedia.org/ontology/symbol,0,0,0,1
http://dbpedia.org/property/width,http://dbpedia.org/ontology/width,0,0,0,1
http://dbpedia.org/property/band,http://dbpedia.org/ontology/band,0,0,0,1
