r1,r2,cov,conf,score
http://dbpedia.org/property/shareSource,http://dbpedia.org/ontology/shareSource,0,0,0,1
http://dbpedia.org/property/formerCallsigns,http://dbpedia.org/ontology/formerCallsign,0,0,0,1
http://dbpedia.org/property/owner,http://dbpedia.org/ontology/owner,0,0,0,1
http://dbpedia.org/property/language,http://dbpedia.org/ontology/language,0,0,0,1
http://dbpedia.org/property/airdate,http://dbpedia.org/ontology/firstAirDate,0,0,0,1
http://dbpedia.org/property/callsignMeaning,http://dbpedia.org/ontology/callsignMeaning,0,0,0,1
http://dbpedia.org/property/translator,http://dbpedia.org/ontology/broadcastTranslator,0,0,0,1
http://dbpedia.org/property/format,http://dbpedia.org/ontology/programmeFormat,0,0,0,1
http://dbpedia.org/property/class,http://dbpedia.org/ontology/broadcastStationClass,0,0,0,1
http://dbpedia.org/property/facilityId,http://dbpedia.org/ontology/facilityId,0,0,0,1
http://dbpedia.org/property/affiliations,http://dbpedia.org/ontology/broadcastNetwork,0,0,0,1
http://dbpedia.org/property/branding,http://dbpedia.org/ontology/alias,0,0,0,1
http://dbpedia.org/property/sisterStations,http://dbpedia.org/ontology/sisterStation,0,0,0,1
http://dbpedia.org/property/erp,http://dbpedia.org/ontology/effectiveRadiatedPower,0,0,0,1
http://dbpedia.org/property/haat,http://dbpedia.org/ontology/heightAboveAverageTerrain,0,0,0,1
http://dbpedia.org/property/repeater,http://dbpedia.org/ontology/broadcastRepeater,0,0,0,1
http://dbpedia.org/property/frequency,http://dbpedia.org/ontology/frequency,0,0,0,1
http://dbpedia.org/property/webcast,http://dbpedia.org/ontology/webcast,0,0,0,1
http://dbpedia.org/property/name,http://xmlns.com/foaf/0.1/name,0,0,0,1
http://dbpedia.org/property/share,http://dbpedia.org/ontology/shareOfAudience,0,0,0,1
http://dbpedia.org/property/city,http://dbpedia.org/ontology/city,0,0,0,1
http://dbpedia.org/property/image,http://xmlns.com/foaf/0.1/logo,0,0,0,1
http://dbpedia.org/property/website,http://xmlns.com/foaf/0.1/homepage,0,0,0,1
http://dbpedia.org/property/licensee,http://dbpedia.org/ontology/licensee,0,0,0,1
http://dbpedia.org/property/slogan,http://dbpedia.org/ontology/slogan,0,0,0,1
http://dbpedia.org/property/shareAsOf,http://dbpedia.org/ontology/shareDate,0,0,0,1
http://dbpedia.org/property/area,http://dbpedia.org/ontology/broadcastArea,0,0,0,1
