r1,r2,cov,conf,score
http://dbpedia.org/property/close,http://dbpedia.org/ontology/closingYear,0,0,0,1
http://dbpedia.org/property/linelengthKm,http://dbpedia.org/ontology/lineLength,0,0,0,1,0.5
http://dbpedia.org/property/owner,http://dbpedia.org/ontology/owner,0,0,0,1
http://dbpedia.org/property/stations,http://dbpedia.org/ontology/numberOfStations,0,0,0,1
http://dbpedia.org/property/elevationM,http://dbpedia.org/ontology/elevation,0,0,0,1,0.5
http://dbpedia.org/property/logo,http://xmlns.com/foaf/0.1/logo,0,0,0,1
http://dbpedia.org/property/locale,http://dbpedia.org/ontology/location,0,0,0,1
http://dbpedia.org/property/type,http://dbpedia.org/ontology/type,0,0,0,1
http://dbpedia.org/property/elevationFt,http://dbpedia.org/ontology/elevation,0,0,0,1,0.5
http://dbpedia.org/property/linelength,http://dbpedia.org/ontology/lineLength,0,0,0,1
http://dbpedia.org/property/tracklengthKm,http://dbpedia.org/ontology/trackLength,0,0,0,1,0.5
http://dbpedia.org/property/operator,http://dbpedia.org/ontology/operatedBy,0,0,0,1
http://dbpedia.org/property/gauge,http://dbpedia.org/ontology/railGauge,0,0,0,1
http://dbpedia.org/property/elevation,http://dbpedia.org/ontology/elevation,0,0,0,1
http://dbpedia.org/property/stock,http://dbpedia.org/ontology/railwayRollingStock,0,0,0,1
http://dbpedia.org/property/linelengthMi,http://dbpedia.org/ontology/lineLength,0,0,0,1,0.5
http://dbpedia.org/property/map,http://dbpedia.org/ontology/map,0,0,0,1
http://dbpedia.org/property/name,http://xmlns.com/foaf/0.1/name,0,0,0,1
http://dbpedia.org/property/system,http://dbpedia.org/ontology/isPartOf,0,0,0,1
http://dbpedia.org/property/open,http://dbpedia.org/ontology/openingYear,0,0,0,1
http://dbpedia.org/property/tracklengthMi,http://dbpedia.org/ontology/trackLength,0,0,0,1,0.5
http://dbpedia.org/property/end,http://dbpedia.org/ontology/routeEnd,0,0,0,1
http://dbpedia.org/property/speedMph,http://dbpedia.org/ontology/speedLimit,0,0,0,1,0.5
http://dbpedia.org/property/el,http://dbpedia.org/ontology/voltageOfElectrification,0,0,0,1
http://dbpedia.org/property/website,http://xmlns.com/foaf/0.1/homepage,0,0,0,1
http://dbpedia.org/property/ridership,http://dbpedia.org/ontology/passengersPerDay,0,0,0,1
http://dbpedia.org/property/status,http://dbpedia.org/ontology/status,0,0,0,1
http://dbpedia.org/property/start,http://dbpedia.org/ontology/routeStart,0,0,0,1
http://dbpedia.org/property/speed,http://dbpedia.org/ontology/speedLimit,0,0,0,1
http://dbpedia.org/property/speedKm/h,http://dbpedia.org/ontology/speedLimit,0,0,0,1,0.5
http://dbpedia.org/property/tracklength,http://dbpedia.org/ontology/trackLength,0,0,0,1
http://dbpedia.org/property/notrack,http://dbpedia.org/ontology/numberOfTracks,0,0,0,1
