r1,r2,cov,conf,score
http://dbpedia.org/property/distributor,http://dbpedia.org/ontology/distributingCompany,0,0,0,1
http://dbpedia.org/property/name,http://xmlns.com/foaf/0.1/name,0,0,0,1
http://dbpedia.org/property/founder,http://dbpedia.org/ontology/foundedBy,0,0,0,1
http://dbpedia.org/property/country,http://dbpedia.org/ontology/country,0,0,0,1
http://dbpedia.org/property/genre,http://dbpedia.org/ontology/genre,0,0,0,1
http://dbpedia.org/property/parent,http://dbpedia.org/ontology/parentCompany,0,0,0,1
http://dbpedia.org/property/location,http://dbpedia.org/ontology/location,0,0,0,1
http://dbpedia.org/property/url,http://xmlns.com/foaf/0.1/homepage,0,0,0,1
http://dbpedia.org/property/founded,http://dbpedia.org/ontology/foundingYear,0,0,0,1
