r1,r2,cov,conf,score
http://dbpedia.org/property/rating,http://dbpedia.org/ontology/rating,0,0,0,1
http://dbpedia.org/property/name,http://xmlns.com/foaf/0.1/name,0,0,0,1
http://dbpedia.org/property/seating-capacity,http://dbpedia.org/ontology/seatingCapacity,0,0,0,1
http://dbpedia.org/property/chef,http://dbpedia.org/ontology/chef,0,0,0,1
http://dbpedia.org/property/head-chef,http://dbpedia.org/ontology/headChef,0,0,0,1
http://dbpedia.org/property/slogan,http://dbpedia.org/ontology/slogan,0,0,0,1
http://dbpedia.org/property/current-owner,http://dbpedia.org/ontology/owner,0,0,0,1
http://dbpedia.org/property/dress-code,http://dbpedia.org/ontology/dressCode,0,0,0,1
http://dbpedia.org/property/food-type,http://dbpedia.org/ontology/cuisine,0,0,0,1
http://dbpedia.org/property/street-address,http://dbpedia.org/ontology/address,0,0,0,1
http://dbpedia.org/property/reservations,http://dbpedia.org/ontology/reservations,0,0,0,1
http://dbpedia.org/property/established,http://dbpedia.org/ontology/foundingDate,0,0,0,1
