r1,r2,cov,conf,score
http://dbpedia.org/property/watershedImperial,http://dbpedia.org/ontology/watershed,0,0,0,1,0.5
http://dbpedia.org/property/dischargeMax,http://dbpedia.org/ontology/maximumDischarge,0,0,0,1,0.5
http://dbpedia.org/property/mouthElevation,http://dbpedia.org/ontology/mouthElevation,0,0,0,1,0.5
http://dbpedia.org/property/elevationM,http://dbpedia.org/ontology/elevation,0,0,0,1,0.5
http://dbpedia.org/property/dischargeMinImperial,http://dbpedia.org/ontology/minimumDischarge,0,0,0,1,0.5
http://dbpedia.org/property/mouthState,http://dbpedia.org/ontology/mouthState,0,0,0,1
http://dbpedia.org/property/nativeName,http://xmlns.com/foaf/0.1/name,0,0,0,1
http://dbpedia.org/property/state,http://dbpedia.org/ontology/state,0,0,0,1
http://dbpedia.org/property/dischargeM3/s,http://dbpedia.org/ontology/discharge,0,0,0,1,0.5
http://dbpedia.org/property/elevationFt,http://dbpedia.org/ontology/elevation,0,0,0,1,0.5
http://dbpedia.org/property/dischargeMaxImperial,http://dbpedia.org/ontology/maximumDischarge,0,0,0,1,0.5
http://dbpedia.org/property/mouthLocation,http://dbpedia.org/ontology/mouthPlace,0,0,0,1
http://dbpedia.org/property/mouthDistrict,http://dbpedia.org/ontology/mouthDistrict,0,0,0,1
http://dbpedia.org/property/city1,http://dbpedia.org/ontology/city,0,0,0,1
http://dbpedia.org/property/region,http://dbpedia.org/ontology/region,0,0,0,1
http://dbpedia.org/property/sourceCountry,http://dbpedia.org/ontology/sourceCountry,0,0,0,1
http://dbpedia.org/property/elevation,http://dbpedia.org/ontology/elevation,0,0,0,1,0.5
http://dbpedia.org/property/watershedKm2,http://dbpedia.org/ontology/watershed,0,0,0,1,0.5
http://dbpedia.org/property/dischargeMin,http://dbpedia.org/ontology/minimumDischarge,0,0,0,1,0.5
http://dbpedia.org/property/city,http://dbpedia.org/ontology/city,0,0,0,1
http://dbpedia.org/property/origin,http://dbpedia.org/ontology/origin,0,0,0,1
http://dbpedia.org/property/lengthMi,http://dbpedia.org/ontology/length,0,0,0,1,0.5
http://dbpedia.org/property/sourceLocation,http://dbpedia.org/ontology/sourcePlace,0,0,0,1
http://dbpedia.org/property/otherName1,http://dbpedia.org/ontology/synonym,0,0,0,1
http://dbpedia.org/property/region1,http://dbpedia.org/ontology/region,0,0,0,1
http://dbpedia.org/property/mouthRegion,http://dbpedia.org/ontology/mouthRegion,0,0,0,1
http://dbpedia.org/property/sourceRegion,http://dbpedia.org/ontology/sourceRegion,0,0,0,1
http://dbpedia.org/property/mouthElevationFt,http://dbpedia.org/ontology/mouthElevation,0,0,0,1,0.5
http://dbpedia.org/property/watershed,http://dbpedia.org/ontology/watershed,0,0,0,1,0.5
http://dbpedia.org/property/otherName,http://dbpedia.org/ontology/synonym,0,0,0,1
http://dbpedia.org/property/lengthKm,http://dbpedia.org/ontology/length,0,0,0,1,0.5
http://dbpedia.org/property/watershedSqmi,http://dbpedia.org/ontology/watershed,0,0,0,1,0.5
http://dbpedia.org/property/discharge,http://dbpedia.org/ontology/discharge,0,0,0,1,0.5
http://dbpedia.org/property/dischargeCuft/s,http://dbpedia.org/ontology/discharge,0,0,0,1,0.5
http://dbpedia.org/property/sourceState,http://dbpedia.org/ontology/sourceState,0,0,0,1
http://dbpedia.org/property/district,http://dbpedia.org/ontology/district,0,0,0,1
http://dbpedia.org/property/mouthElevationM,http://dbpedia.org/ontology/mouthElevation,0,0,0,1,0.5
http://dbpedia.org/property/name,http://xmlns.com/foaf/0.1/name,0,0,0,1
http://dbpedia.org/property/dischargeImperial,http://dbpedia.org/ontology/discharge,0,0,0,1,0.5
http://dbpedia.org/property/riverName,http://xmlns.com/foaf/0.1/name,0,0,0,1
http://dbpedia.org/property/length,http://dbpedia.org/ontology/length,0,0,0,1,0.5
http://dbpedia.org/property/country1,http://dbpedia.org/ontology/country,0,0,0,1
http://dbpedia.org/property/country,http://dbpedia.org/ontology/country,0,0,0,1
http://dbpedia.org/property/sourceDistrict,http://dbpedia.org/ontology/sourceDistrict,0,0,0,1
http://dbpedia.org/property/mouth,http://dbpedia.org/ontology/riverMouth,0,0,0,1
http://dbpedia.org/property/basinCountries,http://dbpedia.org/ontology/sourceCountry,0,0,0,1
http://dbpedia.org/property/district1,http://dbpedia.org/ontology/district,0,0,0,1
http://dbpedia.org/property/state1,http://dbpedia.org/ontology/state,0,0,0,1
http://dbpedia.org/property/mouthCountry,http://dbpedia.org/ontology/mouthCountry,0,0,0,1
