r1,r2,cov,conf,score
http://dbpedia.org/property/first,http://dbpedia.org/ontology/maidenFlight,0,0,0,1
http://dbpedia.org/property/name,http://xmlns.com/foaf/0.1/name,0,0,0,1
http://dbpedia.org/property/height,http://dbpedia.org/ontology/height,0,0,0,1
http://dbpedia.org/property/last,http://dbpedia.org/ontology/finalFlight,0,0,0,1
http://dbpedia.org/property/derivatives,http://dbpedia.org/ontology/successor,0,0,0,1
http://dbpedia.org/property/comparable,http://dbpedia.org/ontology/comparable,0,0,0,1
http://dbpedia.org/property/stages,http://dbpedia.org/ontology/rocketStages,0,0,0,1
http://dbpedia.org/property/fail,http://dbpedia.org/ontology/failedLaunches,0,0,0,1
http://dbpedia.org/property/success,http://dbpedia.org/ontology/successfulLaunches,0,0,0,1
http://dbpedia.org/property/otherOutcome,http://dbpedia.org/ontology/unknownOutcomes,0,0,0,1
http://dbpedia.org/property/diameter,http://dbpedia.org/ontology/diameter,0,0,0,1
http://dbpedia.org/property/country-origin,http://dbpedia.org/ontology/countryOrigin,0,0,0,1
http://dbpedia.org/property/function,http://dbpedia.org/ontology/rocketFunction,0,0,0,1
http://dbpedia.org/property/status,http://dbpedia.org/ontology/status,0,0,0,1
http://dbpedia.org/property/manufacturer,http://dbpedia.org/ontology/manufacturer,0,0,0,1
http://dbpedia.org/property/sites,http://dbpedia.org/ontology/launchSite,0,0,0,1
http://dbpedia.org/property/launches,http://dbpedia.org/ontology/totalLaunches,0,0,0,1
http://dbpedia.org/property/leo-payload,http://dbpedia.org/ontology/lowerEarthOrbitPayload,0,0,0,1
http://dbpedia.org/property/partial,http://dbpedia.org/ontology/partialFailedLaunches,0,0,0,1
http://dbpedia.org/property/mass,http://dbpedia.org/ontology/mass,0,0,0,1
