r1,r2,cov,conf,score
http://dbpedia.org/property/name,http://xmlns.com/foaf/0.1/name,0,0,0,1
http://dbpedia.org/property/beatifiedPlace,http://dbpedia.org/ontology/beatifiedPlace,0,0,0,1
http://dbpedia.org/property/deathDate,http://dbpedia.org/ontology/deathDate,0,0,0,1
http://dbpedia.org/property/canonizedDate,http://dbpedia.org/ontology/canonizedDate,0,0,0,1
http://dbpedia.org/property/beatifiedDate,http://dbpedia.org/ontology/beatifiedDate,0,0,0,1
http://dbpedia.org/property/deathPlace,http://dbpedia.org/ontology/deathPlace,0,0,0,1
http://dbpedia.org/property/birthPlace,http://dbpedia.org/ontology/birthPlace,0,0,0,1
http://dbpedia.org/property/suppressedDate,http://dbpedia.org/ontology/suppreddedDate,0,0,0,1
http://dbpedia.org/property/birthDate,http://dbpedia.org/ontology/birthDate,0,0,0,1
http://dbpedia.org/property/feastDay,http://dbpedia.org/ontology/feastDay,0,0,0,1
http://dbpedia.org/property/beatifiedBy,http://dbpedia.org/ontology/beatifiedBy,0,0,0,1
http://dbpedia.org/property/canonizedBy,http://dbpedia.org/ontology/canonizedBy,0,0,0,1
http://dbpedia.org/property/majorShrine,http://dbpedia.org/ontology/majorShrine,0,0,0,1
http://dbpedia.org/property/veneratedIn,http://dbpedia.org/ontology/veneratedIn,0,0,0,1
http://dbpedia.org/property/titles,http://dbpedia.org/ontology/title,0,0,0,1
http://dbpedia.org/property/canonizedPlace,http://dbpedia.org/ontology/canonizedPlace,0,0,0,1
