r1,r2,cov,conf,score
http://dbpedia.org/property/areaLandKm2,http://dbpedia.org/ontology/areaLand,0,0,0,1
http://dbpedia.org/property/populationRank,http://dbpedia.org/ontology/populationTotalRanking,0,0,0,1
http://dbpedia.org/property/utcOffset,http://dbpedia.org/ontology/utcOffset,0,0,0,1
http://dbpedia.org/property/irishName,http://dbpedia.org/ontology/irishName,0,0,0,1
http://dbpedia.org/property/shireDistrict2,http://dbpedia.org/ontology/district,0,0,0,1
http://dbpedia.org/property/p19,http://dbpedia.org/ontology/part,0,0,0,1
http://dbpedia.org/property/metropolitanBorough1,http://dbpedia.org/ontology/metropolitanBorough,0,0,0,1
http://dbpedia.org/property/cornishName,http://dbpedia.org/ontology/cornishName,0,0,0,1
http://dbpedia.org/property/bundesland,http://dbpedia.org/ontology/federalState,0,0,0,1
http://dbpedia.org/property/areaWaterSqMi,http://dbpedia.org/ontology/areaWater,0,0,0,1
http://dbpedia.org/property/language,http://dbpedia.org/ontology/language,0,0,0,1
http://dbpedia.org/property/postcodeArea,http://dbpedia.org/ontology/postalCode,0,0,0,1
http://dbpedia.org/property/twin2Country,http://dbpedia.org/ontology/twinCountry,0,0,0,1
http://dbpedia.org/property/nativeName,http://xmlns.com/foaf/0.1/name,0,0,0,1
http://dbpedia.org/property/postal-codes,http://dbpedia.org/ontology/postalCode,0,0,0,1
http://dbpedia.org/property/officialLanguages,http://dbpedia.org/ontology/language,0,0,0,1
http://dbpedia.org/property/timezone2Dst,http://dbpedia.org/ontology/timeZone,0,0,0,1
http://dbpedia.org/property/postal2Code,http://dbpedia.org/ontology/postalCode,0,0,0,1
http://dbpedia.org/property/settlementType,http://dbpedia.org/ontology/type,0,0,0,1
http://dbpedia.org/property/p20,http://dbpedia.org/ontology/part,0,0,0,1
http://dbpedia.org/property/p21,http://dbpedia.org/ontology/part,0,0,0,1
http://dbpedia.org/property/demonym,http://dbpedia.org/ontology/demonym,0,0,0,1
http://dbpedia.org/property/crownDependency,http://dbpedia.org/ontology/crownDependency,0,0,0,1
http://dbpedia.org/property/populationBlank1,http://dbpedia.org/ontology/populationTotal,0,0,0,1
http://dbpedia.org/property/shireCounty,http://dbpedia.org/ontology/country,0,0,0,1
http://dbpedia.org/property/populationBlank2,http://dbpedia.org/ontology/populationTotal,0,0,0,1
http://dbpedia.org/property/charingxDistance,http://dbpedia.org/ontology/distanceToCharingCross,0,0,0,1
http://dbpedia.org/property/p26,http://dbpedia.org/ontology/part,0,0,0,1
http://dbpedia.org/property/p27,http://dbpedia.org/ontology/part,0,0,0,1
http://dbpedia.org/property/p28,http://dbpedia.org/ontology/part,0,0,0,1
http://dbpedia.org/property/p29,http://dbpedia.org/ontology/part,0,0,0,1
http://dbpedia.org/property/elevation,http://dbpedia.org/ontology/elevation,0,0,0,1
http://dbpedia.org/property/p22,http://dbpedia.org/ontology/part,0,0,0,1
http://dbpedia.org/property/p23,http://dbpedia.org/ontology/part,0,0,0,1
http://dbpedia.org/property/p24,http://dbpedia.org/ontology/part,0,0,0,1
http://dbpedia.org/property/p25,http://dbpedia.org/ontology/part,0,0,0,1
http://dbpedia.org/property/popUrban,http://dbpedia.org/ontology/populationUrban,0,0,0,1
http://dbpedia.org/property/postcodeArea1,http://dbpedia.org/ontology/postalCode,0,0,0,1
http://dbpedia.org/property/manxShedding,http://dbpedia.org/ontology/sheading,0,0,0,1
http://dbpedia.org/property/populationDensityBlank2Km2,http://dbpedia.org/ontology/populationDensity,0,0,0,1
http://dbpedia.org/property/coastline,http://dbpedia.org/ontology/coastLine,0,0,0,1
http://dbpedia.org/property/license,http://dbpedia.org/ontology/areaCode,0,0,0,1
http://dbpedia.org/property/londonBorough4,http://dbpedia.org/ontology/borough,0,0,0,1
http://dbpedia.org/property/dublinDistanceKm,http://dbpedia.org/ontology/distanceToDublin,0,0,0,1
http://dbpedia.org/property/londonBorough1,http://dbpedia.org/ontology/borough,0,0,0,1
http://dbpedia.org/property/edinburghDistanceMi,http://dbpedia.org/ontology/distanceToEdinburgh,0,0,0,1
http://dbpedia.org/property/londonBorough3,http://dbpedia.org/ontology/borough,0,0,0,1
http://dbpedia.org/property/londonBorough2,http://dbpedia.org/ontology/borough,0,0,0,1
http://dbpedia.org/property/telephone,http://dbpedia.org/ontology/areaCode,0,0,0,1
http://dbpedia.org/property/foundedYear,http://dbpedia.org/ontology/foundingYear,0,0,0,1
http://dbpedia.org/property/regbzk,http://dbpedia.org/ontology/administrativeDistrict,0,0,0,1
http://dbpedia.org/property/p10,http://dbpedia.org/ontology/part,0,0,0,1
http://dbpedia.org/property/anthem,http://dbpedia.org/ontology/anthem,0,0,0,1
http://dbpedia.org/property/populationDensityBlank1SqMi,http://dbpedia.org/ontology/populationDensity,0,0,0,1
http://dbpedia.org/property/lieutenancyScotland1,http://dbpedia.org/ontology/lieutenancyArea,0,0,0,1
http://dbpedia.org/property/arname,http://xmlns.com/foaf/0.1/name,0,0,0,1
http://dbpedia.org/property/web,http://xmlns.com/foaf/0.1/homepage,0,0,0,1
http://dbpedia.org/property/populationUrban,http://dbpedia.org/ontology/populationUrban,0,0,0,1
http://dbpedia.org/property/p17,http://dbpedia.org/ontology/part,0,0,0,1
http://dbpedia.org/property/p18,http://dbpedia.org/ontology/part,0,0,0,1
http://dbpedia.org/property/twin3Country,http://dbpedia.org/ontology/twinCountry,0,0,0,1
http://dbpedia.org/property/p15,http://dbpedia.org/ontology/part,0,0,0,1
http://dbpedia.org/property/p16,http://dbpedia.org/ontology/part,0,0,0,1
http://dbpedia.org/property/lieutenancyEngland,http://dbpedia.org/ontology/ceremonialCounty,0,0,0,1
http://dbpedia.org/property/popEst,http://dbpedia.org/ontology/populationTotal,0,0,0,1
http://dbpedia.org/property/p13,http://dbpedia.org/ontology/part,0,0,0,1
http://dbpedia.org/property/p14,http://dbpedia.org/ontology/part,0,0,0,1
http://dbpedia.org/property/areaTelephone,http://dbpedia.org/ontology/areaCode,0,0,0,1
http://dbpedia.org/property/year,http://dbpedia.org/ontology/foundingYear,0,0,0,1
http://dbpedia.org/property/p11,http://dbpedia.org/ontology/part,0,0,0,1
http://dbpedia.org/property/p12,http://dbpedia.org/ontology/part,0,0,0,1
http://dbpedia.org/property/twin4Country,http://dbpedia.org/ontology/twinCountry,0,0,0,1
http://dbpedia.org/property/belfastDistanceMi,http://dbpedia.org/ontology/distanceToBelfast,0,0,0,1
http://dbpedia.org/property/verwaltungsgemeinschaft,http://dbpedia.org/ontology/administrativeCollectivity,0,0,0,1
http://dbpedia.org/property/germanName,http://xmlns.com/foaf/0.1/name,0,0,0,1
http://dbpedia.org/property/cantons,http://dbpedia.org/ontology/canton,0,0,0,1
http://dbpedia.org/property/nickname,http://xmlns.com/foaf/0.1/nick,0,0,0,1
http://dbpedia.org/property/populationYear,http://dbpedia.org/ontology/populationAsOf,0,0,0,1
http://dbpedia.org/property/licence,http://dbpedia.org/ontology/areaCode,0,0,0,1
http://dbpedia.org/property/douglasDistanceMi,http://dbpedia.org/ontology/distanceToDouglas,0,0,0,1
http://dbpedia.org/property/samtgemeinde,http://dbpedia.org/ontology/jointCommunity,0,0,0,1
http://dbpedia.org/property/tempAnnual,http://dbpedia.org/ontology/annualTemperature,0,0,0,1
http://dbpedia.org/property/elevationMaxM,http://dbpedia.org/ontology/maximumElevation,0,0,0,1
http://dbpedia.org/property/popMetro,http://dbpedia.org/ontology/populationMetro,0,0,0,1
http://dbpedia.org/property/capital,http://dbpedia.org/ontology/capital,0,0,0,1
http://dbpedia.org/property/twin8Country,http://dbpedia.org/ontology/twinCountry,0,0,0,1
http://dbpedia.org/property/edinburghDistanceKm,http://dbpedia.org/ontology/distanceToEdinburgh,0,0,0,1
http://dbpedia.org/property/altunosp,http://xmlns.com/foaf/0.1/name,0,0,0,1
http://dbpedia.org/property/douglasDistanceKm,http://dbpedia.org/ontology/distanceToDouglas,0,0,0,1
http://dbpedia.org/property/nameLocal,http://xmlns.com/foaf/0.1/name,0,0,0,1
http://dbpedia.org/property/dublinDistanceMi,http://dbpedia.org/ontology/distanceToDublin,0,0,0,1
http://dbpedia.org/property/areaMetroKm2,http://dbpedia.org/ontology/areaMetro,0,0,0,1
http://dbpedia.org/property/vorwahl,http://dbpedia.org/ontology/areaCode,0,0,0,1
http://dbpedia.org/property/postalCode,http://dbpedia.org/ontology/postalCode,0,0,0,1
http://dbpedia.org/property/subjectName,http://xmlns.com/foaf/0.1/name,0,0,0,1
http://dbpedia.org/property/typefrom,http://dbpedia.org/ontology/foundingDate,0,0,0,1
http://dbpedia.org/property/areaRuralKm2,http://dbpedia.org/ontology/areaRural,0,0,0,1,0.5
http://dbpedia.org/property/twin9Country,http://dbpedia.org/ontology/twinCountry,0,0,0,1
http://dbpedia.org/property/shireDistrict,http://dbpedia.org/ontology/district,0,0,0,1
http://dbpedia.org/property/belfastDistanceKm,http://dbpedia.org/ontology/distanceToBelfast,0,0,0,1
http://dbpedia.org/property/lieutenancyEngland1,http://dbpedia.org/ontology/ceremonialCounty,0,0,0,1
http://dbpedia.org/property/area,http://dbpedia.org/ontology/areaTotal,0,0,0,1
http://dbpedia.org/property/areaUrbanKm2,http://dbpedia.org/ontology/areaUrban,0,0,0,1
http://dbpedia.org/property/populationDensityMi2,http://dbpedia.org/ontology/populationDensity,0,0,0,1,0.5
http://dbpedia.org/property/highest,http://dbpedia.org/ontology/highestPlace,0,0,0,1
http://dbpedia.org/property/popyear,http://dbpedia.org/ontology/censusYear,0,0,0,1
http://dbpedia.org/property/elevationM,http://dbpedia.org/ontology/elevation,0,0,0,1
http://dbpedia.org/property/province,http://dbpedia.org/ontology/province,0,0,0,1
http://dbpedia.org/property/areaMetroSqMi,http://dbpedia.org/ontology/areaMetro,0,0,0,1
http://dbpedia.org/property/highestelevFt,http://dbpedia.org/ontology/maximumElevation,0,0,0,1
http://dbpedia.org/property/amt,http://dbpedia.org/ontology/department,0,0,0,1
http://dbpedia.org/property/partei,http://dbpedia.org/ontology/leaderParty,0,0,0,1
http://dbpedia.org/property/utcOffset1Dst,http://dbpedia.org/ontology/utcOffset,0,0,0,1
http://dbpedia.org/property/state,http://dbpedia.org/ontology/federalState,0,0,0,1
http://dbpedia.org/property/timeZone,http://dbpedia.org/ontology/timeZone,0,0,0,1
http://dbpedia.org/property/withinMunicipality,http://dbpedia.org/ontology/municipality,0,0,0,1
http://dbpedia.org/property/type,http://dbpedia.org/ontology/type,0,0,0,1
http://dbpedia.org/property/establishedDate1,http://dbpedia.org/ontology/foundingDate,0,0,0,1
http://dbpedia.org/property/establishedDate2,http://dbpedia.org/ontology/foundingDate,0,0,0,1
http://dbpedia.org/property/areaTotal,http://dbpedia.org/ontology/areaTotal,0,0,0,1
http://dbpedia.org/property/establishedDate3,http://dbpedia.org/ontology/foundingDate,0,0,0,1
http://dbpedia.org/property/elevationmax,http://dbpedia.org/ontology/maximumElevation,0,0,0,1
http://dbpedia.org/property/region,http://dbpedia.org/ontology/region,0,0,0,1
http://dbpedia.org/property/municipalityCode,http://dbpedia.org/ontology/areaCode,0,0,0,1
http://dbpedia.org/property/leaderParty,http://dbpedia.org/ontology/leaderParty,0,0,0,1
http://dbpedia.org/property/largestCityWl,http://dbpedia.org/ontology/largestCity,0,0,0,1
http://dbpedia.org/property/dialCode,http://dbpedia.org/ontology/areaCode,0,0,0,1
http://dbpedia.org/property/cityType,http://dbpedia.org/ontology/cityType,0,0,0,1
http://dbpedia.org/property/unitaryNorthernIreland,http://dbpedia.org/ontology/district,0,0,0,1
http://dbpedia.org/property/gentilic,http://dbpedia.org/ontology/demonym,0,0,0,1
http://dbpedia.org/property/landarea,http://dbpedia.org/ontology/areaLand,0,0,0,1
http://dbpedia.org/property/founded,http://dbpedia.org/ontology/foundingDate,0,0,0,1
http://dbpedia.org/property/subdivisionName,http://dbpedia.org/ontology/country,0,0,0,1
http://dbpedia.org/property/douglasDistance,http://dbpedia.org/ontology/distanceToDouglas,0,0,0,1
http://dbpedia.org/property/edinburghDistance,http://dbpedia.org/ontology/distanceToEdinburgh,0,0,0,1
http://dbpedia.org/property/founder,http://dbpedia.org/ontology/foundingPerson,0,0,0,1
http://dbpedia.org/property/municipalityType,http://dbpedia.org/ontology/type,0,0,0,1
http://dbpedia.org/property/fläche,http://dbpedia.org/ontology/areaTotal,0,0,0,1
http://dbpedia.org/property/languages,http://dbpedia.org/ontology/language,0,0,0,1
http://dbpedia.org/property/leaderTitle3,http://dbpedia.org/ontology/leaderTitle,0,0,0,1
http://dbpedia.org/property/verbandsgemeinde,http://dbpedia.org/ontology/associationOfLocalGovernment,0,0,0,1
http://dbpedia.org/property/leaderTitle4,http://dbpedia.org/ontology/leaderTitle,0,0,0,1
http://dbpedia.org/property/populationof,http://dbpedia.org/ontology/populationAsOf,0,0,0,1
http://dbpedia.org/property/p50,http://dbpedia.org/ontology/part,0,0,0,1
http://dbpedia.org/property/kreis,http://dbpedia.org/ontology/district,0,0,0,1
http://dbpedia.org/property/leaderTitle1,http://dbpedia.org/ontology/leaderTitle,0,0,0,1
http://dbpedia.org/property/lowest,http://dbpedia.org/ontology/lowestPlace,0,0,0,1
http://dbpedia.org/property/leaderTitle2,http://dbpedia.org/ontology/leaderTitle,0,0,0,1
http://dbpedia.org/property/adjacentcomuni,http://dbpedia.org/ontology/principalArea,0,0,0,1
http://dbpedia.org/property/regierungsbezirk,http://dbpedia.org/ontology/administrativeDistrict,0,0,0,1
http://dbpedia.org/property/twin6Country,http://dbpedia.org/ontology/twinCountry,0,0,0,1
http://dbpedia.org/property/areaMagnitude,http://dbpedia.org/ontology/area,0,0,0,1
http://dbpedia.org/property/twin7Country,http://dbpedia.org/ontology/twinCountry,0,0,0,1
http://dbpedia.org/property/densityKm2,http://dbpedia.org/ontology/populationDensity,0,0,0,1
http://dbpedia.org/property/largestMetro,http://dbpedia.org/ontology/largestMetro,0,0,0,1
http://dbpedia.org/property/populationDensityUrbanKm2,http://dbpedia.org/ontology/populationUrbanDensity,0,0,0,1
http://dbpedia.org/property/populationDate,http://dbpedia.org/ontology/populationAsOf,0,0,0,1
http://dbpedia.org/property/plz,http://dbpedia.org/ontology/postalCode,0,0,0,1
http://dbpedia.org/property/largestCity,http://dbpedia.org/ontology/largestCity,0,0,0,1
http://dbpedia.org/property/urbanareaSqMi,http://dbpedia.org/ontology/areaUrban,0,0,0,1,0.5
http://dbpedia.org/property/timezone1Dst,http://dbpedia.org/ontology/timeZone,0,0,0,1
http://dbpedia.org/property/p45,http://dbpedia.org/ontology/part,0,0,0,1
http://dbpedia.org/property/areaRuralSqMi,http://dbpedia.org/ontology/areaRural,0,0,0,1,0.5
http://dbpedia.org/property/utcOffset2Dst,http://dbpedia.org/ontology/utcOffset,0,0,0,1
http://dbpedia.org/property/postcodeDistrict,http://dbpedia.org/ontology/postalCode,0,0,0,1
http://dbpedia.org/property/p44,http://dbpedia.org/ontology/part,0,0,0,1
http://dbpedia.org/property/p47,http://dbpedia.org/ontology/part,0,0,0,1
http://dbpedia.org/property/p46,http://dbpedia.org/ontology/part,0,0,0,1
http://dbpedia.org/property/highestelev,http://dbpedia.org/ontology/maximumElevation,0,0,0,1
http://dbpedia.org/property/p49,http://dbpedia.org/ontology/part,0,0,0,1
http://dbpedia.org/property/p48,http://dbpedia.org/ontology/part,0,0,0,1
http://dbpedia.org/property/populationDemonym,http://dbpedia.org/ontology/demonym,0,0,0,1
http://dbpedia.org/property/lieutenancyNorthernIreland1,http://dbpedia.org/ontology/county,0,0,0,1
http://dbpedia.org/property/lieutenancyNorthernIreland2,http://dbpedia.org/ontology/county,0,0,0,1
http://dbpedia.org/property/p41,http://dbpedia.org/ontology/part,0,0,0,1
http://dbpedia.org/property/mps,http://dbpedia.org/ontology/memberOfParliament,0,0,0,1
http://dbpedia.org/property/p40,http://dbpedia.org/ontology/part,0,0,0,1
http://dbpedia.org/property/p43,http://dbpedia.org/ontology/part,0,0,0,1
http://dbpedia.org/property/p42,http://dbpedia.org/ontology/part,0,0,0,1
http://dbpedia.org/property/areaLandSqMi,http://dbpedia.org/ontology/areaLand,0,0,0,1
http://dbpedia.org/property/twin1Country,http://dbpedia.org/ontology/twinCountry,0,0,0,1
http://dbpedia.org/property/elevationMinM,http://dbpedia.org/ontology/minimumElevation,0,0,0,1
http://dbpedia.org/property/metropolitanBorough,http://dbpedia.org/ontology/metropolitanBorough,0,0,0,1
http://dbpedia.org/property/totalType,http://dbpedia.org/ontology/type,0,0,0,1
http://dbpedia.org/property/insee,http://dbpedia.org/ontology/inseeCode,0,0,0,1
http://dbpedia.org/property/postcodeArea2,http://dbpedia.org/ontology/postalCode,0,0,0,1
http://dbpedia.org/property/stbheb,http://xmlns.com/foaf/0.1/name,0,0,0,1
http://dbpedia.org/property/lieutenancyScotland,http://dbpedia.org/ontology/lieutenancyArea,0,0,0,1
http://dbpedia.org/property/p36,http://dbpedia.org/ontology/part,0,0,0,1
http://dbpedia.org/property/language1,http://dbpedia.org/ontology/language,0,0,0,1
http://dbpedia.org/property/p35,http://dbpedia.org/ontology/part,0,0,0,1
http://dbpedia.org/property/language2,http://dbpedia.org/ontology/language,0,0,0,1
http://dbpedia.org/property/p34,http://dbpedia.org/ontology/part,0,0,0,1
http://dbpedia.org/property/p33,http://dbpedia.org/ontology/part,0,0,0,1
http://dbpedia.org/property/p39,http://dbpedia.org/ontology/part,0,0,0,1
http://dbpedia.org/property/p38,http://dbpedia.org/ontology/part,0,0,0,1
http://dbpedia.org/property/p37,http://dbpedia.org/ontology/part,0,0,0,1
http://dbpedia.org/property/p32,http://dbpedia.org/ontology/part,0,0,0,1
http://dbpedia.org/property/twintowns,http://dbpedia.org/ontology/twinCity,0,0,0,1
http://dbpedia.org/property/p31,http://dbpedia.org/ontology/part,0,0,0,1
http://dbpedia.org/property/p30,http://dbpedia.org/ontology/part,0,0,0,1
http://dbpedia.org/property/party,http://dbpedia.org/ontology/leaderParty,0,0,0,1
http://dbpedia.org/property/town,http://dbpedia.org/ontology/city,0,0,0,1
http://dbpedia.org/property/lowestelevFt,http://dbpedia.org/ontology/minimumElevation,0,0,0,1
http://dbpedia.org/property/pop,http://dbpedia.org/ontology/populationTotal,0,0,0,1
http://dbpedia.org/property/cityMotto,http://dbpedia.org/ontology/motto,0,0,0,1
http://dbpedia.org/property/twin6,http://dbpedia.org/ontology/twinCity,0,0,0,1
http://dbpedia.org/property/twin7,http://dbpedia.org/ontology/twinCity,0,0,0,1
http://dbpedia.org/property/twin4,http://dbpedia.org/ontology/twinCity,0,0,0,1
http://dbpedia.org/property/scotsName,http://dbpedia.org/ontology/scottishName,0,0,0,1
http://dbpedia.org/property/twin5,http://dbpedia.org/ontology/twinCity,0,0,0,1
http://dbpedia.org/property/twin2,http://dbpedia.org/ontology/twinCity,0,0,0,1
http://dbpedia.org/property/twin3,http://dbpedia.org/ontology/twinCity,0,0,0,1
http://dbpedia.org/property/areaTotalSqMi,http://dbpedia.org/ontology/areaTotal,0,0,0,1
http://dbpedia.org/property/twin1,http://dbpedia.org/ontology/twinCity,0,0,0,1
http://dbpedia.org/property/p1,http://dbpedia.org/ontology/part,0,0,0,1
http://dbpedia.org/property/areaUrban,http://dbpedia.org/ontology/areaUrban,0,0,0,1,0.5
http://dbpedia.org/property/p2,http://dbpedia.org/ontology/part,0,0,0,1
http://dbpedia.org/property/populationDensityBlank2SqMi,http://dbpedia.org/ontology/populationDensity,0,0,0,1
http://dbpedia.org/property/p3,http://dbpedia.org/ontology/part,0,0,0,1
http://dbpedia.org/property/p4,http://dbpedia.org/ontology/part,0,0,0,1
http://dbpedia.org/property/p5,http://dbpedia.org/ontology/part,0,0,0,1
http://dbpedia.org/property/communes,http://dbpedia.org/ontology/commune,0,0,0,1
http://dbpedia.org/property/p6,http://dbpedia.org/ontology/part,0,0,0,1
http://dbpedia.org/property/twin8,http://dbpedia.org/ontology/twinCity,0,0,0,1
http://dbpedia.org/property/p7,http://dbpedia.org/ontology/part,0,0,0,1
http://dbpedia.org/property/twin9,http://dbpedia.org/ontology/twinCity,0,0,0,1
http://dbpedia.org/property/nearestCity,http://dbpedia.org/ontology/nearestCity,0,0,0,1
http://dbpedia.org/property/frazioni,http://dbpedia.org/ontology/frazioni,0,0,0,1
http://dbpedia.org/property/bürgermeister,http://dbpedia.org/ontology/leaderName,0,0,0,1
http://dbpedia.org/property/art,http://dbpedia.org/ontology/type,0,0,0,1
http://dbpedia.org/property/populationDensityUrbanSqMi,http://dbpedia.org/ontology/populationUrbanDensity,0,0,0,1
http://dbpedia.org/property/city,http://dbpedia.org/ontology/city,0,0,0,1
http://dbpedia.org/property/establishedDate,http://dbpedia.org/ontology/foundingDate,0,0,0,1
http://dbpedia.org/property/landkreis,http://dbpedia.org/ontology/district,0,0,0,1
http://dbpedia.org/property/population,http://dbpedia.org/ontology/populationTotal,0,0,0,1
http://dbpedia.org/property/verwaltungsverband,http://dbpedia.org/ontology/administrativeCollectivity,0,0,0,1
http://dbpedia.org/property/areaKm2,http://dbpedia.org/ontology/area,0,0,0,1
http://dbpedia.org/property/unitaryWales,http://dbpedia.org/ontology/principalArea,0,0,0,1
http://dbpedia.org/property/mayorParty,http://dbpedia.org/ontology/leaderParty,0,0,0,1
http://dbpedia.org/property/areaMetro,http://dbpedia.org/ontology/areaMetro,0,0,0,1
http://dbpedia.org/property/lowestM,http://dbpedia.org/ontology/minimumElevation,0,0,0,1
http://dbpedia.org/property/day,http://dbpedia.org/ontology/day,0,0,0,1
http://dbpedia.org/property/elevationMinFt,http://dbpedia.org/ontology/minimumElevation,0,0,0,1
http://dbpedia.org/property/governmentType,http://dbpedia.org/ontology/governmentType,0,0,0,1
http://dbpedia.org/property/gemeindeverwaltungsverband,http://dbpedia.org/ontology/associationOfLocalGovernment,0,0,0,1
http://dbpedia.org/property/waterareaSqMi,http://dbpedia.org/ontology/areaWater,0,0,0,1,0.5
http://dbpedia.org/property/unitaryNorthernIreland2,http://dbpedia.org/ontology/district,0,0,0,1
http://dbpedia.org/property/unitaryNorthernIreland1,http://dbpedia.org/ontology/district,0,0,0,1
http://dbpedia.org/property/populationDensity,http://dbpedia.org/ontology/populationDensity,0,0,0,1
http://dbpedia.org/property/fullname,http://xmlns.com/foaf/0.1/name,0,0,0,1
http://dbpedia.org/property/londonDistance,http://dbpedia.org/ontology/distanceToLondon,0,0,0,1
http://dbpedia.org/property/dublinDistance,http://dbpedia.org/ontology/distanceToDublin,0,0,0,1
http://dbpedia.org/property/meaning,http://dbpedia.org/ontology/meaning,0,0,0,1
http://dbpedia.org/property/stand,http://dbpedia.org/ontology/populationAsOf,0,0,0,1
http://dbpedia.org/property/leaderTitle,http://dbpedia.org/ontology/leaderTitle,0,0,0,1
http://dbpedia.org/property/lieutenancyNorthernIreland,http://dbpedia.org/ontology/county,0,0,0,1
http://dbpedia.org/property/arrondissement,http://dbpedia.org/ontology/arrondissement,0,0,0,1
http://dbpedia.org/property/county,http://xmlns.com/foaf/0.1/name,0,0,0,1
http://dbpedia.org/property/mayor,http://dbpedia.org/ontology/mayor,0,0,0,1
http://dbpedia.org/property/neighboringMunicipalities,http://dbpedia.org/ontology/neighboringMunicipality,0,0,0,1
http://dbpedia.org/property/bürgermeistertitel,http://dbpedia.org/ontology/leaderTitle,0,0,0,1
http://dbpedia.org/property/isoCode,http://dbpedia.org/ontology/isoCodeRegion,0,0,0,1
http://dbpedia.org/property/populationDensityUrbanMi2,http://dbpedia.org/ontology/populationUrbanDensity,0,0,0,1,0.5
http://dbpedia.org/property/website,http://xmlns.com/foaf/0.1/homepage,0,0,0,1
http://dbpedia.org/property/gaelicName,http://dbpedia.org/ontology/gaelicName,0,0,0,1
http://dbpedia.org/property/iso-code-region,http://dbpedia.org/ontology/isoCodeRegion,0,0,0,1
http://dbpedia.org/property/country,http://dbpedia.org/ontology/country,0,0,0,1
http://dbpedia.org/property/twin5Country,http://dbpedia.org/ontology/twinCountry,0,0,0,1
http://dbpedia.org/property/populationyear,http://dbpedia.org/ontology/populationAsOf,0,0,0,1
http://dbpedia.org/property/otherLanguage,http://dbpedia.org/ontology/language,0,0,0,1
http://dbpedia.org/property/populationDensityRuralSqMi,http://dbpedia.org/ontology/populationRuralDensity,0,0,0,1,0.5
http://dbpedia.org/property/populationRef,http://dbpedia.org/ontology/populationAsOf,0,0,0,1
http://dbpedia.org/property/areaCode,http://dbpedia.org/ontology/areaCode,0,0,0,1
http://dbpedia.org/property/lowestelev,http://dbpedia.org/ontology/minimumElevation,0,0,0,1
http://dbpedia.org/property/canton,http://dbpedia.org/ontology/canton,0,0,0,1
http://dbpedia.org/property/areaLand,http://dbpedia.org/ontology/areaLand,0,0,0,1,0.5
http://dbpedia.org/property/populationMetro,http://dbpedia.org/ontology/populationMetro,0,0,0,1
http://dbpedia.org/property/density,http://dbpedia.org/ontology/populationDensity,0,0,0,1
http://dbpedia.org/property/charingxDistanceKm,http://dbpedia.org/ontology/distanceToCharingCross,0,0,0,1
http://dbpedia.org/property/populationAsOf,http://dbpedia.org/ontology/populationAsOf,0,0,0,1
http://dbpedia.org/property/gliederung,http://dbpedia.org/ontology/division,0,0,0,1
http://dbpedia.org/property/popDate,http://dbpedia.org/ontology/populationAsOf,0,0,0,1
http://dbpedia.org/property/populationDensityBlank1Km2,http://dbpedia.org/ontology/populationDensity,0,0,0,1
http://dbpedia.org/property/areaWater,http://dbpedia.org/ontology/areaWater,0,0,0,1,0.5
http://dbpedia.org/property/populationDensityMetroKm2,http://dbpedia.org/ontology/populationMetroDensity,0,0,0,1
http://dbpedia.org/property/utcOffset1,http://dbpedia.org/ontology/utcOffset,0,0,0,1
http://dbpedia.org/property/landareaSqMi,http://dbpedia.org/ontology/areaLand,0,0,0,1,0.5
http://dbpedia.org/property/utcOffset2,http://dbpedia.org/ontology/utcOffset,0,0,0,1
http://dbpedia.org/property/lieutenancyWales1,http://dbpedia.org/ontology/ceremonialCounty,0,0,0,1
http://dbpedia.org/property/saint,http://dbpedia.org/ontology/saint,0,0,0,1
http://dbpedia.org/property/elevationFt,http://dbpedia.org/ontology/elevation,0,0,0,1
http://dbpedia.org/property/intercommunality,http://dbpedia.org/ontology/intercommunality,0,0,0,1
http://dbpedia.org/property/constituencyManxParliament,http://dbpedia.org/ontology/principalArea,0,0,0,1
http://dbpedia.org/property/governingBody,http://dbpedia.org/ontology/governingBody,0,0,0,1
http://dbpedia.org/property/belfastDistance,http://dbpedia.org/ontology/distanceToBelfast,0,0,0,1
http://dbpedia.org/property/commonName,http://xmlns.com/foaf/0.1/name,0,0,0,1
http://dbpedia.org/property/areaWaterKm2,http://dbpedia.org/ontology/areaWater,0,0,0,1
http://dbpedia.org/property/subdivisionName1,http://dbpedia.org/ontology/isPartOf,0,0,0,1
http://dbpedia.org/property/leaderName,http://dbpedia.org/ontology/leaderName,0,0,0,1
http://dbpedia.org/property/subdivisionName2,http://dbpedia.org/ontology/isPartOf,0,0,0,1
http://dbpedia.org/property/subdivisionName3,http://dbpedia.org/ontology/isPartOf,0,0,0,1
http://dbpedia.org/property/manxName,http://dbpedia.org/ontology/manxName,0,0,0,1
http://dbpedia.org/property/unitaryScotland,http://dbpedia.org/ontology/councilArea,0,0,0,1
http://dbpedia.org/property/subdivisionName4,http://dbpedia.org/ontology/isPartOf,0,0,0,1
http://dbpedia.org/property/subdivisionName5,http://dbpedia.org/ontology/isPartOf,0,0,0,1
http://dbpedia.org/property/londonDistanceKm,http://dbpedia.org/ontology/distanceToLondon,0,0,0,1
http://dbpedia.org/property/populationRural,http://dbpedia.org/ontology/populationRural,0,0,0,1
http://dbpedia.org/property/subdivisionName6,http://dbpedia.org/ontology/isPartOf,0,0,0,1
http://dbpedia.org/property/altoffsp,http://xmlns.com/foaf/0.1/name,0,0,0,1
http://dbpedia.org/property/divisions,http://dbpedia.org/ontology/division,0,0,0,1
http://dbpedia.org/property/populationDensityRuralKm2,http://dbpedia.org/ontology/populationRuralDensity,0,0,0,1,0.5
http://dbpedia.org/property/popEstAsOf,http://dbpedia.org/ontology/populationAsOf,0,0,0,1
http://dbpedia.org/property/highestM,http://dbpedia.org/ontology/maximumElevation,0,0,0,1
http://dbpedia.org/property/popofyear,http://dbpedia.org/ontology/censusYear,0,0,0,1
http://dbpedia.org/property/telephone-area,http://dbpedia.org/ontology/areaCode,0,0,0,1
http://dbpedia.org/property/cardiffDistanceKm,http://dbpedia.org/ontology/distanceToCardiff,0,0,0,1
http://dbpedia.org/property/timezone,http://dbpedia.org/ontology/timeZone,0,0,0,1
http://dbpedia.org/property/totalarea,http://dbpedia.org/ontology/areaTotal,0,0,0,1
http://dbpedia.org/property/leaderName4,http://dbpedia.org/ontology/leaderName,0,0,0,1
http://dbpedia.org/property/postalcode,http://dbpedia.org/ontology/postalCode,0,0,0,1
http://dbpedia.org/property/rulingParty1,http://dbpedia.org/ontology/leaderParty,0,0,0,1
http://dbpedia.org/property/populationTotal,http://dbpedia.org/ontology/populationTotal,0,0,0,1
http://dbpedia.org/property/rulingParty2,http://dbpedia.org/ontology/leaderParty,0,0,0,1
http://dbpedia.org/property/rulingParty3,http://dbpedia.org/ontology/leaderParty,0,0,0,1
http://dbpedia.org/property/tempWinter,http://dbpedia.org/ontology/winterTemperature,0,0,0,1
http://dbpedia.org/property/höhe,http://dbpedia.org/ontology/elevation,0,0,0,1
http://dbpedia.org/property/localName,http://xmlns.com/foaf/0.1/name,0,0,0,1
http://dbpedia.org/property/leaderName1,http://dbpedia.org/ontology/leaderName,0,0,0,1
http://dbpedia.org/property/populationDensitySqMi,http://dbpedia.org/ontology/populationDensity,0,0,0,1
http://dbpedia.org/property/timezone1,http://dbpedia.org/ontology/timeZone,0,0,0,1
http://dbpedia.org/property/leaderName3,http://dbpedia.org/ontology/leaderName,0,0,0,1
http://dbpedia.org/property/osGridReference,http://dbpedia.org/ontology/gridReference,0,0,0,1
http://dbpedia.org/property/timezone2,http://dbpedia.org/ontology/timeZone,0,0,0,1
http://dbpedia.org/property/leaderName2,http://dbpedia.org/ontology/leaderName,0,0,0,1
http://dbpedia.org/property/municipalCode,http://dbpedia.org/ontology/municipalityCode,0,0,0,1
http://dbpedia.org/property/einwohner,http://dbpedia.org/ontology/populationTotal,0,0,0,1
http://dbpedia.org/property/region1,http://dbpedia.org/ontology/region,0,0,0,1
http://dbpedia.org/property/department,http://dbpedia.org/ontology/department,0,0,0,1
http://dbpedia.org/property/hebname,http://xmlns.com/foaf/0.1/name,0,0,0,1
http://dbpedia.org/property/charingxDistanceMi,http://dbpedia.org/ontology/distanceToCharingCross,0,0,0,1
http://dbpedia.org/property/areaUrbanSqMi,http://dbpedia.org/ontology/areaUrban,0,0,0,1
http://dbpedia.org/property/otherName,http://dbpedia.org/ontology/synonym,0,0,0,1
http://dbpedia.org/property/areaWaterPercent,http://dbpedia.org/ontology/percentageOfAreaWater,0,0,0,1
http://dbpedia.org/property/dialCode2,http://dbpedia.org/ontology/areaCode,0,0,0,1
http://dbpedia.org/property/dialCode1,http://dbpedia.org/ontology/areaCode,0,0,0,1
http://dbpedia.org/property/lieutenancyWales,http://dbpedia.org/ontology/ceremonialCounty,0,0,0,1
http://dbpedia.org/property/metroareaSqMi,http://dbpedia.org/ontology/areaMetro,0,0,0,1,0.5
http://dbpedia.org/property/largestcity,http://dbpedia.org/ontology/largestCity,0,0,0,1
http://dbpedia.org/property/londonBorough,http://dbpedia.org/ontology/borough,0,0,0,1
http://dbpedia.org/property/unitaryWales1,http://dbpedia.org/ontology/principalArea,0,0,0,1
http://dbpedia.org/property/district,http://dbpedia.org/ontology/district,0,0,0,1
http://dbpedia.org/property/areaTotalKm2,http://dbpedia.org/ontology/areaTotal,0,0,0,1
http://dbpedia.org/property/arrondissements,http://dbpedia.org/ontology/arrondissement,0,0,0,1
http://dbpedia.org/property/londonDistanceMi,http://dbpedia.org/ontology/distanceToLondon,0,0,0,1
http://dbpedia.org/property/welshName,http://dbpedia.org/ontology/welshName,0,0,0,1
http://dbpedia.org/property/utcOffsetDst,http://dbpedia.org/ontology/utcOffset,0,0,0,1
http://dbpedia.org/property/unitaryScotland1,http://dbpedia.org/ontology/councilArea,0,0,0,1
http://dbpedia.org/property/name,http://xmlns.com/foaf/0.1/name,0,0,0,1
http://dbpedia.org/property/populationDensityKm2,http://dbpedia.org/ontology/populationDensity,0,0,0,1
http://dbpedia.org/property/waterarea,http://dbpedia.org/ontology/areaWater,0,0,0,1
http://dbpedia.org/property/motto,http://dbpedia.org/ontology/motto,0,0,0,1
http://dbpedia.org/property/manxParish,http://dbpedia.org/ontology/parish,0,0,0,1
http://dbpedia.org/property/cardiffDistanceMi,http://dbpedia.org/ontology/distanceToCardiff,0,0,0,1
http://dbpedia.org/property/p9,http://dbpedia.org/ontology/part,0,0,0,1
http://dbpedia.org/property/municipality,http://dbpedia.org/ontology/municipality,0,0,0,1
http://dbpedia.org/property/p8,http://dbpedia.org/ontology/part,0,0,0,1
http://dbpedia.org/property/elevationMaxFt,http://dbpedia.org/ontology/maximumElevation,0,0,0,1
http://dbpedia.org/property/officiallang,http://dbpedia.org/ontology/language,0,0,0,1
http://dbpedia.org/property/timezoneDst,http://dbpedia.org/ontology/timeZone,0,0,0,1
http://dbpedia.org/property/populationDensityMetroMi2,http://dbpedia.org/ontology/populationMetroDensity,0,0,0,1,0.5
http://dbpedia.org/property/subdivisions,http://dbpedia.org/ontology/subdivisions,0,0,0,1
http://dbpedia.org/property/populationDensityMetroSqMi,http://dbpedia.org/ontology/populationMetroDensity,0,0,0,1
http://dbpedia.org/property/altitude,http://dbpedia.org/ontology/elevation,0,0,0,1
http://dbpedia.org/property/borough,http://dbpedia.org/ontology/administrativeDistrict,0,0,0,1
http://dbpedia.org/property/officialName,http://xmlns.com/foaf/0.1/name,0,0,0,1
http://dbpedia.org/property/foundedDate,http://dbpedia.org/ontology/foundingDate,0,0,0,1
http://dbpedia.org/property/destroyed,http://dbpedia.org/ontology/destructionDate,0,0,0,1
http://dbpedia.org/property/cardiffDistance,http://dbpedia.org/ontology/distanceToCardiff,0,0,0,1
http://dbpedia.org/property/otherLanguageName,http://dbpedia.org/ontology/language,0,0,0,1
http://dbpedia.org/property/departments,http://dbpedia.org/ontology/department,0,0,0,1
http://dbpedia.org/property/tempSummer,http://dbpedia.org/ontology/summerTemperature,0,0,0,1
http://dbpedia.org/property/totalareaSqMi,http://dbpedia.org/ontology/areaTotal,0,0,0,1,0.5
