r1,r2,cov,conf,score
http://dbpedia.org/property/website,http://xmlns.com/foaf/0.1/homepage,0,0,0,1
http://dbpedia.org/property/shoppingMallName,http://xmlns.com/foaf/0.1/name,0,0,0,1
http://dbpedia.org/property/owner,http://dbpedia.org/ontology/owner,0,0,0,1
http://dbpedia.org/property/address,http://dbpedia.org/ontology/address,0,0,0,1
http://dbpedia.org/property/location,http://dbpedia.org/ontology/location,0,0,0,1
http://dbpedia.org/property/architect,http://dbpedia.org/ontology/architect,0,0,0,1
http://dbpedia.org/property/closingDate,http://dbpedia.org/ontology/dateOfAbandonment,0,0,0,1
http://dbpedia.org/property/openingDate,http://dbpedia.org/ontology/openingDate,0,0,0,1
http://dbpedia.org/property/floorArea,http://dbpedia.org/ontology/floorArea,0,0,0,1
