r1,r2,cov,conf,score
http://dbpedia.org/property/name,http://xmlns.com/foaf/0.1/name,0,0,0,1
http://dbpedia.org/property/website,http://xmlns.com/foaf/0.1/homepage,0,0,0,1
http://dbpedia.org/property/season,http://dbpedia.org/ontology/currentSeason,0,0,0,1
http://dbpedia.org/property/mostChamps,http://dbpedia.org/ontology/team,0,0,0,1
http://dbpedia.org/property/country,http://dbpedia.org/ontology/country,0,0,0,1
http://dbpedia.org/property/teams,http://dbpedia.org/ontology/numberOfTeams,0,0,0,1
http://dbpedia.org/property/founded,http://dbpedia.org/ontology/formationDate,0,0,0,1
http://dbpedia.org/property/champions,http://dbpedia.org/ontology/team,0,0,0,1
