r1,r2,cov,conf,score
http://dbpedia.org/property/season,http://dbpedia.org/ontology/season,0,0,0,1
http://dbpedia.org/property/stadium,http://dbpedia.org/ontology/ground,0,0,0,1
http://dbpedia.org/property/manager,http://dbpedia.org/ontology/manager,0,0,0,1
http://dbpedia.org/property/prevseason,http://dbpedia.org/ontology/predecessor,0,0,0,1
http://dbpedia.org/property/chrtitle,http://dbpedia.org/ontology/chairmanTitle,0,0,0,1
http://dbpedia.org/property/leagueResult,http://dbpedia.org/ontology/position,0,0,0,1
http://dbpedia.org/property/chairman,http://dbpedia.org/ontology/chairman,0,0,0,1
http://dbpedia.org/property/mgrtitle,http://dbpedia.org/ontology/managerTitle,0,0,0,1
http://dbpedia.org/property/club,http://dbpedia.org/ontology/team,0,0,0,1
http://dbpedia.org/property/league,http://dbpedia.org/ontology/league,0,0,0,1
http://dbpedia.org/property/nextseason,http://dbpedia.org/ontology/successor,0,0,0,1
