r1,r2,cov,conf,score
http://dbpedia.org/property/name,http://xmlns.com/foaf/0.1/name,0,0,0,1
http://dbpedia.org/property/programmingLanguage,http://dbpedia.org/ontology/programmingLanguage,0,0,0,1
http://dbpedia.org/property/license,http://dbpedia.org/ontology/license,0,0,0,1
http://dbpedia.org/property/latestReleaseVersion,http://dbpedia.org/ontology/latestReleaseVersion,0,0,0,1
http://dbpedia.org/property/operatingSystem,http://dbpedia.org/ontology/operatingSystem,0,0,0,1
http://dbpedia.org/property/latestPreviewVersion,http://dbpedia.org/ontology/latestPreviewVersion,0,0,0,1
http://dbpedia.org/property/progLanguage,http://dbpedia.org/ontology/programmingLanguage,0,0,0,1
http://dbpedia.org/property/developer,http://dbpedia.org/ontology/developer,0,0,0,1
http://dbpedia.org/property/language,http://dbpedia.org/ontology/language,0,0,0,1
http://dbpedia.org/property/frequentlyUpdated,http://dbpedia.org/ontology/frequentlyUpdated,0,0,0,1
http://dbpedia.org/property/author,http://dbpedia.org/ontology/author,0,0,0,1
http://dbpedia.org/property/latestPreviewDate,http://dbpedia.org/ontology/latestPreviewDate,0,0,0,1
http://dbpedia.org/property/website,http://xmlns.com/foaf/0.1/homepage,0,0,0,1
http://dbpedia.org/property/genre,http://dbpedia.org/ontology/genre,0,0,0,1
http://dbpedia.org/property/status,http://dbpedia.org/ontology/status,0,0,0,1
http://dbpedia.org/property/size,http://dbpedia.org/ontology/fileSize,0,0,0,1
http://dbpedia.org/property/platform,http://dbpedia.org/ontology/computingPlatform,0,0,0,1
http://dbpedia.org/property/latestReleaseDate,http://dbpedia.org/ontology/latestReleaseDate,0,0,0,1
http://dbpedia.org/property/workingState,http://dbpedia.org/ontology/status,0,0,0,1
http://dbpedia.org/property/released,http://dbpedia.org/ontology/releaseDate,0,0,0,1
