r1,r2,cov,conf,score
http://dbpedia.org/property/height,http://dbpedia.org/ontology/height,0,0,0,1
http://dbpedia.org/property/volume,http://dbpedia.org/ontology/volume,0,0,0,1
http://dbpedia.org/property/nssdcId,http://dbpedia.org/ontology/nssdcId,0,0,0,1
http://dbpedia.org/property/length,http://dbpedia.org/ontology/length,0,0,0,1
http://dbpedia.org/property/diameter,http://dbpedia.org/ontology/diameter,0,0,0,1
http://dbpedia.org/property/mass,http://dbpedia.org/ontology/mass,0,0,0,1
http://dbpedia.org/property/sign,http://dbpedia.org/ontology/callSign,0,0,0,1
http://dbpedia.org/property/width,http://dbpedia.org/ontology/width,0,0,0,1
http://dbpedia.org/property/station,http://xmlns.com/foaf/0.1/name,0,0,0,1
