r1,r2,cov,conf,score
http://dbpedia.org/property/periapsis,http://dbpedia.org/ontology/periapsis,0,0,0,1
http://dbpedia.org/property/regime,http://dbpedia.org/ontology/regime,0,0,0,1
http://dbpedia.org/property/time2,http://dbpedia.org/ontology/port2DockedTime,0,0,0,1
http://dbpedia.org/property/time1,http://dbpedia.org/ontology/port1DockedTime,0,0,0,1
http://dbpedia.org/property/site,http://dbpedia.org/ontology/launchSite,0,0,0,1
http://dbpedia.org/property/undock1,http://dbpedia.org/ontology/port1UndockingDate,0,0,0,1
http://dbpedia.org/property/undock2,http://dbpedia.org/ontology/port2UndockingDate,0,0,0,1
http://dbpedia.org/property/apoapsis,http://dbpedia.org/ontology/apoapsis,0,0,0,1
http://dbpedia.org/property/cargo,http://dbpedia.org/ontology/totalCargo,0,0,0,1
http://dbpedia.org/property/dry,http://dbpedia.org/ontology/dryCargo,0,0,0,1
http://dbpedia.org/property/type,http://dbpedia.org/ontology/type,0,0,0,1
http://dbpedia.org/property/crew,http://dbpedia.org/ontology/crew,0,0,0,1
http://dbpedia.org/property/cospar,http://dbpedia.org/ontology/cosparId,0,0,0,1
http://dbpedia.org/property/port2,http://dbpedia.org/ontology/port2,0,0,0,1
http://dbpedia.org/property/port1,http://dbpedia.org/ontology/port1,0,0,0,1
http://dbpedia.org/property/webpage,http://xmlns.com/foaf/0.1/homepage,0,0,0,1
http://dbpedia.org/property/dockedtime,http://dbpedia.org/ontology/dockedTime,0,0,0,1
http://dbpedia.org/property/contractors,http://dbpedia.org/ontology/manufacturer,0,0,0,1
http://dbpedia.org/property/launch,http://dbpedia.org/ontology/launch,0,0,0,1
http://dbpedia.org/property/rocket,http://dbpedia.org/ontology/rocket,0,0,0,1
http://dbpedia.org/property/name,http://xmlns.com/foaf/0.1/name,0,0,0,1
http://dbpedia.org/property/inclination,http://dbpedia.org/ontology/inclination,0,0,0,1
http://dbpedia.org/property/organisation,http://dbpedia.org/ontology/owningOrganisation,0,0,0,1
http://dbpedia.org/property/gas,http://dbpedia.org/ontology/cargoGas,0,0,0,1
http://dbpedia.org/property/orbits,http://dbpedia.org/ontology/orbits,0,0,0,1
http://dbpedia.org/property/freeflight,http://dbpedia.org/ontology/freeFlightTime,0,0,0,1
http://dbpedia.org/property/water,http://dbpedia.org/ontology/cargoWater,0,0,0,1
http://dbpedia.org/property/decay,http://dbpedia.org/ontology/decay,0,0,0,1
http://dbpedia.org/property/dock1,http://dbpedia.org/ontology/port1DockingDate,0,0,0,1
http://dbpedia.org/property/dock2,http://dbpedia.org/ontology/port2DockingDate,0,0,0,1
http://dbpedia.org/property/mass,http://dbpedia.org/ontology/totalMass,0,0,0,1
http://dbpedia.org/property/station,http://dbpedia.org/ontology/targetSpaceStation,0,0,0,1
http://dbpedia.org/property/fuel,http://dbpedia.org/ontology/cargoFuel,0,0,0,1
