r1,r2,cov,conf,score
http://dbpedia.org/property/website,http://xmlns.com/foaf/0.1/homepage,0,0,0,1
http://dbpedia.org/property/nickname,http://xmlns.com/foaf/0.1/nick,0,0,0,1
http://dbpedia.org/property/clubname,http://xmlns.com/foaf/0.1/name,0,0,0,1
http://dbpedia.org/property/manager,http://dbpedia.org/ontology/manager,0,0,0,1
http://dbpedia.org/property/fullname,http://xmlns.com/foaf/0.1/name,0,0,0,1
http://dbpedia.org/property/closed,http://dbpedia.org/ontology/dissolved,0,0,0,1
http://dbpedia.org/property/shortname,http://xmlns.com/foaf/0.1/name,0,0,0,1
http://dbpedia.org/property/league,http://dbpedia.org/ontology/league,0,0,0,1
http://dbpedia.org/property/teamhonour,http://dbpedia.org/ontology/honours,0,0,0,1
http://dbpedia.org/property/founded,http://dbpedia.org/ontology/formationDate,0,0,0,1
