r1,r2,cov,conf,score
http://dbpedia.org/property/website,http://xmlns.com/foaf/0.1/homepage,0,0,0,1
http://dbpedia.org/property/stadium,http://dbpedia.org/ontology/stadium,0,0,0,1
http://dbpedia.org/property/mascot,http://dbpedia.org/ontology/mascot,0,0,0,1
http://dbpedia.org/property/owner,http://dbpedia.org/ontology/owner,0,0,0,1
http://dbpedia.org/property/logo,http://dbpedia.org/ontology/logo,0,0,0,1
http://dbpedia.org/property/coach,http://dbpedia.org/ontology/coach,0,0,0,1
http://dbpedia.org/property/president,http://dbpedia.org/ontology/manager,0,0,0,1
http://dbpedia.org/property/city,http://dbpedia.org/ontology/city,0,0,0,1
http://dbpedia.org/property/league,http://dbpedia.org/ontology/league,0,0,0,1
http://dbpedia.org/property/founded,http://dbpedia.org/ontology/foundingYear,0,0,0,1
http://dbpedia.org/property/team,http://dbpedia.org/ontology/team,0,0,0,1
