r1,r2,cov,conf,score
http://dbpedia.org/property/owner1,http://dbpedia.org/ontology/owner,0,0,0,1
http://dbpedia.org/property/lowusage1011,http://dbpedia.org/ontology/passengersPerYear,0,0,0,1
http://dbpedia.org/property/owner2,http://dbpedia.org/ontology/owner,0,0,0,1
http://dbpedia.org/property/close,http://dbpedia.org/ontology/closingYear,0,0,0,1
http://dbpedia.org/property/oldname2,http://dbpedia.org/ontology/formerName,0,0,0,1
http://dbpedia.org/property/manager,http://dbpedia.org/ontology/operatedBy,0,0,0,1
http://dbpedia.org/property/stationtype,http://dbpedia.org/ontology/type,0,0,0,1
http://dbpedia.org/property/town,http://dbpedia.org/ontology/location,0,0,0,1
http://dbpedia.org/property/platforms,http://dbpedia.org/ontology/railwayPlatforms,0,0,0,1
http://dbpedia.org/property/code,http://dbpedia.org/ontology/agencyStationCode,0,0,0,1
http://dbpedia.org/property/structure,http://dbpedia.org/ontology/stationStructure,0,0,0,1
http://dbpedia.org/property/state,http://dbpedia.org/ontology/location,0,0,0,1
http://dbpedia.org/property/namerom,http://xmlns.com/foaf/0.1/name,0,0,0,1
http://dbpedia.org/property/railcode,http://dbpedia.org/ontology/agencyStationCode,0,0,0,1
http://dbpedia.org/property/starting,http://dbpedia.org/ontology/openingYear,0,0,0,1
http://dbpedia.org/property/type,http://dbpedia.org/ontology/type,0,0,0,1
http://dbpedia.org/property/statsy,http://dbpedia.org/ontology/passengersPerYear,0,0,0,1
http://dbpedia.org/property/oldname,http://dbpedia.org/ontology/formerName,0,0,0,1
http://dbpedia.org/property/gridref,http://dbpedia.org/ontology/gridReference,0,0,0,1
http://dbpedia.org/property/stationscode,http://dbpedia.org/ontology/agencyStationCode,0,0,0,1
http://dbpedia.org/property/passengers,http://dbpedia.org/ontology/passengersPerYear,0,0,0,1
http://dbpedia.org/property/platform,http://dbpedia.org/ontology/railwayPlatforms,0,0,0,1
http://dbpedia.org/property/postal,http://dbpedia.org/ontology/postalCode,0,0,0,1
http://dbpedia.org/property/altName,http://dbpedia.org/ontology/alias,0,0,0,1
http://dbpedia.org/property/othername,http://dbpedia.org/ontology/alias,0,0,0,1
http://dbpedia.org/property/disabled,http://dbpedia.org/ontology/isHandicappedAccessible,0,0,0,1
http://dbpedia.org/property/elevation,http://dbpedia.org/ontology/elevation,0,0,0,1
http://dbpedia.org/property/former,http://dbpedia.org/ontology/formerName,0,0,0,1
http://dbpedia.org/property/manager2,http://dbpedia.org/ontology/operatedBy,0,0,0,1
http://dbpedia.org/property/rebuilt,http://dbpedia.org/ontology/rebuildingYear,0,0,0,1
http://dbpedia.org/property/manager1,http://dbpedia.org/ontology/operatedBy,0,0,0,1
http://dbpedia.org/property/access,http://dbpedia.org/ontology/isHandicappedAccessible,0,0,0,1
http://dbpedia.org/property/years1,http://dbpedia.org/ontology/openingDate,0,0,0,1
http://dbpedia.org/property/open,http://dbpedia.org/ontology/openingYear,0,0,0,1
http://dbpedia.org/property/line,http://dbpedia.org/ontology/servingRailwayLine,0,0,0,1
http://dbpedia.org/property/city,http://dbpedia.org/ontology/location,0,0,0,1
http://dbpedia.org/property/depth,http://dbpedia.org/ontology/depth,0,0,0,1
http://dbpedia.org/property/bicycle,http://dbpedia.org/ontology/bicycleInformation,0,0,0,1
http://dbpedia.org/property/company,http://dbpedia.org/ontology/operatedBy,0,0,0,1
http://dbpedia.org/property/parking,http://dbpedia.org/ontology/parkingInformation,0,0,0,1
http://dbpedia.org/property/facilities,http://xmlns.com/foaf/0.1/page,0,0,0,1
http://dbpedia.org/property/imageName,http://dbpedia.org/ontology/picture,0,0,0,1
http://dbpedia.org/property/stats,http://dbpedia.org/ontology/passengersPerDay,0,0,0,1
http://dbpedia.org/property/stationCode,http://dbpedia.org/ontology/agencyStationCode,0,0,0,1
http://dbpedia.org/property/suburb,http://dbpedia.org/ontology/location,0,0,0,1
http://dbpedia.org/property/other,http://dbpedia.org/ontology/otherServingLines,0,0,0,1
http://dbpedia.org/property/stationName,http://xmlns.com/foaf/0.1/name,0,0,0,1
http://dbpedia.org/property/iata,http://dbpedia.org/ontology/iataLocationIdentifier,0,0,0,1
http://dbpedia.org/property/owner,http://dbpedia.org/ontology/owner,0,0,0,1
http://dbpedia.org/property/ada,http://dbpedia.org/ontology/isHandicappedAccessible,0,0,0,1
http://dbpedia.org/property/prov,http://dbpedia.org/ontology/location,0,0,0,1
http://dbpedia.org/property/baggageCheck,http://dbpedia.org/ontology/canBaggageChecked,0,0,0,1
http://dbpedia.org/property/fareZone,http://dbpedia.org/ontology/fareZone,0,0,0,1
http://dbpedia.org/property/architect,http://dbpedia.org/ontology/architect,0,0,0,1
http://dbpedia.org/property/passSystem,http://dbpedia.org/ontology/passengersUsedSystem,0,0,0,1
http://dbpedia.org/property/locale,http://dbpedia.org/ontology/location,0,0,0,1
http://dbpedia.org/property/years,http://dbpedia.org/ontology/openingDate,0,0,0,1
http://dbpedia.org/property/otherName,http://dbpedia.org/ontology/alias,0,0,0,1
http://dbpedia.org/property/entirenamerom,http://xmlns.com/foaf/0.1/name,0,0,0,1
http://dbpedia.org/property/passYear,http://dbpedia.org/ontology/visitorStatisticsAsOf,0,0,0,1
http://dbpedia.org/property/owned,http://dbpedia.org/ontology/owningOrganisation,0,0,0,1
http://dbpedia.org/property/operator,http://dbpedia.org/ontology/operatedBy,0,0,0,1
http://dbpedia.org/property/district,http://dbpedia.org/ontology/location,0,0,0,1
http://dbpedia.org/property/street,http://dbpedia.org/ontology/address,0,0,0,1
http://dbpedia.org/property/closed,http://dbpedia.org/ontology/closingYear,0,0,0,1
http://dbpedia.org/property/zone,http://dbpedia.org/ontology/fareZone,0,0,0,1
http://dbpedia.org/property/passPercent,http://dbpedia.org/ontology/visitorsPercentageChange,0,0,0,1
http://dbpedia.org/property/tracks,http://dbpedia.org/ontology/numberOfTracks,0,0,0,1
http://dbpedia.org/property/opened,http://dbpedia.org/ontology/openingYear,0,0,0,1
http://dbpedia.org/property/name,http://xmlns.com/foaf/0.1/name,0,0,0,1
http://dbpedia.org/property/municipality,http://dbpedia.org/ontology/location,0,0,0,1
http://dbpedia.org/property/usage0910,http://dbpedia.org/ontology/passengersPerYear,0,0,0,1
http://dbpedia.org/property/lines,http://dbpedia.org/ontology/servingRailwayLine,0,0,0,1
http://dbpedia.org/property/smartcardname,http://dbpedia.org/ontology/availableSmartCard,0,0,0,1
http://dbpedia.org/property/operator2,http://dbpedia.org/ontology/operatedBy,0,0,0,1
http://dbpedia.org/property/electrified,http://dbpedia.org/ontology/yearOfElectrification,0,0,0,1
http://dbpedia.org/property/place,http://dbpedia.org/ontology/address,0,0,0,1
http://dbpedia.org/property/usage1011,http://dbpedia.org/ontology/passengersPerYear,0,0,0,1
http://dbpedia.org/property/ds100,http://dbpedia.org/ontology/abbreviation,0,0,0,1
http://dbpedia.org/property/image,http://dbpedia.org/ontology/picture,0,0,0,1
http://dbpedia.org/property/address,http://dbpedia.org/ontology/address,0,0,0,1
http://dbpedia.org/property/lowusage0910,http://dbpedia.org/ontology/passengersPerYear,0,0,0,1
http://dbpedia.org/property/levels,http://dbpedia.org/ontology/numberOfPlatformLevels,0,0,0,1
http://dbpedia.org/property/start,http://dbpedia.org/ontology/openingYear,0,0,0,1
http://dbpedia.org/property/borough,http://dbpedia.org/ontology/location,0,0,0,1
http://dbpedia.org/property/station,http://xmlns.com/foaf/0.1/name,0,0,0,1
