r1,r2,cov,conf,score
http://dbpedia.org/property/retired,http://dbpedia.org/ontology/activeYearsEndDate,0,0,0,1
http://dbpedia.org/property/nickname,http://xmlns.com/foaf/0.1/nick,0,0,0,1
http://dbpedia.org/property/height,http://dbpedia.org/ontology/height,0,0,0,1
http://dbpedia.org/property/country,http://dbpedia.org/ontology/country,0,0,0,1
http://dbpedia.org/property/birthDate,http://dbpedia.org/ontology/birthDate,0,0,0,1
http://dbpedia.org/property/playername,http://xmlns.com/foaf/0.1/name,0,0,0,1
http://dbpedia.org/property/turnedpro,http://dbpedia.org/ontology/activeYearsStartDate,0,0,0,1
http://dbpedia.org/property/plays,http://dbpedia.org/ontology/plays,0,0,0,1
http://dbpedia.org/property/weight,http://dbpedia.org/ontology/weight,0,0,0,1
http://dbpedia.org/property/residence,http://dbpedia.org/ontology/residence,0,0,0,1
http://dbpedia.org/property/deathDate,http://dbpedia.org/ontology/deathDate,0,0,0,1
http://dbpedia.org/property/careerprizemoney,http://dbpedia.org/ontology/careerPrizeMoney,0,0,0,1
http://dbpedia.org/property/deathPlace,http://dbpedia.org/ontology/deathPlace,0,0,0,1
http://dbpedia.org/property/birthPlace,http://dbpedia.org/ontology/birthPlace,0,0,0,1
