r1,r2,cov,conf,score
http://dbpedia.org/property/name,http://xmlns.com/foaf/0.1/name,0,0,0,1
http://dbpedia.org/property/yearsactive,http://dbpedia.org/ontology/genre,0,0,0,1
http://dbpedia.org/property/capacity,http://dbpedia.org/ontology/seatingCapacity,0,0,0,1
http://dbpedia.org/property/owner,http://dbpedia.org/ontology/owner,0,0,0,1
http://dbpedia.org/property/production,http://dbpedia.org/ontology/currentProduction,0,0,0,1
http://dbpedia.org/property/othernames,http://dbpedia.org/ontology/formerName,0,0,0,1
http://dbpedia.org/property/architect,http://dbpedia.org/ontology/architect,0,0,0,1
http://dbpedia.org/property/city,http://dbpedia.org/ontology/locationCity,0,0,0,1
http://dbpedia.org/property/website,http://xmlns.com/foaf/0.1/homepage,0,0,0,1
http://dbpedia.org/property/image,http://dbpedia.org/ontology/picture,0,0,0,1
http://dbpedia.org/property/type,http://dbpedia.org/ontology/type,0,0,0,1
http://dbpedia.org/property/country,http://dbpedia.org/ontology/locationCountry,0,0,0,1
http://dbpedia.org/property/reopened,http://dbpedia.org/ontology/reopeningYear,0,0,0,1
http://dbpedia.org/property/address,http://dbpedia.org/ontology/address,0,0,0,1
http://dbpedia.org/property/closed,http://dbpedia.org/ontology/closingYear,0,0,0,1
http://dbpedia.org/property/operator,http://dbpedia.org/ontology/operatedBy,0,0,0,1
http://dbpedia.org/property/tenant,http://dbpedia.org/ontology/tenant,0,0,0,1
http://dbpedia.org/property/demolished,http://dbpedia.org/ontology/demolitionYear,0,0,0,1
http://dbpedia.org/property/opened,http://dbpedia.org/ontology/openingYear,0,0,0,1
http://dbpedia.org/property/currentuse,http://dbpedia.org/ontology/currentlyUsedFor,0,0,0,1
http://dbpedia.org/property/rebuilt,http://dbpedia.org/ontology/rebuildingYear,0,0,0,1
