r1,r2,cov,conf,score
http://dbpedia.org/property/website,http://xmlns.com/foaf/0.1/homepage,0,0,0,1
http://dbpedia.org/property/neighboringMunicipalities,http://dbpedia.org/ontology/neighboringMunicipality,0,0,0,1
http://dbpedia.org/property/demonym,http://dbpedia.org/ontology/demonym,0,0,0,1
http://dbpedia.org/property/highestM,http://dbpedia.org/ontology/maximumElevation,0,0,0,1
http://dbpedia.org/property/municipalityCode,http://dbpedia.org/ontology/areaCode,0,0,0,1
http://dbpedia.org/property/postalCode,http://dbpedia.org/ontology/postalCode,0,0,0,1
http://dbpedia.org/property/populationof,http://dbpedia.org/ontology/populationAsOf,0,0,0,1
http://dbpedia.org/property/elevation,http://dbpedia.org/ontology/elevation,0,0,0,1
http://dbpedia.org/property/lowestM,http://dbpedia.org/ontology/minimumElevation,0,0,0,1
http://dbpedia.org/property/population,http://dbpedia.org/ontology/populationTotal,0,0,0,1
http://dbpedia.org/property/area,http://dbpedia.org/ontology/areaTotal,0,0,0,1
