r1,r2,cov,conf,score
http://dbpedia.org/property/waterway,http://dbpedia.org/ontology/waterwayThroughTunnel,0,0,0,1
http://dbpedia.org/property/construction,http://dbpedia.org/ontology/yearOfConstruction,0,0,0,1
http://dbpedia.org/property/toll,http://dbpedia.org/ontology/toll,0,0,0,1
http://dbpedia.org/property/owner,http://dbpedia.org/ontology/owner,0,0,0,1
http://dbpedia.org/property/stations,http://dbpedia.org/ontology/numberOfStations,0,0,0,1
http://dbpedia.org/property/linelength,http://dbpedia.org/ontology/lineLength,0,0,0,1
http://dbpedia.org/property/lanes,http://dbpedia.org/ontology/numberOfLanes,0,0,0,1
http://dbpedia.org/property/closed,http://dbpedia.org/ontology/closingYear,0,0,0,1
http://dbpedia.org/property/operator,http://dbpedia.org/ontology/operatedBy,0,0,0,1
http://dbpedia.org/property/location,http://dbpedia.org/ontology/location,0,0,0,1
http://dbpedia.org/property/gauge,http://dbpedia.org/ontology/railGauge,0,0,0,1
http://dbpedia.org/property/rebuilt,http://dbpedia.org/ontology/rebuildingYear,0,0,0,1
http://dbpedia.org/property/name,http://xmlns.com/foaf/0.1/name,0,0,0,1
http://dbpedia.org/property/height,http://dbpedia.org/ontology/height,0,0,0,1
http://dbpedia.org/property/engineer,http://dbpedia.org/ontology/architect,0,0,0,1
http://dbpedia.org/property/open,http://dbpedia.org/ontology/openingYear,0,0,0,1
http://dbpedia.org/property/line,http://dbpedia.org/ontology/railwayLineUsingTunnel,0,0,0,1
http://dbpedia.org/property/length,http://dbpedia.org/ontology/length,0,0,0,1
http://dbpedia.org/property/end,http://dbpedia.org/ontology/routeEndLocation,0,0,0,1
http://dbpedia.org/property/el,http://dbpedia.org/ontology/voltageOfElectrification,0,0,0,1
http://dbpedia.org/property/image,http://dbpedia.org/ontology/picture,0,0,0,1
http://dbpedia.org/property/status,http://dbpedia.org/ontology/status,0,0,0,1
http://dbpedia.org/property/start,http://dbpedia.org/ontology/routeStartLocation,0,0,0,1
http://dbpedia.org/property/speed,http://dbpedia.org/ontology/speedLimit,0,0,0,1
http://dbpedia.org/property/vpd,http://dbpedia.org/ontology/vehiclesPerDay,0,0,0,1
http://dbpedia.org/property/route,http://dbpedia.org/ontology/isPartOfRoute,0,0,0,1
http://dbpedia.org/property/notrack,http://dbpedia.org/ontology/numberOfTracks,0,0,0,1
http://dbpedia.org/property/tracklength,http://dbpedia.org/ontology/trackLength,0,0,0,1
http://dbpedia.org/property/width,http://dbpedia.org/ontology/width,0,0,0,1
