r1,r2,cov,conf,score
http://dbpedia.org/property/affiliation,http://dbpedia.org/ontology/affiliation,0,0,0,1
http://dbpedia.org/property/faculty,http://dbpedia.org/ontology/facultySize,0,0,0,1
http://dbpedia.org/property/province,http://dbpedia.org/ontology/province,0,0,0,1
http://dbpedia.org/property/president,http://dbpedia.org/ontology/president,0,0,0,1
http://dbpedia.org/property/postgrad,http://dbpedia.org/ontology/numberOfPostgraduateStudents,0,0,0,1
http://dbpedia.org/property/endowment,http://dbpedia.org/ontology/endowment,0,0,0,1
http://dbpedia.org/property/campus,http://dbpedia.org/ontology/campus,0,0,0,1
http://dbpedia.org/property/nativeName,http://xmlns.com/foaf/0.1/name,0,0,0,1
http://dbpedia.org/property/director,http://dbpedia.org/ontology/director,0,0,0,1
http://dbpedia.org/property/state,http://dbpedia.org/ontology/state,0,0,0,1
http://dbpedia.org/property/doctoral,http://dbpedia.org/ontology/numberOfDoctoralStudents,0,0,0,1
http://dbpedia.org/property/nickname,http://xmlns.com/foaf/0.1/nick,0,0,0,1
http://dbpedia.org/property/type,http://dbpedia.org/ontology/type,0,0,0,1
http://dbpedia.org/property/colours,http://dbpedia.org/ontology/officialSchoolColour,0,0,0,1
http://dbpedia.org/property/rector,http://dbpedia.org/ontology/rector,0,0,0,1
http://dbpedia.org/property/viceChancellor,http://dbpedia.org/ontology/viceChancellor,0,0,0,1
http://dbpedia.org/property/athletics,http://dbpedia.org/ontology/athletics,0,0,0,1
http://dbpedia.org/property/mottoeng,http://dbpedia.org/ontology/motto,0,0,0,1
http://dbpedia.org/property/officerInCharge,http://dbpedia.org/ontology/officerInCharge,0,0,0,1
http://dbpedia.org/property/formerNames,http://dbpedia.org/ontology/formerName,0,0,0,1
http://dbpedia.org/property/closed,http://dbpedia.org/ontology/closed,0,0,0,1
http://dbpedia.org/property/head,http://dbpedia.org/ontology/head,0,0,0,1
http://dbpedia.org/property/staff,http://dbpedia.org/ontology/staff,0,0,0,1
http://dbpedia.org/property/colors,http://dbpedia.org/ontology/officialSchoolColour,0,0,0,1
http://dbpedia.org/property/affiliations,http://dbpedia.org/ontology/affiliation,0,0,0,1
http://dbpedia.org/property/chancellor,http://dbpedia.org/ontology/chancellor,0,0,0,1
http://dbpedia.org/property/dean,http://dbpedia.org/ontology/dean,0,0,0,1
http://dbpedia.org/property/sports,http://dbpedia.org/ontology/sport,0,0,0,1
http://dbpedia.org/property/name,http://xmlns.com/foaf/0.1/name,0,0,0,1
http://dbpedia.org/property/mascot,http://dbpedia.org/ontology/mascot,0,0,0,1
http://dbpedia.org/property/principal,http://dbpedia.org/ontology/principal,0,0,0,1
http://dbpedia.org/property/motto,http://dbpedia.org/ontology/motto,0,0,0,1
http://dbpedia.org/property/latinName,http://xmlns.com/foaf/0.1/name,0,0,0,1
http://dbpedia.org/property/city,http://dbpedia.org/ontology/city,0,0,0,1
http://dbpedia.org/property/established,http://dbpedia.org/ontology/foundingDate,0,0,0,1
http://dbpedia.org/property/provost,http://dbpedia.org/ontology/provost,0,0,0,1
http://dbpedia.org/property/website,http://xmlns.com/foaf/0.1/homepage,0,0,0,1
http://dbpedia.org/property/country,http://dbpedia.org/ontology/country,0,0,0,1
http://dbpedia.org/property/vice-president,http://dbpedia.org/ontology/vicePresident,0,0,0,1
http://dbpedia.org/property/students,http://dbpedia.org/ontology/numberOfStudents,0,0,0,1
http://dbpedia.org/property/chairman,http://dbpedia.org/ontology/chairman,0,0,0,1
http://dbpedia.org/property/undergrad,http://dbpedia.org/ontology/numberOfUndergraduateStudents,0,0,0,1
http://dbpedia.org/property/other,http://dbpedia.org/ontology/other,0,0,0,1
http://dbpedia.org/property/superintendent,http://dbpedia.org/ontology/superintendent,0,0,0,1
