r1,r2,cov,conf,score
http://dbpedia.org/property/distributor,http://dbpedia.org/ontology/distributor,0,0,0,1
http://dbpedia.org/property/license,http://dbpedia.org/ontology/license,0,0,0,1
http://dbpedia.org/property/producer,http://dbpedia.org/ontology/producer,0,0,0,1
http://dbpedia.org/property/media,http://dbpedia.org/ontology/computingMedia,0,0,0,1
http://dbpedia.org/property/platforms,http://dbpedia.org/ontology/computingPlatform,0,0,0,1
http://dbpedia.org/property/input,http://dbpedia.org/ontology/computingInput,0,0,0,1
http://dbpedia.org/property/developer,http://dbpedia.org/ontology/developer,0,0,0,1
http://dbpedia.org/property/resolution,http://dbpedia.org/ontology/resolution,0,0,0,1
http://dbpedia.org/property/publisher,http://dbpedia.org/ontology/publisher,0,0,0,1
http://dbpedia.org/property/writer,http://dbpedia.org/ontology/writer,0,0,0,1
http://dbpedia.org/property/director,http://dbpedia.org/ontology/director,0,0,0,1
http://dbpedia.org/property/artist,http://dbpedia.org/ontology/gameArtist,0,0,0,1
http://dbpedia.org/property/genre,http://dbpedia.org/ontology/genre,0,0,0,1
http://dbpedia.org/property/requirements,http://dbpedia.org/ontology/requirement,0,0,0,1
http://dbpedia.org/property/aspectRatio,http://dbpedia.org/ontology/aspectRatio,0,0,0,1
http://dbpedia.org/property/cpu,http://dbpedia.org/ontology/cpu,0,0,0,1
http://dbpedia.org/property/series,http://dbpedia.org/ontology/series,0,0,0,1
http://dbpedia.org/property/engine,http://dbpedia.org/ontology/gameEngine,0,0,0,1
http://dbpedia.org/property/title,http://xmlns.com/foaf/0.1/name,0,0,0,1
http://dbpedia.org/property/version,http://dbpedia.org/ontology/latestReleaseVersion,0,0,0,1
http://dbpedia.org/property/released,http://dbpedia.org/ontology/releaseDate,0,0,0,1
http://dbpedia.org/property/composer,http://dbpedia.org/ontology/composer,0,0,0,1
http://dbpedia.org/property/designer,http://dbpedia.org/ontology/designer,0,0,0,1
