r1,r2,cov,conf,score
http://dbpedia.org/property/name,http://xmlns.com/foaf/0.1/name,0,0,0,1
http://dbpedia.org/property/height,http://dbpedia.org/ontology/height,0,0,0,1
http://dbpedia.org/property/retired,http://dbpedia.org/ontology/activeYearsEndYear,0,0,0,1
http://dbpedia.org/property/deathDate,http://dbpedia.org/ontology/deathDate,0,0,0,1
http://dbpedia.org/property/deathPlace,http://dbpedia.org/ontology/deathPlace,0,0,0,1
http://dbpedia.org/property/resides,http://dbpedia.org/ontology/residence,0,0,0,1
http://dbpedia.org/property/birthPlace,http://dbpedia.org/ontology/birthPlace,0,0,0,1
http://dbpedia.org/property/debut,http://dbpedia.org/ontology/debut,0,0,0,1
http://dbpedia.org/property/website,http://xmlns.com/foaf/0.1/homepage,0,0,0,1
http://dbpedia.org/property/birthDate,http://dbpedia.org/ontology/birthDate,0,0,0,1
http://dbpedia.org/property/billed,http://dbpedia.org/ontology/billed,0,0,0,1
http://dbpedia.org/property/realWeight,http://dbpedia.org/ontology/weight,0,0,0,1
http://dbpedia.org/property/names,http://xmlns.com/foaf/0.1/name,0,0,0,1
http://dbpedia.org/property/realHeight,http://dbpedia.org/ontology/height,0,0,0,1
http://dbpedia.org/property/weight,http://dbpedia.org/ontology/weight,0,0,0,1
http://dbpedia.org/property/trainer,http://dbpedia.org/ontology/trainer,0,0,0,1
