r1,r2,cov,conf,score
http://dbpedia.org/property/nextevent,http://dbpedia.org/ontology/followingEvent,0,0,0,1
http://dbpedia.org/property/date,http://dbpedia.org/ontology/date,0,0,0,1
http://dbpedia.org/property/brand,http://dbpedia.org/ontology/brand,0,0,0,1
http://dbpedia.org/property/name,http://xmlns.com/foaf/0.1/name,0,0,0,1
http://dbpedia.org/property/promotion,http://dbpedia.org/ontology/promotion,0,0,0,1
http://dbpedia.org/property/venue,http://dbpedia.org/ontology/location,0,0,0,1
http://dbpedia.org/property/city,http://dbpedia.org/ontology/location,0,0,0,1
http://dbpedia.org/property/lastevent,http://dbpedia.org/ontology/previousEvent,0,0,0,1
