r1,r2,cov,conf,score
http://dbpedia.org/property/subject,http://www.w3.org/2004/02/skos/core#subject,0,0,0,1
http://dbpedia.org/property/birthplace,http://dbpedia.org/ontology/birthPlace,0,0,0,1
http://dbpedia.org/property/ethnicity,http://dbpedia.org/ontology/ethnicity,0,0,0,1
http://dbpedia.org/property/awards,http://dbpedia.org/ontology/award,0,0,0,1
http://dbpedia.org/property/birthdate,http://dbpedia.org/ontology/birthDate,0,0,0,1
http://dbpedia.org/property/language,http://dbpedia.org/ontology/language,0,0,0,1
http://dbpedia.org/property/birthName,http://dbpedia.org/ontology/birthName,0,0,0,1
http://dbpedia.org/property/deathPlace,http://dbpedia.org/ontology/deathPlace,0,0,0,1
http://dbpedia.org/property/influences,http://dbpedia.org/ontology/influencedBy,0,0,0,1
http://dbpedia.org/property/birthPlace,http://dbpedia.org/ontology/birthPlace,0,0,0,1
http://dbpedia.org/property/citizenship,http://dbpedia.org/ontology/citizenship,0,0,0,1
http://dbpedia.org/property/birthDate,http://dbpedia.org/ontology/birthDate,0,0,0,1
http://dbpedia.org/property/deathplace,http://dbpedia.org/ontology/deathPlace,0,0,0,1
http://dbpedia.org/property/deathdate,http://dbpedia.org/ontology/deathDate,0,0,0,1
http://dbpedia.org/property/occupation,http://dbpedia.org/ontology/occupation,0,0,0,1
http://dbpedia.org/property/spouse,http://dbpedia.org/ontology/spouse,0,0,0,1
http://dbpedia.org/property/influenced,http://dbpedia.org/ontology/influenced,0,0,0,1
http://dbpedia.org/property/children,http://dbpedia.org/ontology/child,0,0,0,1
http://dbpedia.org/property/birthname,http://dbpedia.org/ontology/birthName,0,0,0,1
http://dbpedia.org/property/name,http://xmlns.com/foaf/0.1/name,0,0,0,1
http://dbpedia.org/property/penname,http://dbpedia.org/ontology/pseudonym,0,0,0,1
http://dbpedia.org/property/education,http://dbpedia.org/ontology/education,0,0,0,1
http://dbpedia.org/property/notableworks,http://dbpedia.org/ontology/notableWork,0,0,0,1
http://dbpedia.org/property/relatives,http://dbpedia.org/ontology/relative,0,0,0,1
http://dbpedia.org/property/nationality,http://dbpedia.org/ontology/nationality,0,0,0,1
http://dbpedia.org/property/deathDate,http://dbpedia.org/ontology/deathDate,0,0,0,1
http://dbpedia.org/property/movement,http://dbpedia.org/ontology/movement,0,0,0,1
http://dbpedia.org/property/website,http://xmlns.com/foaf/0.1/homepage,0,0,0,1
http://dbpedia.org/property/restingPlace,http://dbpedia.org/ontology/restingPlace,0,0,0,1
http://dbpedia.org/property/genre,http://dbpedia.org/ontology/genre,0,0,0,1
http://dbpedia.org/property/pseudonym,http://dbpedia.org/ontology/pseudonym,0,0,0,1
http://dbpedia.org/property/partner,http://dbpedia.org/ontology/partner,0,0,0,1
http://dbpedia.org/property/almaMater,http://dbpedia.org/ontology/almaMater,0,0,0,1
